"","MSOA11CD","x","y"
"0","E02000001",532482.70397679,181269.31001761
"1","E02000002",548312.91458741,189881.37858749
"2","E02000003",548454.92492797,188400.14988464
"3","E02000004",551008.97174505,186310.93443301
"4","E02000005",548667.08932557,186903.34361035
"5","E02000007",549648.73395136,186561.02964671
"6","E02000008",548139.57969899,185911.09392956
"7","E02000009",546964.94466092,185757.0908643
"8","E02000010",549064.2122595,185295.46680735
"9","E02000011",550508.53047781,185162.33794619
"10","E02000012",545635.97695222,184893.2913587
"11","E02000013",547277.30309629,184854.7214206
"12","E02000014",548785.42952737,184554.68900567
"13","E02000015",550075.96427871,184230.84704
"14","E02000016",544028.73785847,184316.86438025
"15","E02000017",544838.19671761,184459.67281042
"16","E02000018",546552.95317481,184299.07548344
"17","E02000019",548167.56025651,183256.82024311
"18","E02000020",546104.06800014,182741.58731433
"19","E02000021",549508.4285044,182827.51909432
"20","E02000022",544383.73853903,183516.51511
"21","E02000023",546653.19310591,183109.22469891
"22","E02000024",524414.92210849,197000.6960667
"23","E02000025",525971.15028401,196718.55847162
"24","E02000026",527682.62465203,195951.60092956
"25","E02000027",524409.51646242,195592.81894348
"26","E02000028",526170.78737492,195509.99633977
"27","E02000029",527246.06223603,195340.00350187
"28","E02000030",522735.98560909,194776.05461628
"29","E02000031",526484.42997651,194241.25281165
"30","E02000032",528839.22401761,194154.45394288
"31","E02000033",528235.72050032,193569.29988923
"32","E02000034",527071.74288378,193128.87048618
"33","E02000035",525825.97838877,193028.15717363
"34","E02000036",520325.71245515,193009.73297151
"35","E02000037",518863.64304028,193601.77583835
"36","E02000038",527828.31864547,192351.1445307
"37","E02000039",521813.1865169,192189.92322734
"38","E02000040",523480.99122777,192439.82731173
"39","E02000041",519703.36775084,191930.19402868
"40","E02000042",526260.06273563,191902.6302239
"41","E02000043",525158.67740254,192116.70312595
"42","E02000044",521003.18483509,191594.31666962
"43","E02000045",527904.28261854,191323.8342688
"44","E02000046",525550.3796172,190761.62888967
"45","E02000047",520442.47543683,190746.1359507
"46","E02000048",523468.78168076,190795.23002207
"47","E02000049",521558.01537243,190714.0611354
"48","E02000050",526728.06014986,190620.15290386
"49","E02000051",524820.40113502,189902.52961864
"50","E02000052",526944.04986212,189657.62275711
"51","E02000053",521558.11981809,189734.19416546
"52","E02000054",522609.44403521,189700.41962309
"53","E02000055",523148.27414305,189160.31079518
"54","E02000056",526353.0179357,188507.693355
"55","E02000057",523576.46244902,188625.03221367
"56","E02000058",525158.8686802,188671.71899188
"57","E02000059",521790.9884409,188097.11476608
"58","E02000060",524289.39381927,188205.27160008
"59","E02000061",525174.41289055,187210.61226957
"60","E02000062",523330.59850327,187125.60286211
"61","E02000063",524084.63133431,186769.30021111
"62","E02000064",524712.3522704,186135.61854766
"63","E02000065",548359.63059118,180392.31080806
"64","E02000066",548003.79830293,179327.71448443
"65","E02000067",549467.21219931,179400.2578783
"66","E02000068",550744.95646154,178869.20538162
"67","E02000069",550077.84182406,178179.78238975
"68","E02000070",548275.72774507,178001.26329429
"69","E02000071",549836.87915005,177250.61520377
"70","E02000072",552735.39606951,176997.23213031
"71","E02000073",547830.2483099,176924.93492394
"72","E02000074",551324.8584906,176679.43140425
"73","E02000075",549001.01978585,176628.15720749
"74","E02000077",546965.08867933,176423.8693729
"75","E02000078",550652.21294427,176282.71438748
"76","E02000079",548768.92923383,175474.63323215
"77","E02000080",546347.02220082,175493.49706171
"78","E02000081",550145.7052607,175235.88185639
"79","E02000082",545269.21234889,175362.71670175
"80","E02000083",551689.92569646,174881.30156014
"81","E02000084",547931.34398149,174782.98709955
"82","E02000085",546748.21561105,174274.59791707
"83","E02000086",545877.85674534,173784.07877333
"84","E02000087",549668.89890635,173548.17932109
"85","E02000088",547642.8787078,173205.94264298
"86","E02000089",545083.53172096,172914.6867341
"87","E02000090",545880.49853221,172226.27193791
"88","E02000091",546867.26144361,171710.93692316
"89","E02000092",548646.73296455,171466.81654443
"90","E02000093",519612.08604955,189691.19096337
"91","E02000094",520666.07628284,189156.51488665
"92","E02000095",519253.37606445,188678.36411633
"93","E02000096",517633.43519307,188209.92815392
"94","E02000097",520391.10372196,187860.62848779
"95","E02000098",518979.78067319,187545.85720499
"96","E02000099",517819.01999114,186969.37527822
"97","E02000100",516664.30265417,187131.27990046
"98","E02000101",520021.81716147,186701.08482247
"99","E02000102",521307.99393588,186729.28586308
"100","E02000103",522480.57047873,186449.00505247
"101","E02000104",518491.00337233,186231.99593146
"102","E02000105",517044.28602437,185874.19825977
"103","E02000106",521367.20046695,185741.60056647
"104","E02000107",523476.84228216,185579.70776798
"105","E02000108",516206.56430596,185582.78657116
"106","E02000109",519535.67880563,185521.98505413
"107","E02000110",522687.71671125,185288.84236803
"108","E02000111",517632.94886635,184997.32397241
"109","E02000112",518994.68146619,184864.25603855
"110","E02000113",520618.90727192,184950.02580866
"111","E02000114",522920.42426958,184585.86313422
"112","E02000115",524052.73914355,184647.69880034
"113","E02000116",522308.41523139,184323.29274588
"114","E02000117",521454.76624376,184324.77759546
"115","E02000118",518748.53665018,184135.06869497
"116","E02000119",520089.81301554,183435.28182895
"117","E02000120",524908.40415282,183896.79371987
"118","E02000121",517974.71858744,183750.70927302
"119","E02000122",523507.50592977,183925.83161293
"120","E02000123",521766.81940808,183391.83859979
"121","E02000124",524171.37567776,183322.34359221
"122","E02000125",522933.80480632,183203.07852989
"123","E02000126",525171.43138657,183118.7033886
"124","E02000127",541919.00786692,172435.2810784
"125","E02000128",544232.34083455,171416.16303986
"126","E02000130",535926.88692803,170683.39290665
"127","E02000131",534344.37207097,170694.22896549
"128","E02000132",537164.59019056,170313.62898773
"129","E02000133",543264.11412076,169902.21669682
"130","E02000134",540465.93221976,170058.88711736
"131","E02000135",534848.40203144,169849.71815177
"132","E02000136",545446.90923442,169711.42773526
"133","E02000137",539003.75476947,169491.45162773
"134","E02000138",537937.33155445,169329.89578635
"135","E02000139",536196.67129885,169577.07597283
"136","E02000140",546774.65976521,169414.48123188
"137","E02000141",535176.3339599,169137.65113687
"138","E02000142",541532.87550037,169279.18309768
"139","E02000144",540227.08298219,168607.94663651
"140","E02000145",548661.28106783,168148.73991764
"141","E02000146",541542.33265562,168081.02218451
"142","E02000147",539016.69176766,168012.75963689
"143","E02000148",543508.57497721,167951.57968669
"144","E02000149",546404.60958289,167822.01822282
"145","E02000150",537255.31419584,167440.0135862
"146","E02000151",544765.22663194,167289.38557959
"147","E02000152",542628.06157693,166982.96623087
"148","E02000153",540116.99010357,166903.47612756
"149","E02000154",545894.38915385,166567.2671093
"150","E02000155",547213.23394585,166496.08257323
"151","E02000156",538386.38832026,166045.64691033
"152","E02000157",544507.43729964,165829.01507128
"153","E02000158",547274.94650677,165451.34945969
"154","E02000159",542235.13217105,164793.24034723
"155","E02000160",540100.93299079,164867.36195048
"156","E02000161",545832.76320162,164818.51769377
"157","E02000162",544372.21893215,162660.17675848
"158","E02000163",547432.70577902,163305.41449171
"159","E02000165",540757.606845,159154.49080248
"160","E02000166",527912.72575921,186726.43697889
"161","E02000167",526612.69416234,186335.34393717
"162","E02000168",528884.74707343,185690.04533483
"163","E02000169",525825.29160665,185771.05178196
"164","E02000170",524797.81845955,185450.56131175
"165","E02000171",527754.02271279,185353.54408524
"166","E02000172",528505.66719434,185068.69205972
"167","E02000173",526757.64006832,185085.62770801
"168","E02000174",529332.50415871,184940.83237242
"169","E02000175",525575.12127358,184916.50947009
"170","E02000176",527089.71100899,184765.40508142
"171","E02000177",528137.31254665,184603.29818131
"172","E02000178",524926.11784218,184635.24333717
"173","E02000179",527373.22966786,184462.07390663
"174","E02000180",529675.72211697,184479.315328
"175","E02000181",525803.51116242,184326.60886659
"176","E02000182",526923.52258812,184047.21938786
"177","E02000183",528206.16672059,183999.32710263
"178","E02000184",529358.07947153,183919.01855784
"179","E02000185",525770.01320832,183785.11544339
"180","E02000186",528792.83899238,183203.77117761
"181","E02000187",529890.12746778,183329.5052537
"182","E02000188",529192.76759954,182752.29481017
"183","E02000189",530621.87813127,182671.11795864
"184","E02000190",530235.01651551,182475.97749693
"185","E02000191",529550.42484395,182038.35762328
"186","E02000192",531012.48816957,181974.94521769
"187","E02000193",530367.14957029,181625.48305817
"188","E02000194",533140.76978407,170249.52999787
"189","E02000195",531870.3069001,170263.27874298
"190","E02000196",531169.20842673,169564.06856164
"191","E02000197",530505.26497431,169151.92110353
"192","E02000198",532346.04373859,169161.73574721
"193","E02000199",532878.68942166,168850.69601527
"194","E02000200",533689.55313259,168871.79733322
"195","E02000201",534378.83569426,168516.55583396
"196","E02000202",531523.24514285,168372.53445298
"197","E02000203",532432.0907993,168141.10913215
"198","E02000204",530963.4508989,167850.98098105
"199","E02000206",533048.68688816,167487.56207432
"200","E02000207",534618.68044323,167263.45337082
"201","E02000208",531847.44854851,167193.06636053
"202","E02000209",530574.11754506,167010.5181227
"203","E02000210",533838.24228945,166841.87208521
"204","E02000211",536016.12836186,166715.4118883
"205","E02000212",531119.21372067,166259.08775643
"206","E02000213",532341.18025902,166429.02505827
"207","E02000214",534700.00520207,166276.37893408
"208","E02000215",533465.9325211,166151.93417497
"209","E02000216",533911.16017737,165134.59776925
"210","E02000217",531600.60978899,165406.78101128
"211","E02000218",537189.13037962,165416.68471595
"212","E02000219",536050.29227377,164717.87062184
"213","E02000220",532633.02448206,165008.56435857
"214","E02000221",531517.84353451,163893.83851803
"215","E02000222",533355.43903214,163849.18012192
"216","E02000223",537939.18754639,163527.3811625
"217","E02000224",532457.87105524,162826.31579654
"218","E02000225",538444.91442123,162846.11418183
"219","E02000226",534727.7970535,163050.35427322
"220","E02000227",536837.1569008,162597.56654686
"221","E02000228",533510.40064431,161892.41907856
"222","E02000229",538929.9249387,161702.70220282
"223","E02000230",531591.73013701,161727.93976355
"224","E02000231",530011.76786602,161128.02629114
"225","E02000232",535028.05941459,160753.18634575
"226","E02000233",531908.23279456,160010.45038734
"227","E02000234",530621.09977988,159645.29564932
"228","E02000235",532901.02667145,159360.42424098
"229","E02000236",529297.57940834,158415.20404184
"230","E02000237",531288.49438887,157493.75344574
"231","E02000238",514638.42793116,185127.5411174
"232","E02000239",516115.2866318,184605.83535611
"233","E02000240",512811.11718995,184719.80308053
"234","E02000241",513513.62542917,184311.71226377
"235","E02000242",517115.12498115,183641.45326948
"236","E02000243",514849.87196509,183450.80427179
"237","E02000244",516404.14289233,183154.453084
"238","E02000245",512126.56121274,183472.97927447
"239","E02000246",511049.55706717,183260.90952536
"240","E02000247",513270.06565217,183043.20299919
"241","E02000248",518590.90781487,182584.16483064
"242","E02000249",514313.55285466,182267.50494082
"243","E02000250",517447.35662293,182241.33733504
"244","E02000251",513649.34920782,182086.21500216
"245","E02000252",520555.72087631,182146.41818935
"246","E02000253",515509.17585577,181806.61629978
"247","E02000254",512942.90019319,181530.97467597
"248","E02000255",516337.16249029,181673.87497406
"249","E02000256",517058.99267211,181147.14189627
"250","E02000257",518376.05080945,181199.95877332
"251","E02000258",519881.62225428,181178.81763288
"252","E02000259",515086.66573729,181133.56770784
"253","E02000260",513080.9397966,180523.11394145
"254","E02000261",521268.56004289,180601.51988997
"255","E02000262",520204.78747809,180382.54143457
"256","E02000263",512057.90652828,180172.58488573
"257","E02000264",519074.2165636,180243.02335027
"258","E02000265",516301.8924568,180205.88360404
"259","E02000266",514141.20426835,179943.46920796
"260","E02000267",515426.29696308,179966.50377795
"261","E02000268",517989.18085167,179833.51491107
"262","E02000269",517110.55651256,179801.11534381
"263","E02000270",519923.48956196,179634.95129819
"264","E02000271",521011.23205158,179495.38811106
"265","E02000272",516060.91539681,179218.49134182
"266","E02000274",511774.1241108,179137.28204879
"267","E02000275",513076.3105433,178919.3362528
"268","E02000276",517372.00265648,178870.16331657
"269","E02000277",535921.8771306,199517.21598818
"270","E02000278",535206.24775073,199136.98927614
"271","E02000279",536951.61801717,198922.90385244
"272","E02000280",531091.35844622,199397.06622819
"273","E02000281",533925.79866757,198199.68390316
"274","E02000282",535241.10081459,197988.95947601
"275","E02000283",535974.53946577,197580.76516829
"276","E02000284",532413.28989188,197317.23659456
"277","E02000285",533403.88274304,197304.0094746
"278","E02000286",531456.91487156,197407.07746364
"279","E02000287",527839.91680338,197706.08466722
"280","E02000288",534907.96564211,196514.08883286
"281","E02000289",530453.03090934,196695.97194505
"282","E02000290",536755.50338555,196474.423157
"283","E02000291",533372.0543819,195893.0135964
"284","E02000292",534157.48924568,195876.45781637
"285","E02000293",531995.85653082,195636.30692033
"286","E02000294",535892.194958,194996.58279511
"287","E02000295",530229.21603114,195071.93037732
"288","E02000296",529285.63297295,195314.42231236
"289","E02000297",532971.79642791,194719.28502725
"290","E02000298",531267.35968937,194431.85053427
"291","E02000299",534841.17877947,194376.00746654
"292","E02000300",533985.49714401,194283.97913999
"293","E02000301",536029.16981723,193846.83420222
"294","E02000302",532201.0924197,193546.90257336
"295","E02000303",533684.24438574,193310.65373282
"296","E02000304",529978.56358335,193260.25366928
"297","E02000305",531134.49474636,193207.5400119
"298","E02000306",535237.50527773,192871.87400528
"299","E02000307",532799.22884213,192998.99680733
"300","E02000308",529282.70310849,192382.76093059
"301","E02000309",534979.27415368,192087.29726402
"302","E02000311",531933.26184282,192166.16237129
"303","E02000312",530580.73629095,192211.5184621
"304","E02000313",546863.72718518,180293.13827557
"305","E02000314",545740.48023671,180154.63991865
"306","E02000315",546779.29533601,179322.17792877
"307","E02000316",542623.14868889,179028.66405779
"308","E02000317",542504.63700368,178648.02822749
"309","E02000318",545590.98476474,178670.6674652
"310","E02000319",544771.52999439,178668.84506036
"311","E02000320",546898.85059479,178203.17971997
"312","E02000321",544343.38175026,178406.66301238
"313","E02000323",543855.5075078,178141.59256713
"314","E02000324",541761.97826643,177896.06471002
"315","E02000326",540859.5000061,177806.48299712
"316","E02000327",542957.2333577,177635.35177466
"317","E02000328",539930.59047555,177619.1281963
"318","E02000329",544789.41888347,176787.85960186
"319","E02000331",541721.51849838,177052.38406241
"320","E02000332",543739.36841264,176732.3115692
"321","E02000333",540310.24288696,176591.71288698
"322","E02000334",541730.6560207,176356.21489807
"323","E02000335",543456.1948794,175667.96752569
"324","E02000337",541978.47292954,175262.99607443
"325","E02000339",543119.93043327,174968.48424033
"326","E02000340",543596.85169728,174128.65096037
"327","E02000341",541520.80503907,173942.83399974
"328","E02000342",544540.3181266,173717.75664995
"329","E02000343",542808.45184677,172615.80951668
"330","E02000344",543711.41844179,172433.1390372
"331","E02000345",533931.25610221,187874.31741107
"332","E02000346",532379.8851251,187512.80276678
"333","E02000347",533029.52712005,187456.19268091
"334","E02000348",534075.84855723,187456.70759745
"335","E02000350",534063.31434684,186770.69127873
"336","E02000351",531990.92088675,186778.57884337
"337","E02000352",532809.43462374,186602.11417835
"338","E02000353",533498.33074994,186459.74638768
"339","E02000354",534512.21961983,185979.97512974
"340","E02000355",535241.62494266,186015.40086216
"341","E02000356",532850.52484526,185838.76684992
"342","E02000357",536526.58054239,185998.38194099
"343","E02000358",533517.78111391,185684.82546019
"344","E02000359",535924.15453754,185526.40001884
"345","E02000360",534311.34691376,185328.69298049
"346","E02000361",534970.96342303,184979.68978082
"347","E02000362",536849.50086697,184994.44083044
"348","E02000363",535531.70573976,184909.82503052
"349","E02000364",534145.44576929,184616.07084281
"350","E02000365",533486.13580712,184478.59387115
"351","E02000366",535740.53537031,184230.24033915
"352","E02000367",534916.30125826,183984.77044462
"353","E02000368",534123.54853218,183643.63399577
"354","E02000369",533303.53347859,183647.63737
"355","E02000370",532576.77650278,183227.22149549
"356","E02000371",533180.88237316,182696.59037209
"357","E02000372",522362.44593881,181818.58656593
"358","E02000373",522580.95448222,180719.77141121
"359","E02000374",522111.0886031,180474.17836817
"360","E02000375",523324.62753058,180258.09721285
"361","E02000376",522918.81410798,179823.92161307
"362","E02000377",522253.5369526,179767.21964989
"363","E02000378",523603.29998403,179581.11669793
"364","E02000379",521849.43815013,179373.84881665
"365","E02000380",522925.09173394,179203.18287798
"366","E02000381",523752.35152286,179115.81010822
"367","E02000382",522333.23771767,178710.13048741
"368","E02000383",524294.22957598,178685.56066067
"369","E02000384",523209.74411699,178531.3392447
"370","E02000385",524232.93568344,178108.51668378
"371","E02000386",524815.90506229,178017.12963393
"372","E02000387",523987.27374456,177749.78119129
"373","E02000388",525193.40646096,177561.05059148
"374","E02000389",523603.14969658,177312.60033764
"375","E02000390",524423.66248118,177267.39607471
"376","E02000391",525588.09591642,176898.89984079
"377","E02000392",524892.59107703,176795.29820709
"378","E02000393",524204.84426821,176839.41820457
"379","E02000394",526114.47690563,176454.71150683
"380","E02000395",524484.7403277,176104.69087826
"381","E02000396",525519.4031842,176001.08311116
"382","E02000397",530499.77090961,191315.08668584
"383","E02000398",534834.31897895,191281.9918014
"384","E02000400",529598.95875116,191244.4204387
"385","E02000401",532330.99815796,191204.76951174
"386","E02000402",533071.33764844,191122.67422168
"387","E02000403",531121.47016624,191059.02858344
"388","E02000404",531704.44231159,190877.68867605
"389","E02000405",529571.70313441,190367.26132752
"390","E02000406",531686.99930221,190310.38134944
"391","E02000407",533545.99912462,190231.18041818
"392","E02000408",534058.13524473,190250.18654953
"393","E02000409",532612.67117732,190100.61853444
"394","E02000410",528618.51349457,190089.6221667
"395","E02000411",534671.26852444,190038.34169169
"396","E02000412",531006.33031308,189967.16323934
"397","E02000413",527904.43229457,189960.63505236
"398","E02000414",533162.5183658,189764.8569108
"399","E02000415",532099.14553473,189671.88764614
"400","E02000416",530433.56679537,189350.76711545
"401","E02000417",528886.60470429,189166.16674338
"402","E02000418",529682.23590759,189151.44108612
"403","E02000419",531407.54810247,189134.7789415
"404","E02000420",533192.14390349,189162.66627192
"405","E02000421",533954.09161266,189116.25025115
"406","E02000422",532714.15257642,188827.26968026
"407","E02000423",532113.8607564,188693.88930007
"408","E02000424",530779.85461291,188605.15750628
"409","E02000425",533970.65278545,188449.17569923
"410","E02000426",527845.06798553,188262.85153275
"411","E02000427",531656.5712337,187882.84745002
"412","E02000428",532825.98664718,188208.07640894
"413","E02000429",529472.42640949,188228.17341803
"414","E02000430",530449.06386918,188124.90626198
"415","E02000431",528824.02618271,187669.7890855
"416","E02000432",531172.77983806,187645.25427988
"417","E02000433",516499.90237954,193256.34011706
"418","E02000434",518242.88768062,191764.06453018
"419","E02000435",516310.72139225,191677.5906969
"420","E02000436",513676.37344458,192126.34981688
"421","E02000437",515130.15926616,191124.70210431
"422","E02000438",513293.20877232,191016.69994482
"423","E02000439",519203.69108344,190907.64422022
"424","E02000440",517016.90241712,190918.29227669
"425","E02000441",511344.01244949,190881.77464753
"426","E02000442",518771.85571059,190375.96174692
"427","E02000443",515133.11781596,190274.28306779
"428","E02000444",517697.06648104,190148.20487835
"429","E02000445",515776.27127725,189819.16163461
"430","E02000447",513801.20252311,189944.85660555
"431","E02000448",512166.47672434,189626.95441994
"432","E02000449",518378.92186244,189344.91602
"433","E02000451",513147.74389066,189164.6076348
"434","E02000452",515221.97676254,189008.5623855
"435","E02000453",514333.29169928,188653.29524622
"436","E02000454",512000.37912421,188351.22403265
"437","E02000455",515741.63558031,188206.17985828
"438","E02000456",514157.57968748,187993.57520192
"439","E02000457",513149.32511034,187732.93413254
"440","E02000459",514319.19613381,186813.24149455
"441","E02000460",513189.77625145,186636.31435785
"442","E02000461",515414.4054776,186767.20220431
"443","E02000462",513804.82849481,185898.61323449
"444","E02000463",512808.97659182,185803.05979572
"445","E02000464",553999.99471242,193423.4756105
"446","E02000465",555355.70858717,192213.46554423
"447","E02000466",551347.46931298,192721.64967996
"448","E02000467",553774.37659835,191769.15190912
"449","E02000468",549403.64477916,192432.96517832
"450","E02000469",552847.21550262,191207.7771776
"451","E02000470",555881.23080288,190490.47817005
"452","E02000471",551403.06056353,190702.07435342
"453","E02000472",550417.66048112,190325.85600245
"454","E02000473",554655.77002913,189503.72242057
"455","E02000474",549768.71961962,189631.64413407
"456","E02000475",552795.58429332,189688.50360409
"457","E02000476",551317.90388906,188960.46584243
"458","E02000477",552964.82695688,188355.98929347
"459","E02000478",554760.11538573,188259.72725145
"460","E02000479",551967.82288318,187998.2938083
"461","E02000480",550059.14702054,188021.42477763
"462","E02000481",559066.60344417,186853.53334854
"463","E02000482",556494.35444423,187545.26517823
"464","E02000483",553900.70508795,187127.03734438
"465","E02000484",552366.81646588,186982.14099907
"466","E02000485",555221.96815157,186765.21560614
"467","E02000486",553238.00403522,186141.59908737
"468","E02000487",556512.32587794,184739.38061156
"469","E02000488",553667.59674608,185379.27099113
"470","E02000489",552341.91962692,184924.50028599
"471","E02000490",552339.37906459,183986.39751767
"472","E02000491",551091.63909909,182664.63927834
"473","E02000492",553490.94500978,181453.03688041
"474","E02000493",552723.26483622,182040.43101583
"475","E02000494",508285.88265686,190862.10628024
"476","E02000495",509608.75854194,190710.79300225
"477","E02000496",505638.50681451,189946.73988488
"478","E02000497",510306.31315003,189145.85525383
"479","E02000498",508191.15364136,188537.21044767
"480","E02000499",511296.69491327,187918.6605368
"481","E02000500",509455.21570526,187981.6885107
"482","E02000501",510991.25573187,186976.44899325
"483","E02000502",509130.87082113,185879.55713971
"484","E02000503",510548.67401991,186206.9422613
"485","E02000504",507477.51829413,186180.83777907
"486","E02000506",506406.14295792,185595.03317611
"487","E02000507",508607.33241626,184079.63065994
"488","E02000508",506163.72370496,183536.3410187
"489","E02000509",505153.20735088,183285.08902927
"490","E02000510",507076.29993831,182643.64405154
"491","E02000511",509286.54107433,182666.88953425
"492","E02000512",508105.30798749,182553.87535088
"493","E02000513",511066.16753745,182292.87440584
"494","E02000514",510270.93595383,181741.12800504
"495","E02000515",505575.27083587,181219.36262242
"496","E02000516",511972.99868956,181527.93060963
"497","E02000517",508525.18703015,181222.95169234
"498","E02000518",507056.93289272,180853.03115731
"499","E02000519",510669.44954217,180841.50950604
"500","E02000520",509517.34982431,180139.19129436
"501","E02000521",507633.97402176,179262.8352012
"502","E02000522",506090.26167573,179331.66251288
"503","E02000523",509486.31270336,178940.13880092
"504","E02000524",506657.48731841,176436.28120338
"505","E02000525",509416.33751832,177394.30517691
"506","E02000526",521534.50562726,178509.63342963
"507","E02000528",518431.90011281,178409.95047476
"508","E02000529",512846.59980051,177948.4083428
"509","E02000530",511214.18784153,178049.52927142
"510","E02000531",517133.0424668,177596.97901412
"511","E02000532",520904.75441517,177273.00105779
"512","E02000533",519886.20945717,177479.11118242
"513","E02000534",515222.91612686,177899.24468591
"514","E02000535",511867.40895914,177035.83007333
"515","E02000536",513069.40697625,176715.95294479
"516","E02000537",514254.96985382,176993.98174587
"517","E02000538",510808.55392046,176160.23963095
"518","E02000539",516079.02788384,176209.34666956
"519","E02000540",514759.42545961,175989.32281901
"520","E02000541",511829.03779664,175852.39491797
"521","E02000542",512848.37122644,175717.95459007
"522","E02000543",513701.46630779,175290.08197251
"523","E02000544",514786.69984457,175037.35365813
"524","E02000545",516052.87042887,175093.62873982
"525","E02000546",512289.10946675,174517.03338618
"526","E02000547",510016.64369096,174591.3926706
"527","E02000548",508291.23002422,173289.66162921
"528","E02000549",511279.7292421,173404.88345301
"529","E02000550",510023.54211854,172961.0718911
"530","E02000551",512062.11197717,172334.16865101
"531","E02000552",509413.85820869,172069.8613231
"532","E02000553",511424.77275626,171260.66334425
"533","E02000554",530218.39416603,187433.42633759
"534","E02000555",529622.47050067,187203.08976804
"535","E02000556",530560.57985354,186921.93366543
"536","E02000557",529276.73113828,186620.00494643
"537","E02000558",531010.87249536,186444.48314125
"538","E02000559",531655.15786206,186234.02057702
"539","E02000560",530590.13457868,186133.28083915
"540","E02000561",529696.56914049,186039.73558261
"541","E02000562",532085.09917326,185658.68897115
"542","E02000563",529990.12690028,185508.93757905
"543","E02000564",530893.10178022,185447.4746922
"544","E02000565",532879.52264458,185215.09408542
"545","E02000566",531493.39297403,185063.47132228
"546","E02000567",532641.0306883,184693.81593408
"547","E02000568",530448.62814667,184601.76009215
"548","E02000569",531998.13380737,184443.42236989
"549","E02000570",531156.14113569,184114.62855618
"550","E02000571",532308.30135094,183834.66434303
"551","E02000572",530697.25876351,183607.73912003
"552","E02000573",531667.36971897,183447.00056155
"553","E02000574",530953.61052412,183055.09094564
"554","E02000575",531606.97325817,182381.68522466
"555","E02000576",532460.79328294,182360.6617892
"556","E02000577",523989.73525499,182187.24321843
"557","E02000578",523620.90299048,181919.68517988
"558","E02000579",523659.15873559,181379.6211671
"559","E02000580",524598.79986231,181343.79296048
"560","E02000581",523997.82573836,180757.56437831
"561","E02000582",525058.18853325,180708.24268507
"562","E02000583",524368.26286068,180532.47138634
"563","E02000584",525459.19914989,180069.05559543
"564","E02000585",524511.48063659,179636.06047779
"565","E02000586",526050.432889,179353.51161842
"566","E02000587",525230.84658206,179214.21732151
"567","E02000588",527640.12208281,179109.9181945
"568","E02000589",525781.34367248,178843.09130625
"569","E02000590",527202.17837943,178741.99710197
"570","E02000591",525090.59520883,178662.25538729
"571","E02000592",526492.1372249,178689.81648372
"572","E02000593",525693.78864078,178183.94629853
"573","E02000594",527833.22883049,178091.18309983
"574","E02000595",526959.99352853,177990.47698184
"575","E02000596",526190.05887733,177884.45367153
"576","E02000597",526382.10179645,177326.76700044
"577","E02000598",518227.33791308,171042.64579255
"578","E02000599",520915.38907325,170596.80802013
"579","E02000600",519471.10169351,170151.75650922
"580","E02000601",518373.87059835,170045.5782215
"581","E02000602",518868.07112693,169097.65727823
"582","E02000603",519963.91725905,168873.84894951
"583","E02000604",521583.51603977,168629.42392911
"584","E02000605",520664.2984486,168322.83665952
"585","E02000606",518109.91260318,168510.2469826
"586","E02000607",519195.08924022,168007.37780232
"587","E02000608",517879.35182402,167394.18371935
"588","E02000609",521112.4813983,167118.61270921
"589","E02000610",518281.41260641,166826.16337051
"590","E02000611",519788.92618322,166900.94315827
"591","E02000612",521886.26136352,166779.91757641
"592","E02000613",518433.67646002,166023.54539846
"593","E02000614",519842.60541552,165512.37241869
"594","E02000615",518166.319411,164892.39247113
"595","E02000616",518898.34170264,163920.6303162
"596","E02000617",517480.89715635,162284.73509696
"597","E02000619",531171.44198799,178755.41853141
"598","E02000620",530945.7320272,178266.39302958
"599","E02000621",530409.5863451,177530.69662533
"600","E02000622",531359.92888115,177378.95221276
"601","E02000623",530285.1823016,176958.49049487
"602","E02000624",531167.25406548,176790.88771939
"603","E02000625",529950.1679838,176433.8295859
"604","E02000626",531763.46406566,176280.58747082
"605","E02000627",530523.94414685,176036.85276999
"606","E02000628",531214.11357868,175868.51152856
"607","E02000629",529697.12276956,175892.45957035
"608","E02000630",528975.79057905,175622.70428811
"609","E02000631",532286.54346366,175556.26864165
"610","E02000632",530335.49433526,175265.38442833
"611","E02000633",531000.81924827,175093.57125203
"612","E02000634",529720.0273255,175053.34285455
"613","E02000635",531649.96403731,174568.2512626
"614","E02000636",529241.43864104,174631.57350833
"615","E02000637",530850.17312464,174284.9864827
"616","E02000638",530422.35560259,173988.08809239
"617","E02000639",530045.54245566,173724.70020363
"618","E02000640",529423.97868804,173569.06789822
"619","E02000641",531144.64394031,173458.38526566
"620","E02000642",532107.1036263,173252.35669737
"621","E02000643",530317.72566216,172827.69501023
"622","E02000644",531211.75319491,172484.12584851
"623","E02000645",532164.72338238,172235.30285259
"624","E02000646",530009.85428685,172255.72485344
"625","E02000647",531228.25997977,171569.63727918
"626","E02000648",532214.29793232,171404.7062009
"627","E02000649",530056.65216337,171352.18541239
"628","E02000650",533018.23066845,171198.99652217
"629","E02000651",530411.22558587,170569.04728225
"630","E02000652",529580.73620963,170092.85454178
"631","E02000653",536182.60753085,178517.20009288
"632","E02000654",536703.40833084,177940.51476567
"633","E02000655",535705.67574672,177552.24446626
"634","E02000657",536747.23109243,176556.22845645
"635","E02000658",535740.05736323,176545.61816309
"636","E02000659",538620.02202668,176123.46085265
"637","E02000660",537093.82468216,176047.89428964
"638","E02000661",539470.44343555,176060.28952924
"639","E02000662",536121.03229864,175638.93309972
"640","E02000663",537530.30770917,175557.60857924
"641","E02000664",538203.03361518,175226.77164645
"642","E02000665",539311.78523292,174872.32069269
"643","E02000666",537092.54421496,174929.29361177
"644","E02000667",536613.38921684,174499.45724194
"645","E02000668",539746.68500317,174245.08501616
"646","E02000669",538781.78027719,174130.35429844
"647","E02000670",538210.17789596,173825.86996488
"648","E02000671",536212.42717631,173758.20946487
"649","E02000672",537350.00798165,173697.94359063
"650","E02000673",535195.89607495,173523.00530474
"651","E02000674",538963.69182289,173249.64354109
"652","E02000675",540364.2780555,173177.54723231
"653","E02000676",536179.25245386,172982.77621739
"654","E02000677",538146.33706339,172859.79461067
"655","E02000678",539712.55498431,172626.56107921
"656","E02000679",535906.36935927,172358.80243047
"657","E02000680",534877.11154845,172447.15854295
"658","E02000681",537095.53419112,172393.96913512
"659","E02000682",538634.48822522,172140.57173837
"660","E02000683",541276.76619202,172013.75316933
"661","E02000685",534751.51784712,171754.76407798
"662","E02000686",537631.89317876,171188.57995005
"663","E02000687",535744.04200086,171450.83275721
"664","E02000689",525394.64753717,172039.65118685
"665","E02000690",523069.43695293,171418.89057495
"666","E02000691",525333.40344548,171054.06280881
"667","E02000692",524245.59059144,170693.59407674
"668","E02000693",526801.62466952,170502.56912774
"669","E02000694",526049.3909934,170522.96440651
"670","E02000695",528554.64405303,170257.44581827
"671","E02000696",527465.06012082,170088.90582519
"672","E02000697",525390.58115042,169948.97692262
"673","E02000698",522661.52183543,169811.75535019
"674","E02000699",524249.81928374,169608.56204883
"675","E02000700",526468.80180033,169450.11686039
"676","E02000701",528038.46754099,169470.59711075
"677","E02000702",528805.74058104,168776.85135956
"678","E02000703",525198.95062305,169086.37931309
"679","E02000704",523236.10661629,168943.03425957
"680","E02000705",529491.71780685,169043.02579023
"681","E02000706",527297.42504074,168989.30326089
"682","E02000707",529929.09335056,168160.26485084
"683","E02000708",522861.26520321,167954.96895575
"684","E02000709",524307.72468818,168040.00592533
"685","E02000710",527717.72867463,167876.99407351
"686","E02000711",525907.42049763,168095.63544474
"687","E02000712",525395.16897212,167284.46344444
"688","E02000713",523823.60757843,166884.46890599
"689","E02000714",540356.29089621,185666.22036615
"690","E02000715",542947.83337697,185723.73030485
"691","E02000716",541979.57153779,186010.40034236
"692","E02000717",542211.52925961,185425.78832002
"693","E02000718",543152.10641949,185307.9334159
"694","E02000719",539710.40964466,185294.22730362
"695","E02000720",541064.29946709,185311.20864757
"696","E02000721",540630.3464744,184831.99360658
"697","E02000722",539682.21470607,184714.70440594
"698","E02000723",542367.16070575,184648.86845041
"699","E02000724",541764.00882375,184652.17510151
"700","E02000725",538983.01702724,184530.04836744
"701","E02000726",538232.06647498,184174.38675699
"702","E02000727",541354.74732066,184258.08714875
"703","E02000728",543042.10455865,184341.30545317
"704","E02000729",540129.95379845,184105.14236833
"705","E02000730",540804.05933447,184081.9370668
"706","E02000731",542361.07250275,183721.71877945
"707","E02000732",541739.7188985,183649.46854259
"708","E02000733",539355.84672596,183611.63794873
"709","E02000734",540040.70755986,183548.88169111
"710","E02000735",540946.22476425,183348.96580791
"711","E02000736",543513.93869387,183257.91658643
"712","E02000737",542698.22511335,183071.85977566
"713","E02000738",541820.36529476,183022.30362988
"714","E02000739",540539.21260541,182858.76220672
"715","E02000740",539363.08713719,182650.81464315
"716","E02000741",541233.53416439,182503.04647515
"717","E02000742",542410.66854612,182379.46330215
"718","E02000743",539960.01990519,182131.94442065
"719","E02000744",540648.89857084,181964.44502242
"720","E02000745",541857.95829254,181770.31724884
"721","E02000746",544107.75852833,181811.89077365
"722","E02000747",539612.49379376,181343.79017208
"723","E02000748",542498.29102637,181153.94082623
"724","E02000749",541047.53636575,181102.97293107
"725","E02000750",542139.88731422,180208.21448381
"726","E02000751",540416.39273224,192643.34372462
"727","E02000752",547537.61804547,192329.34565645
"728","E02000753",545514.46593896,192235.26977817
"729","E02000754",541504.06591526,192097.35343008
"730","E02000755",542185.88489882,191592.84377867
"731","E02000756",544437.66777485,191118.24446655
"732","E02000757",540141.20254039,190676.88623943
"733","E02000758",542802.82048072,190503.05078555
"734","E02000759",541240.15842476,190326.41471295
"735","E02000760",543881.27380377,190213.4562826
"736","E02000762",543225.90694093,189089.0801305
"737","E02000763",546408.54359037,190182.80231494
"738","E02000764",540138.18649103,189084.66543497
"739","E02000765",543644.62697227,188829.93509003
"740","E02000767",544340.87298245,188791.34922257
"741","E02000768",541088.43828725,188307.70869185
"742","E02000769",547250.72343661,188403.81704711
"743","E02000770",545387.01628372,188109.87994615
"744","E02000772",546449.04284867,188125.27388237
"745","E02000773",544402.74114888,187655.03420341
"746","E02000774",545631.07274707,187559.49798174
"747","E02000776",543971.64388267,187196.47877623
"748","E02000777",540939.71336245,186865.6050783
"749","E02000779",543171.47857435,186744.93516611
"750","E02000780",544378.54985356,186286.2499102
"751","E02000781",545484.59235794,186007.30157061
"752","E02000782",543686.68724504,185715.39707337
"753","E02000783",544268.32307348,185218.02424333
"754","E02000784",522498.99752673,177097.40508499
"755","E02000785",518270.54159268,176342.29180688
"756","E02000786",521650.87094826,175893.90268626
"757","E02000787",519379.66293521,175969.30876714
"758","E02000788",520494.0186255,175334.24886163
"759","E02000789",519043.69480064,174485.81019817
"760","E02000790",516713.81785086,174638.28481302
"761","E02000791",518089.69879926,174526.76504631
"762","E02000792",517255.82049883,173959.58316619
"763","E02000793",514133.37562666,174056.73277683
"764","E02000794",515538.63946896,173919.99308168
"765","E02000795",519706.69696799,172838.1958775
"766","E02000796",513242.77363026,173404.61200919
"767","E02000797",515972.63681951,173286.5847134
"768","E02000798",514183.08347525,172436.8210342
"769","E02000799",515552.8008425,172386.56890431
"770","E02000800",516881.92533716,172331.09060009
"771","E02000801",515687.83327976,171601.37431346
"772","E02000802",514526.52751314,171080.72422012
"773","E02000803",513073.98854015,171127.67169907
"774","E02000804",515822.37574058,170124.96599189
"775","E02000805",517238.06782886,169978.35921051
"776","E02000806",514835.34722965,169122.00890776
"777","E02000807",535953.30368585,180091.58554339
"778","E02000808",532166.44688508,180073.99283431
"779","E02000809",533455.15071916,179816.4567492
"780","E02000810",534149.4284874,179375.14902167
"781","E02000812",532997.77409416,179405.33162902
"782","E02000813",535309.43931172,179331.35792039
"783","E02000814",536247.31562315,179394.72842255
"784","E02000815",532314.51587728,179190.45284587
"785","E02000816",534425.24696975,178622.87271347
"786","E02000817",535059.24496021,178639.823734
"787","E02000818",532547.22433503,178582.94238403
"788","E02000819",533785.80246889,178542.45537845
"789","E02000820",531832.71333993,178237.86108075
"790","E02000821",533470.27363419,178094.32215374
"791","E02000822",532818.24493485,178066.53396508
"792","E02000823",532326.12178261,177680.60115214
"793","E02000824",534549.00014767,177638.73819853
"794","E02000825",533573.58960692,177226.6478115
"795","E02000826",532971.21494691,177071.09152236
"796","E02000827",532270.75109507,176953.48301641
"797","E02000828",534321.84953089,176843.52291988
"798","E02000829",534994.40283691,176761.03415878
"799","E02000830",533207.33727005,176207.64992672
"800","E02000831",534025.63836282,176108.57798577
"801","E02000832",534945.97460967,175819.41043379
"802","E02000833",533033.19540473,175379.34952982
"803","E02000834",534319.91897327,175069.29146975
"804","E02000835",535501.8502378,174841.24853528
"805","E02000836",533643.19713579,174621.16120236
"806","E02000837",532970.39772567,173960.16227075
"807","E02000838",534404.65602413,173921.34633555
"808","E02000839",533648.63289824,172352.91837182
"809","E02000840",527484.9823892,166913.73822584
"810","E02000841",526331.03052365,166442.27180251
"811","E02000842",524755.40458527,166084.67252796
"812","E02000843",528135.23482962,165926.20157887
"813","E02000844",527361.04146928,165781.85742135
"814","E02000845",522708.35506755,165983.5870978
"815","E02000846",525892.65357513,165686.0972033
"816","E02000847",523223.45305726,165448.67707994
"817","E02000848",524070.359934,165018.31972614
"818","E02000849",528808.96595075,164945.51040711
"819","E02000850",529698.85883471,165792.54925938
"820","E02000851",526018.70648614,164633.0210989
"821","E02000852",526793.21643338,164718.72265788
"822","E02000853",524988.02745815,164606.05763913
"823","E02000854",527658.7135987,164347.92992634
"824","E02000855",524136.26129817,163698.20345939
"825","E02000856",529207.91043381,163695.32584847
"826","E02000857",525550.54584995,163608.1646304
"827","E02000858",530313.32452546,163571.57112543
"828","E02000859",528451.10576156,163237.02334889
"829","E02000860",526177.55542503,163184.952304
"830","E02000861",526856.86680585,162706.24070204
"831","E02000863",528593.35225709,161585.86824233
"832","E02000864",536801.36912838,184035.65794993
"833","E02000865",535070.3091736,183239.34488405
"834","E02000866",536118.70739731,183271.178219
"835","E02000867",537217.34191289,183274.19031498
"836","E02000868",534533.25611517,183043.11112054
"837","E02000869",533883.03840553,182816.55037832
"838","E02000870",535460.64605723,182771.41477
"839","E02000871",537883.20578732,182558.795495
"840","E02000872",534036.2502729,182398.31183467
"841","E02000873",535925.68692888,182504.76081658
"842","E02000874",535175.41689176,182440.71712661
"843","E02000875",537319.16150358,182238.23479431
"844","E02000876",534759.83599497,182194.34609434
"845","E02000877",536763.97980183,181980.90998164
"846","E02000878",533894.89602166,181772.85281753
"847","E02000879",535525.69490863,181628.33687507
"848","E02000880",534986.0997603,181619.1561019
"849","E02000881",538280.96897945,181601.94930142
"850","E02000882",536109.36771996,181579.65604711
"851","E02000883",537948.51486424,181268.78447358
"852","E02000884",534262.6283367,181246.61912191
"853","E02000885",535176.9576609,181091.04958945
"854","E02000886",536692.9390347,181036.263662
"855","E02000887",537422.52101104,181016.59914525
"856","E02000888",535547.75146808,180886.92126255
"857","E02000889",534473.95352007,180589.01913512
"858","E02000890",534355.48685171,180403.07862725
"859","E02000891",538391.89514186,180308.51424166
"860","E02000893",538311.21862076,178812.76500642
"861","E02000894",537583.04855039,178666.89970551
"862","E02000895",537872.71219299,194780.49998554
"863","E02000896",539198.83513083,194617.08949549
"864","E02000897",539312.97814745,193052.65466764
"865","E02000898",538163.22295924,192947.04350257
"866","E02000899",537340.44938152,192932.02075943
"867","E02000900",536826.61659593,192133.02285157
"868","E02000901",538948.9868937,191749.67219346
"869","E02000902",537870.14144009,191326.33326892
"870","E02000903",536336.09645202,190955.81484721
"871","E02000904",538780.38450187,190593.35060704
"872","E02000905",537364.52409517,190196.84588551
"873","E02000906",536715.46405572,189820.17909044
"874","E02000907",538315.09316548,189619.37235586
"875","E02000908",535582.60450778,189603.64794295
"876","E02000909",538766.13603961,189298.6419923
"877","E02000910",537425.58546185,188906.3255121
"878","E02000911",536625.14067751,188860.20546061
"879","E02000912",535684.76311852,188174.57718846
"880","E02000913",538611.49331479,188187.9489791
"881","E02000914",537760.9020749,188009.47418109
"882","E02000915",539279.83399281,188160.45244562
"883","E02000916",536276.093442,187235.51501276
"884","E02000917",538090.93419184,187167.45900901
"885","E02000918",539536.60282545,187151.98965643
"886","E02000919",538476.82990091,186696.98670648
"887","E02000920",537640.72014259,186316.57280901
"888","E02000921",538885.50298682,186164.50329521
"889","E02000922",539591.74945241,186023.28466663
"890","E02000923",527792.89409299,177063.12683628
"891","E02000924",529080.4381905,177047.49634202
"892","E02000925",527710.75774913,176525.03961604
"893","E02000926",526833.82336604,176245.82403614
"894","E02000927",528319.30094413,175940.34719415
"895","E02000928",523375.75654028,175759.33609366
"896","E02000929",526737.09580129,175665.25569077
"897","E02000930",527533.09836709,175731.54827027
"898","E02000931",528164.53585593,175099.53253752
"899","E02000932",524944.95046732,175115.7677659
"900","E02000933",523029.61287853,175044.23273619
"901","E02000934",526609.36057637,175101.65061018
"902","E02000935",521670.00300822,174688.27935717
"903","E02000936",524049.37912464,174493.52652861
"904","E02000937",527350.25409434,174220.35698918
"905","E02000938",522902.8936769,174116.75623415
"906","E02000939",528144.74143766,174252.58985301
"907","E02000940",525609.63531973,174183.36910447
"908","E02000941",526378.46365439,174162.40955639
"909","E02000942",524781.26658491,173898.62587939
"910","E02000943",528435.8329519,173769.79170203
"911","E02000944",524094.78398392,173680.8936625
"912","E02000945",522542.14664291,172939.34203909
"913","E02000946",526455.20449056,173291.80377653
"914","E02000947",525315.67813928,173289.21777528
"915","E02000948",529060.49833142,172610.93032653
"916","E02000949",527457.22843165,172936.63263668
"917","E02000950",524165.46193041,172882.85545909
"918","E02000951",528085.88445185,172617.66815147
"919","E02000952",528533.81377565,172414.38470084
"920","E02000953",526318.84848767,172314.96307554
"921","E02000954",527871.89843755,171979.28259715
"922","E02000955",527530.1113246,171796.15908359
"923","E02000956",526821.9489332,171480.02665011
"924","E02000957",527726.80869258,171092.79499865
"925","E02000958",528788.91957052,171218.93143878
"926","E02000959",529259.04962141,170993.27915604
"927","E02000960",527372.34239054,183386.52771196
"928","E02000961",526065.0285111,183245.57411919
"929","E02000962",526798.83760645,182761.62786119
"930","E02000963",524307.72344241,182648.27353849
"931","E02000964",524873.30446463,182525.27964085
"932","E02000965",525551.16064657,182464.27868179
"933","E02000966",526150.11329502,182251.96997364
"934","E02000967",527883.15664819,182546.45577969
"935","E02000968",526963.94436307,182062.90093801
"936","E02000969",525455.97161261,181816.7906781
"937","E02000970",528366.14304946,181393.65872339
"938","E02000971",527625.53234451,181524.74991624
"939","E02000972",529180.60311977,181227.8108567
"940","E02000973",525452.96628779,181365.85650213
"941","E02000974",527027.21036816,181253.57037059
"942","E02000975",526394.60622236,181127.66886311
"943","E02000976",525856.22491577,180960.18368667
"944","E02000977",529630.66865081,180417.98415843
"945","E02000978",527332.93102277,179978.29691297
"946","E02000979",529590.98651327,179421.28778654
"947","E02000980",529852.57883849,178671.75296473
"948","E02000981",529122.79100253,178488.18984616
"949","E02000982",528658.35663193,178493.24349505
"950","E02000983",529507.32830866,178129.81110254
"951","E02006782",540860.69974395,170949.70569797
"952","E02006783",539891.03994369,171785.46642023
"953","E02006784",538860.53624588,171123.51901363
"954","E02006785",545903.93127898,176630.77409607
"955","E02006786",546040.76227759,177716.69021283
"956","E02006787",536417.48547597,168510.60088597
"957","E02006788",535195.79352987,167886.80164374
"958","E02006789",542781.14027336,160023.5223706
"959","E02006791",520491.52719955,179151.17601671
"960","E02006792",520000.05363643,178611.13053738
"961","E02006793",533309.13868632,192110.69348713
"962","E02006794",533814.55760109,191241.71057579
"963","E02006795",512621.28062967,187029.9161827
"964","E02006796",511141.93137227,185045.81785714
"965","E02006798",536776.68138826,177336.51737764
"966","E02006799",547548.11741907,186808.71231581
"967","E02006800",546403.512509,186861.53892527
"968","E02006801",531004.43760072,179734.08770583
"969","E02006802",531662.36650669,179381.97334412
"970","E02006836",524693.35264357,161932.71559205
"971","E02006853",537408.96956674,179371.44835182
"972","E02006854",537419.61402512,180220.29667826
"973","E02006882",516913.70556939,189319.09649527
"974","E02006918",535154.11626088,186787.78901765
"975","E02006921",534581.89184598,187044.31189258
"976","E02006924",542803.30921893,187767.63752674
"977","E02006925",542273.7814286,189351.09341704
"978","E02006927",540690.48657339,175178.48876637
"979","E02006928",537700.19651831,177616.26289004
"980","E02006929",539747.82636263,179078.89762536
"981","E02006930",539775.3952207,178277.54123883
"982","E02006931",538621.28124222,177152.20720708
