COUNTS -  2017               - Sunday - Entries,,,,,,,,,,,,,,,,,,,,,,,, 2017 ,Sunday,Entries

(C) Copyright, London Underground Limited, 2018 

Counts by Station and quarter Hour

nlc, Station, Date, Note,0200-0215,0215-0230,0230-0245,0245-0300,0300-0315,0315-0330,0330-0345,0345-0400,0400-0415,0415-0430,0430-0445,0445-0500,0500-0515,0515-0530,0530-0545,0545-0600,0600-0615,0615-0630,0630-0645,0645-0700,0700-0715,0715-0730,0730-0745,0745-0800,0800-0815,0815-0830,0830-0845,0845-0900,0900-0915,0915-0930,0930-0945,0945-1000,1000-1015,1015-1030,1030-1045,1045-1100,1100-1115,1115-1130,1130-1145,1145-1200,1200-1215,1215-1230,1230-1245,1245-1300,1300-1315,1315-1330,1330-1345,1345-1400,1400-1415,1415-1430,1430-1445,1445-1500,1500-1515,1515-1530,1530-1545,1545-1600,1600-1615,1615-1630,1630-1645,1645-1700,1700-1715,1715-1730,1730-1745,1745-1800,1800-1815,1815-1830,1830-1845,1845-1900,1900-1915,1915-1930,1930-1945,1945-2000,2000-2015,2015-2030,2030-2045,2045-2100,2100-2115,2115-2130,2130-2145,2145-2200,2200-2215,2215-2230,2230-2245,2245-2300,2300-2315,2315-2330,2330-2345,2345-2400,0000-0015,0015-0030,0030-0045,0045-0100,0100-0115,0115-0130,0130-0145,0145-0200,, Total,Early,AM Peak,Inter peak,PM Peak,Evening,Late
500,Acton Town,Nov-17, ,0,0,0,0,0,0,0,0,0,0,0,0,9,10,12,16,22,25,27,34,44,48,43,43,51,60,63,69,78,81,81,86,104,110,107,104,110,114,109,108,123,134,128,114,110,107,100,100,97,89,82,79,79,78,78,74,75,76,72,74,75,72,65,67,68,65,58,54,54,52,47,44,41,36,31,30,27,26,27,27,24,21,19,19,17,14,12,9,4,1,1,0,0,0,0,0,,4744,155,747,2438,821,442,141
502,Aldgate,Nov-17, ,0,0,0,0,0,0,0,0,0,0,0,0,0,0,0,0,0,0,3,8,14,17,18,15,18,22,29,31,41,44,56,62,69,75,87,84,83,81,80,73,78,75,70,64,70,72,73,67,69,70,69,60,60,62,64,58,61,66,70,66,60,57,55,54,51,51,49,46,43,39,36,31,29,27,31,35,35,27,18,17,19,19,16,15,13,10,8,8,5,3,0,0,0,0,0,0,,3261,11,367,1713,686,368,116
503,Aldgate East,Nov-17, ,0,0,0,0,0,0,0,0,0,0,0,0,0,0,0,0,8,17,30,41,48,52,50,55,65,77,83,104,137,165,178,198,223,239,243,247,258,267,263,259,259,261,255,265,281,288,282,286,306,312,304,303,316,314,310,320,319,310,292,296,289,283,257,253,254,244,212,193,181,169,150,136,124,116,105,106,109,113,108,100,92,90,86,78,81,79,64,37,19,7,2,0,0,0,0,0,,13323,96,1212,6661,3202,1517,635
505,Alperton,Nov-17, ,0,0,0,0,0,0,0,0,0,0,0,0,0,0,0,0,0,0,10,25,36,33,30,32,29,29,30,31,33,35,36,35,42,40,39,38,43,39,38,39,45,48,48,45,50,50,49,48,52,52,49,46,44,46,45,42,43,47,50,44,43,43,44,39,43,51,51,43,35,32,27,22,20,18,18,17,16,14,12,11,11,10,9,6,6,6,6,4,2,1,0,0,0,0,0,0,,2345,35,389,1077,541,242,61
506,Amersham,Nov-17, ,0,0,0,0,0,0,0,0,0,0,0,0,0,0,0,0,0,0,6,8,8,9,11,10,7,13,14,19,19,24,24,33,32,40,31,30,27,44,37,31,24,35,27,24,20,29,23,21,18,25,20,18,14,20,18,26,23,28,24,30,25,27,21,23,17,18,14,18,13,15,10,13,10,10,6,8,6,6,4,6,5,4,1,2,2,1,1,1,0,0,1,0,0,0,0,0,,1232,14,191,634,268,107,18
507,Angel,Nov-17, ,0,0,0,0,0,0,0,0,0,0,0,0,0,0,0,0,0,0,0,0,17,48,73,68,62,61,66,74,90,108,118,136,155,175,177,183,193,214,230,245,262,273,274,267,271,284,293,291,293,305,311,307,303,305,304,305,314,325,327,349,365,358,315,303,297,284,247,232,219,204,186,187,183,166,140,137,147,145,143,147,170,182,175,157,144,112,60,22,14,11,6,2,0,0,0,0,,13916,0,921,6220,3716,2004,1055
508,Archway,Nov-17, ,0,0,0,0,0,0,0,0,0,0,0,0,6,8,11,14,16,19,21,26,35,43,54,62,75,82,83,85,108,131,133,126,142,157,158,151,164,182,189,181,178,184,184,175,173,175,172,169,170,165,156,151,153,152,146,135,128,128,133,132,133,134,126,118,111,113,101,87,79,77,73,68,68,66,57,45,39,39,38,37,36,37,33,30,25,17,9,4,3,0,0,0,0,0,0,0,,7424,121,1017,3962,1444,686,194
509,Arnos Grove,Nov-17, ,0,0,0,0,0,0,0,0,0,0,0,0,4,6,7,9,12,12,16,23,34,35,33,31,40,45,48,56,65,70,76,82,89,95,103,108,119,116,108,101,108,108,104,96,103,104,101,88,87,79,74,68,69,65,64,64,66,61,59,58,60,58,59,58,55,46,44,41,43,38,35,30,28,25,23,24,22,20,18,20,18,13,11,11,9,3,1,1,1,1,1,0,0,0,0,0,,3986,89,615,2221,665,326,70
510,Arsenal,Nov-17, ,0,0,0,0,0,0,0,0,0,0,0,0,1,2,2,3,3,4,4,6,9,13,16,17,18,23,24,25,31,38,42,42,49,62,66,63,63,68,75,78,77,79,81,82,78,78,71,66,60,60,60,60,55,54,52,57,57,53,42,39,41,43,38,34,34,36,33,28,24,24,22,20,17,15,12,11,9,9,9,9,9,8,8,6,6,5,4,2,1,1,0,0,0,0,0,0,,2626,25,298,1594,478,181,50
511,Baker Street,Nov-17, ,0,0,0,0,0,0,0,0,0,0,0,0,6,8,11,13,17,23,31,40,45,46,44,46,55,65,79,98,113,131,149,170,202,234,276,315,369,379,379,382,416,439,471,479,476,461,470,474,489,504,518,524,527,522,517,521,544,571,596,603,615,605,568,533,530,515,473,419,387,342,302,273,266,252,234,220,210,192,176,176,179,169,153,147,137,114,90,65,45,17,8,0,0,0,0,0,,22260,149,1041,10344,6572,3030,1124
512,Balham,Nov-17, ,0,0,0,0,0,0,0,0,0,0,0,0,5,4,5,7,10,10,17,29,49,53,57,58,77,82,100,103,136,150,168,165,203,232,243,224,239,258,290,291,308,298,302,302,323,304,274,252,258,248,233,210,208,198,191,179,181,178,178,178,181,183,181,182,177,168,159,151,148,134,115,94,86,80,72,66,64,63,60,58,63,65,59,50,39,23,10,6,4,0,0,0,0,0,0,0,,10809,87,1198,6068,2097,1040,319
513,Bank & Monument,Nov-17,B,0,0,0,0,0,0,0,0,0,0,0,0,18,18,17,18,20,28,45,63,75,78,73,68,63,63,66,73,86,97,110,128,150,180,193,209,228,257,280,305,320,337,350,366,373,380,376,379,394,393,393,397,417,407,400,408,438,446,451,452,454,450,422,410,405,402,364,347,316,290,264,254,233,213,191,176,163,156,138,126,119,117,107,102,104,95,63,32,8,3,2,2,0,0,0,0,,17414,227,980,7892,5041,2520,754
501,Barbican,Nov-17, ,0,0,0,0,0,0,0,0,0,0,0,0,0,0,0,0,0,0,4,11,17,16,16,19,22,26,28,30,37,46,50,50,57,66,70,72,76,83,87,88,88,91,89,88,93,105,104,101,94,93,92,98,103,106,110,114,121,123,126,130,136,136,130,128,122,111,93,83,74,66,61,63,62,54,48,67,102,123,92,68,62,67,46,36,28,20,11,9,7,4,0,0,0,0,0,0,,5149,15,357,2168,1439,880,290
514,Barking,Nov-17, ,0,0,0,0,0,0,0,0,0,0,0,0,0,9,34,53,101,136,200,203,237,203,228,208,230,203,221,228,252,251,252,254,260,265,263,263,271,284,281,272,265,272,285,294,293,302,301,295,285,280,262,244,232,231,226,220,217,220,221,219,218,223,226,227,210,195,179,173,160,148,132,126,122,118,104,99,91,83,74,71,65,57,49,43,36,26,15,8,4,3,2,0,0,0,0,0,,14113,736,2767,6446,2528,1328,308
515,Barkingside,Nov-17, ,0,0,0,0,0,0,0,0,0,0,0,0,3,3,4,5,7,8,10,14,14,12,10,12,10,12,12,14,15,15,16,19,22,23,23,23,22,24,23,23,21,21,20,19,20,21,22,22,20,19,17,17,16,14,12,13,15,15,14,13,15,15,15,12,12,11,11,10,9,7,7,6,5,4,5,5,3,3,4,4,4,4,4,3,2,1,0,0,0,1,0,0,0,0,0,0,,931,54,161,477,158,62,19
516,Barons Court,Nov-17, ,0,0,0,0,0,0,0,0,0,0,0,0,4,5,6,9,10,11,12,17,23,24,24,28,38,46,50,58,70,83,88,92,100,114,115,116,117,120,118,127,132,135,129,126,122,125,119,111,108,111,104,96,91,94,95,99,101,100,92,92,98,102,94,91,89,84,68,57,51,49,40,38,40,39,29,25,27,25,22,20,19,17,18,17,14,11,9,6,3,0,0,0,0,0,0,0,,5009,74,624,2724,1068,405,114
517,Bayswater,Nov-17, ,0,0,0,0,0,0,0,0,0,0,0,0,0,0,0,0,0,0,7,20,32,30,31,31,38,46,66,96,133,159,171,188,201,194,168,156,151,140,116,103,105,110,106,99,97,96,97,100,103,107,107,111,115,118,112,110,111,104,97,99,104,102,93,93,93,92,83,75,76,75,66,60,58,59,57,53,50,47,44,40,37,35,32,27,22,22,23,17,9,4,2,2,0,0,0,0,,6033,27,1021,2922,1146,685,232
518,Becontree,Nov-17, ,0,0,0,0,0,0,0,0,0,0,0,0,0,0,10,17,23,31,33,39,35,37,33,34,29,33,38,44,47,50,52,54,54,54,55,59,62,64,60,57,57,56,55,59,60,58,52,48,46,43,40,39,40,39,35,33,37,39,37,37,38,37,35,36,35,35,34,33,28,23,20,20,20,19,18,17,15,13,11,10,9,7,5,6,5,3,1,1,1,0,0,0,0,0,0,0,,2549,153,486,1225,433,214,38
519,Belsize Park,Nov-17, ,0,0,0,0,0,0,0,0,0,0,0,0,1,1,2,3,4,4,5,7,11,15,19,30,48,58,53,48,54,65,66,70,76,86,85,83,81,90,97,99,98,102,103,100,102,111,112,106,103,104,103,98,97,96,99,104,113,109,105,103,106,103,96,94,89,85,78,74,67,57,54,58,63,59,49,41,33,30,27,27,26,25,24,26,27,20,11,6,5,2,0,0,0,0,0,0,,4791,27,537,2335,1155,565,172
787,Bermondsey,Nov-17, ,0,0,0,0,0,0,0,0,0,0,0,0,9,10,14,20,25,30,32,37,49,65,66,59,60,73,75,79,94,119,130,135,156,179,180,164,169,189,202,200,197,204,205,200,198,205,204,196,191,192,190,182,173,170,167,162,169,172,168,151,164,173,179,164,163,156,148,134,124,114,102,93,87,76,66,68,70,59,45,42,46,50,41,35,37,41,31,16,8,0,0,0,0,0,0,0,,8848,177,1004,4475,1941,946,305
520,Bethnal Green,Nov-17, ,0,0,0,0,0,0,0,0,0,0,0,0,31,31,32,34,45,52,48,50,76,99,99,92,111,129,135,142,179,218,224,219,238,282,292,291,302,336,339,327,322,338,339,341,347,363,357,343,338,348,337,318,316,336,329,308,293,295,282,277,282,288,276,264,247,232,222,216,204,189,164,160,205,230,191,133,116,116,114,114,116,118,109,98,91,80,54,25,7,1,1,0,0,0,0,0,,15643,323,1723,7787,3174,1936,700
521,Blackfriars,Nov-17, ,0,0,0,0,0,0,0,0,0,0,0,0,0,0,0,0,0,0,6,17,23,25,28,31,32,37,38,40,51,70,81,102,108,119,114,121,122,139,142,151,153,162,153,166,165,164,148,154,160,163,155,169,181,186,171,189,198,204,190,206,210,215,193,205,210,209,171,165,150,145,118,117,96,88,71,78,77,75,66,77,68,53,35,45,43,42,25,18,13,0,0,0,0,0,0,0,,8112,23,558,3655,2376,1158,342
522,Blackhorse Road,Nov-17, ,0,0,0,0,0,0,0,0,0,0,0,0,16,20,29,40,54,61,61,76,101,106,92,90,104,109,106,114,141,158,156,152,173,186,185,179,196,199,180,158,163,164,168,165,172,167,159,148,152,153,141,123,119,124,117,104,105,113,104,92,93,100,104,97,95,93,89,84,83,76,65,59,53,47,45,45,43,38,32,29,29,27,23,18,18,15,9,4,2,2,0,0,0,0,0,0,,7512,357,1429,3795,1169,615,147
524,Bond Street,Nov-17, ,0,0,0,0,0,0,0,0,0,0,0,0,23,19,17,22,22,24,25,32,36,39,33,32,32,32,32,49,63,72,72,83,95,115,128,140,154,175,188,210,259,301,335,383,438,479,521,562,591,627,681,727,768,781,793,830,881,910,922,963,1000,1006,963,1123,1325,1407,1144,849,595,497,417,362,312,281,242,220,213,212,205,193,178,162,152,160,167,151,121,71,23,0,1,0,0,0,0,0,,28468,184,575,10281,12493,3749,1186
525,Borough,Nov-17, ,0,0,0,0,0,0,0,0,0,0,0,0,0,0,0,0,0,0,0,0,8,14,18,18,22,27,28,30,39,54,62,66,68,71,75,76,74,77,82,83,82,82,80,83,84,86,78,73,76,80,77,72,74,77,76,77,84,98,99,94,85,79,75,81,86,80,71,67,64,60,54,45,38,35,33,32,32,32,28,34,43,44,34,29,30,23,12,5,0,0,0,0,0,0,0,0,,3955,0,386,1863,999,487,220
526,Boston Manor,Nov-17, ,0,0,0,0,0,0,0,0,0,0,0,0,4,4,4,8,11,11,8,12,16,17,13,14,18,18,19,24,30,29,29,30,33,34,36,39,44,45,43,45,45,45,43,47,47,43,37,35,38,39,36,28,28,28,26,26,30,34,31,29,28,28,29,29,27,24,23,20,18,16,13,12,13,12,9,8,8,8,8,7,7,5,3,3,5,4,3,1,0,0,0,0,0,0,0,0,,1724,62,257,910,332,132,31
527,Bounds Green,Nov-17, ,0,0,0,0,0,0,0,0,0,0,0,0,10,12,15,20,23,25,33,48,64,64,58,62,76,76,75,84,100,102,103,108,128,136,130,126,144,153,141,126,133,138,134,131,135,133,122,122,118,114,103,97,91,90,87,82,83,83,84,80,80,79,73,71,71,71,62,58,55,50,42,37,35,35,33,28,25,23,20,19,21,20,15,14,11,7,3,3,2,2,1,1,1,0,0,0,,5470,186,972,2914,895,402,101
528,Bow Road,Nov-17, ,0,0,0,0,0,0,0,0,0,0,0,0,0,0,0,0,8,12,18,26,37,42,40,35,40,48,53,60,75,88,90,88,96,108,117,120,125,123,114,111,117,117,114,115,116,113,103,98,99,103,93,88,88,91,83,78,73,72,68,71,75,76,72,69,67,64,63,64,60,54,47,43,46,54,56,45,31,25,24,23,23,24,24,21,18,16,12,8,4,3,2,0,0,0,0,0,,4787,64,696,2530,834,508,155
529,Brent Cross,Nov-17, ,0,0,0,0,0,0,0,0,0,0,0,0,2,3,4,4,5,7,7,12,14,16,15,18,21,25,28,37,45,45,37,40,48,50,45,45,51,49,46,43,46,47,49,51,51,52,54,60,60,55,50,49,49,49,44,42,42,43,37,37,40,41,37,35,42,47,44,32,28,25,22,18,16,14,13,12,12,13,10,8,10,11,9,6,5,4,3,2,2,0,0,0,0,0,0,0,,2290,44,341,1185,477,191,52
778,Brixton,Nov-17, ,0,0,0,0,0,0,0,0,0,0,0,0,96,101,98,103,125,155,162,186,224,270,263,243,254,303,315,320,380,461,461,437,466,553,569,564,571,645,652,640,614,655,654,662,657,693,672,639,606,616,591,547,514,522,508,478,462,470,459,453,457,463,436,421,412,413,394,365,330,313,283,252,235,242,227,207,187,182,179,177,175,211,261,340,313,226,101,50,11,4,5,4,0,0,0,0,,28965,1026,3931,14288,5205,2814,1701
530,Bromley-by-Bow,Nov-15,A,0,0,0,0,0,0,0,0,0,0,0,0,0,0,0,6,9,17,24,25,25,26,23,19,20,24,27,28,34,39,40,42,49,53,50,51,63,68,62,54,53,55,54,53,51,55,55,55,56,57,50,46,48,50,46,42,40,38,38,40,43,41,36,36,36,34,30,30,29,31,27,22,16,15,14,14,14,14,11,12,13,12,10,9,9,9,7,3,1,0,0,0,0,0,0,0,,2438,81,347,1276,442,219,73
531,Buckhurst Hill,Nov-17, ,0,0,0,0,0,0,0,0,0,0,0,0,2,2,2,3,3,4,6,8,9,7,7,9,11,12,14,17,19,21,22,26,29,32,29,32,33,39,36,37,37,40,36,33,34,34,31,29,29,28,23,22,21,22,22,22,21,22,19,20,21,22,18,17,17,17,15,12,12,11,9,9,10,11,9,10,10,10,8,7,6,6,7,6,3,2,1,1,0,0,0,0,0,0,0,0,,1303,30,174,730,221,116,32
532,Burnt Oak,Nov-17, ,0,0,0,0,0,0,0,0,0,0,0,0,6,7,14,20,25,25,36,48,60,55,51,46,51,51,51,52,56,63,63,61,63,66,64,62,69,70,67,66,61,91,119,116,77,68,68,66,64,62,60,58,55,52,51,51,49,49,49,48,49,45,45,43,45,40,37,34,31,28,26,25,23,20,20,21,19,14,10,9,10,11,10,9,7,4,2,2,0,0,0,0,0,0,0,0,,3321,181,660,1646,533,246,55
534,Caledonian Road,Nov-17, ,0,0,0,0,0,0,0,0,0,0,0,0,5,5,6,8,12,15,16,18,25,31,32,34,38,43,46,50,62,80,87,86,92,101,108,105,106,111,119,118,119,131,133,124,114,115,115,112,110,105,100,91,90,93,92,86,86,90,85,79,78,81,80,81,82,80,68,62,60,58,50,45,40,37,36,36,34,32,28,26,24,24,25,22,20,14,9,5,4,4,0,0,0,0,0,0,,4874,85,614,2590,952,482,151
535,Camden Town,Nov-17, ,0,0,0,0,0,0,0,0,0,0,0,0,22,20,16,14,18,20,23,26,34,37,36,36,45,52,56,61,76,93,101,110,124,143,157,184,218,267,305,352,389,437,504,416,197,6,0,2,3,4,4,2,2,2,1,2,42,94,226,407,573,699,781,798,727,669,591,549,510,466,420,396,350,293,262,256,253,236,209,211,240,266,294,307,279,181,82,16,3,0,0,0,0,0,0,0,,16303,159,737,3721,6156,3862,1668
788,Canada Water,Nov-17, ,0,0,0,0,0,0,0,0,0,0,0,0,19,25,22,32,44,64,64,80,99,112,104,93,109,135,152,152,175,209,219,223,249,286,293,285,298,323,339,344,356,375,374,372,363,363,352,340,341,342,330,313,309,307,289,286,282,284,271,279,278,263,223,211,207,210,194,178,161,172,170,149,124,111,98,88,86,80,71,65,65,60,55,53,49,46,41,28,12,0,0,0,0,0,0,0,,14625,350,1782,7829,2880,1375,409
852,Canary Wharf,Nov-17, ,0,0,0,0,0,0,0,0,0,0,0,0,10,13,18,32,42,49,48,79,115,127,110,102,124,141,160,183,237,272,291,306,356,422,462,476,503,545,545,528,539,568,586,571,579,585,595,576,588,593,586,567,565,563,559,555,566,584,590,576,571,569,568,602,621,569,463,411,384,345,285,256,253,235,209,190,184,165,157,150,159,159,164,148,131,105,80,47,27,0,0,0,0,0,0,0,,25994,291,2168,13012,6690,2813,1020
884,Canning Town,Nov-17, ,0,0,0,0,0,0,0,0,0,0,0,0,55,75,98,123,133,135,131,139,158,172,151,127,149,170,157,158,200,231,218,209,238,275,269,252,265,281,268,251,245,255,246,242,246,262,255,244,232,226,219,217,207,200,194,188,186,181,178,171,177,175,169,163,166,162,147,139,136,134,114,97,92,91,84,77,77,73,70,64,59,49,46,42,38,33,24,15,7,4,0,0,0,0,0,0,,12206,889,2100,5777,2014,1109,317
536,Cannon Street,Nov-17, ,0,0,0,0,0,0,0,0,0,0,0,0,0,0,0,0,0,0,2,2,13,25,30,25,26,28,33,38,43,44,45,49,59,67,69,66,72,80,78,72,81,82,75,67,76,76,74,72,76,72,61,58,62,61,54,50,54,55,56,55,59,63,60,57,53,49,44,44,43,39,35,30,29,26,22,17,18,20,24,21,16,12,12,11,9,8,6,5,2,0,0,0,0,0,0,0,,3117,4,399,1660,649,324,81
537,Canons Park,Nov-17, ,0,0,0,0,0,0,0,0,0,0,0,0,3,6,8,10,12,14,16,20,23,20,21,21,25,25,26,29,32,39,38,46,52,63,70,73,73,73,71,66,62,61,54,53,54,56,57,54,53,51,55,56,56,47,35,30,28,28,27,29,30,33,30,29,28,27,25,24,21,18,18,18,18,17,15,14,13,11,9,9,9,8,6,6,6,5,3,1,0,1,0,0,0,0,0,0,,2373,89,345,1375,338,181,45
539,Chalfont & Latimer,Nov-17, ,0,0,0,0,0,0,0,0,0,0,0,0,0,0,0,0,0,0,0,5,4,4,3,5,3,5,5,9,10,15,17,17,16,19,21,21,17,21,22,21,14,15,17,17,14,15,15,14,9,18,21,26,20,19,12,12,10,12,12,12,10,12,12,11,10,10,9,7,6,8,13,13,7,5,5,6,4,2,1,1,3,3,1,1,1,1,0,0,0,0,0,0,0,0,0,0,,726,5,97,416,127,71,10
540,Chalk Farm,Nov-17, ,0,0,0,0,0,0,0,0,0,0,0,0,3,4,4,4,5,7,6,10,15,20,18,22,29,34,34,37,48,58,58,59,68,80,82,80,84,95,107,111,113,121,127,141,154,180,185,189,189,201,212,218,217,213,222,232,244,242,230,229,226,200,161,154,151,141,124,117,109,97,79,68,68,62,57,55,55,51,45,44,63,95,113,120,101,61,18,5,2,0,0,0,0,0,0,0,,7683,43,432,3621,2219,790,578
541,Chancery Lane,Nov-17, ,0,0,0,0,0,0,0,0,0,0,0,0,14,14,16,17,15,15,16,19,20,17,14,12,14,14,16,17,21,25,29,32,35,39,43,47,52,58,61,62,74,80,86,90,98,95,95,92,90,92,95,91,89,97,98,101,106,107,96,93,102,102,90,83,86,82,73,70,70,61,53,51,56,50,39,36,39,40,34,35,36,33,27,28,30,27,15,4,0,0,0,0,0,0,0,0,,4071,126,231,1860,1090,564,200
718,Charing Cross,Nov-17, ,0,0,0,0,0,0,0,0,0,0,0,0,44,36,24,14,16,16,19,24,28,32,39,47,43,41,42,54,60,77,88,107,118,145,140,141,151,190,205,230,248,278,288,313,320,321,318,334,352,370,369,365,377,412,430,436,439,455,466,478,488,509,508,519,476,414,346,337,315,299,277,263,245,230,216,202,196,192,188,155,126,109,111,105,92,70,41,16,3,1,0,0,0,0,0,0,,16589,193,658,6851,5435,2778,674
543,Chesham,Nov-17, ,0,0,0,0,0,0,0,0,0,0,0,0,0,0,0,0,0,0,0,6,10,4,4,8,10,7,10,8,16,15,17,11,15,12,16,13,17,14,18,13,17,12,15,11,15,11,14,12,14,10,11,7,12,12,14,10,14,13,17,13,14,8,12,9,11,6,10,7,9,5,8,4,5,2,3,2,4,4,3,2,2,1,1,1,1,0,1,1,0,0,0,0,0,0,0,0,,634,6,120,315,134,51,8
544,Chigwell,Nov-17, ,0,0,0,0,0,0,0,0,0,0,0,0,0,0,0,0,0,0,0,0,0,0,2,2,2,3,3,3,3,2,3,3,4,4,5,5,6,5,3,4,6,6,3,4,4,4,5,5,4,4,3,4,5,6,5,4,4,3,3,5,4,3,3,3,2,2,2,2,2,2,1,1,1,1,1,2,1,1,1,2,1,0,0,0,1,0,0,0,0,0,0,0,0,0,0,0,,188,0,26,108,36,16,2
545,Chiswick Park,Nov-17, ,0,0,0,0,0,0,0,0,0,0,0,0,0,0,0,0,2,3,5,9,11,10,7,8,10,11,11,13,15,18,18,21,22,25,26,30,29,31,31,34,33,36,34,34,35,37,35,32,29,30,29,29,29,29,26,25,27,28,29,33,38,36,26,23,24,25,22,19,16,15,13,10,11,11,10,9,9,8,6,6,6,6,5,4,2,2,2,2,0,0,0,0,0,0,0,0,,1385,19,153,730,330,124,29
546,Chorleywood,Nov-17, ,0,0,0,0,0,0,0,0,0,0,0,0,0,0,0,0,0,0,0,2,2,3,2,3,3,5,4,5,5,6,6,8,7,9,9,9,7,9,9,8,6,9,9,8,6,8,7,6,5,7,6,7,6,5,5,7,7,6,5,6,4,6,6,7,5,4,3,4,4,4,3,3,2,2,1,2,3,3,1,1,2,2,2,2,0,0,0,0,0,0,0,0,0,0,0,0,,328,2,52,174,63,29,8
547,Clapham Common,Nov-17, ,0,0,0,0,0,0,0,0,0,0,0,0,12,11,11,14,17,17,17,21,29,33,35,38,48,55,65,74,88,97,102,110,130,150,153,157,172,191,203,206,211,223,230,234,230,228,210,199,196,198,187,172,173,181,174,166,170,177,172,169,176,182,177,165,168,169,158,139,129,124,116,103,95,85,81,77,77,74,68,69,71,70,66,66,61,42,23,10,5,0,0,0,0,0,0,0,,9002,120,774,4574,2022,1098,414
548,Clapham North,Nov-17, ,0,0,0,0,0,0,0,0,0,0,0,0,9,10,10,9,11,14,14,17,23,29,34,36,38,42,48,53,65,74,76,82,97,119,126,127,129,141,143,143,143,145,147,146,148,148,140,132,128,130,120,114,108,106,101,98,93,95,93,97,102,103,95,95,96,93,85,81,73,68,62,59,56,53,49,46,46,45,39,37,42,43,34,28,28,20,10,4,3,0,0,0,0,0,0,0,,5746,94,600,3079,1128,633,212
549,Clapham South,Nov-17, ,0,0,0,0,0,0,0,0,0,0,0,0,5,5,5,7,9,11,12,16,25,36,41,43,49,60,67,74,90,108,113,119,134,152,156,163,173,181,175,170,184,198,196,182,179,174,157,143,146,144,135,124,121,116,112,113,119,119,109,105,113,122,121,111,103,100,95,86,81,76,66,58,54,52,47,43,39,37,34,34,33,30,26,28,29,21,8,2,2,0,0,0,0,0,0,0,,6726,70,825,3728,1303,621,179
550,Cockfosters,Nov-17, ,0,0,0,0,0,0,0,0,0,0,0,0,3,4,5,5,5,6,7,11,13,12,12,14,18,21,24,27,26,29,33,40,46,50,50,49,51,49,48,49,46,45,42,45,42,44,41,41,37,37,32,29,28,28,28,30,32,32,34,34,33,33,34,31,25,24,22,20,17,15,13,12,11,10,8,8,7,9,7,7,8,9,6,4,2,1,1,0,0,0,0,0,0,0,0,0,,1811,46,269,987,354,124,31
551,Colindale,Nov-17, ,0,0,0,0,0,0,0,0,0,0,0,0,5,7,12,17,22,24,35,49,61,61,58,54,62,66,67,73,89,105,105,107,119,132,129,121,126,130,126,119,127,133,129,127,131,134,125,122,117,113,106,107,106,104,105,103,102,94,92,86,90,88,86,78,75,67,58,58,58,50,42,40,38,34,35,36,35,33,30,25,22,19,17,15,12,8,5,3,2,0,0,0,0,0,0,0,,5503,171,908,2891,974,456,103
552,Colliers Wood,Nov-17, ,0,0,0,0,0,0,0,0,0,0,0,0,9,9,10,15,19,23,24,40,53,59,47,51,60,69,72,84,100,111,109,106,126,145,140,127,133,147,144,139,138,140,138,134,144,147,142,129,125,120,112,110,113,112,105,100,100,101,96,97,98,102,91,85,81,77,72,67,65,54,47,42,40,37,33,29,30,30,27,24,26,25,23,19,12,7,3,3,2,2,0,0,0,0,0,0,,5827,149,921,3110,1067,458,122
553,Covent Garden,Nov-17, ,0,0,0,0,0,0,0,0,0,0,0,0,3,5,5,5,6,6,8,11,15,15,13,12,13,16,19,20,25,33,43,53,62,75,88,107,122,136,137,155,181,208,218,235,249,274,299,333,355,381,396,419,442,462,475,491,512,517,497,526,613,643,627,625,598,511,425,411,383,358,315,299,275,244,219,215,242,246,217,180,187,273,315,262,151,103,62,30,14,9,0,0,0,0,0,0,,17730,49,277,6300,6505,3193,1406
554,Croxley,Nov-17, ,0,0,0,0,0,0,0,0,0,0,0,0,0,0,0,0,0,0,2,4,5,3,3,6,7,6,5,7,10,11,10,11,12,12,14,14,14,15,17,14,14,15,15,12,11,12,11,9,10,10,9,8,8,7,8,8,8,6,7,8,9,8,7,6,5,5,6,6,4,4,4,5,4,3,2,2,2,2,2,2,1,1,1,0,0,0,0,0,0,0,0,0,0,0,0,0,,489,6,84,279,81,36,3
555,Dagenham East,Nov-17, ,0,0,0,0,0,0,0,0,0,0,0,0,0,7,13,18,18,23,26,26,28,27,27,22,29,30,33,32,38,39,42,43,44,42,43,44,44,40,40,43,46,43,45,45,41,36,39,41,38,33,31,33,35,33,31,33,32,30,28,32,33,32,31,31,31,28,27,26,25,22,17,16,17,18,19,19,14,12,9,8,8,12,13,14,12,9,5,3,2,0,0,0,0,0,0,0,,2099,131,390,943,361,196,78
556,Dagenham Heathway,Nov-17, ,0,0,0,0,0,0,0,0,0,0,0,0,0,9,18,28,37,52,59,61,65,60,58,52,53,56,63,68,75,78,79,82,87,85,88,92,97,91,88,85,86,85,83,84,85,89,88,84,79,73,73,69,66,64,62,61,58,64,64,63,61,65,66,65,64,60,55,55,51,42,35,32,31,29,28,26,23,19,16,17,16,19,19,17,9,5,2,1,0,0,0,0,0,0,0,0,,4174,264,789,1944,740,349,88
557,Debden,Nov-17, ,0,0,0,0,0,0,0,0,0,0,0,0,0,0,0,0,0,5,8,11,10,8,7,8,10,13,14,15,16,20,22,21,21,22,24,25,27,29,31,33,33,33,30,28,28,29,27,24,23,20,18,18,19,19,20,20,21,20,18,18,19,18,17,17,16,16,16,14,10,8,8,8,8,7,5,5,5,5,4,5,5,5,4,4,2,1,1,1,0,0,0,0,0,0,0,0,,1100,24,164,601,210,78,23
558,Dollis Hill,Nov-17, ,0,0,0,0,0,0,0,0,0,0,0,0,4,4,4,7,11,13,19,28,40,42,37,36,43,49,47,49,61,72,75,75,79,82,86,101,131,133,109,87,94,95,93,95,99,90,84,81,87,83,80,76,78,72,61,57,57,59,56,53,52,52,49,49,49,44,51,67,72,57,44,40,34,27,22,24,24,20,17,16,16,15,12,10,10,9,7,6,3,2,0,0,0,0,0,0,,3974,90,626,2133,638,397,90
560,Ealing Broadway,Nov-17, ,0,0,0,0,0,0,0,0,0,0,0,0,21,25,43,51,63,57,58,71,101,101,84,94,125,131,132,146,167,181,189,202,225,244,243,244,263,281,292,291,305,323,335,325,320,311,303,294,293,282,264,256,253,249,236,235,233,230,223,233,252,250,219,198,200,195,174,151,138,119,104,98,103,94,84,73,73,70,70,65,61,54,46,37,30,21,14,9,5,2,2,0,0,0,0,0,,12639,389,1653,6667,2558,1091,281
561,Ealing Common,Nov-17, ,0,0,0,0,0,0,0,0,0,0,0,0,0,0,0,2,7,11,10,15,20,22,19,21,24,26,29,36,41,44,46,49,49,50,50,56,61,59,54,56,60,60,57,58,60,57,55,53,54,53,49,47,44,44,41,42,41,41,41,45,50,50,43,38,41,41,37,31,28,24,22,20,21,19,17,14,14,15,15,14,13,12,11,10,8,6,5,4,2,1,1,0,0,0,0,0,,2486,45,377,1269,499,223,73
562,Earl's Court,Nov-17, ,0,0,0,0,0,0,0,0,0,0,0,0,12,14,16,22,29,41,51,67,85,107,109,126,150,179,202,255,332,414,479,517,541,536,506,471,459,456,425,386,357,359,347,330,323,334,328,315,313,319,316,316,331,339,338,336,340,335,316,312,315,315,301,297,300,296,295,285,261,224,202,186,182,171,158,143,137,128,119,117,113,116,115,118,108,97,72,47,22,7,1,1,0,0,0,0,,18840,252,2955,9081,3707,2028,817
563,East Acton,Nov-17, ,0,0,0,0,0,0,0,0,0,0,0,0,4,5,9,11,12,14,16,24,30,33,27,28,38,45,44,41,52,60,58,55,62,76,75,71,71,77,73,71,73,75,76,76,77,79,79,77,73,69,63,62,64,65,62,59,59,60,56,49,49,48,45,41,40,38,39,35,31,29,26,24,25,27,22,19,16,16,12,10,11,12,10,8,7,5,4,2,1,0,0,0,0,0,0,0,,3187,95,511,1705,559,257,60
565,East Finchley,Nov-17, ,0,0,0,0,0,0,0,0,0,0,0,0,2,3,4,5,8,11,15,20,30,33,32,32,43,54,57,62,79,91,91,91,104,120,127,124,128,135,138,131,130,129,125,121,128,134,129,119,116,113,106,96,92,92,91,83,82,86,85,78,81,85,85,75,73,68,63,55,53,50,46,40,36,30,25,25,24,23,21,23,22,19,16,12,10,7,4,2,2,0,0,0,0,0,0,0,,4980,68,695,2811,916,396,94
566,East Ham,Nov-17, ,0,0,0,0,0,0,0,0,0,0,0,0,0,0,27,59,105,126,163,181,206,207,205,191,196,202,200,205,222,231,215,210,217,222,214,211,231,246,242,228,223,226,232,242,248,252,252,253,261,255,239,228,232,223,209,201,208,205,197,194,195,188,183,190,180,160,140,141,130,117,100,93,89,88,82,77,77,73,65,56,50,47,38,28,23,17,8,3,2,1,1,0,0,0,0,0,,12184,661,2490,5587,2181,1047,218
567,East Putney,Nov-17, ,0,0,0,0,0,0,0,0,0,0,0,0,0,0,0,0,0,0,5,12,18,20,19,22,29,33,39,50,62,68,71,82,98,109,107,110,124,133,127,118,120,128,133,131,128,125,116,107,100,95,87,84,83,82,73,70,72,74,72,68,69,71,70,67,67,63,52,44,44,40,34,28,26,23,21,21,20,20,18,16,15,14,12,12,10,7,5,4,3,1,0,0,0,0,0,0,,4301,17,513,2588,789,311,83
564,Eastcote,Nov-17, ,0,0,0,0,0,0,0,0,0,0,0,0,0,0,0,0,0,2,7,12,12,10,10,14,16,16,19,23,27,30,32,33,37,43,47,50,49,50,50,51,45,42,41,44,43,42,40,41,41,40,37,32,29,25,25,24,23,22,22,25,27,25,22,21,21,20,18,15,14,14,13,11,10,9,9,10,8,8,6,7,7,7,6,6,6,4,3,2,2,0,0,0,0,0,0,0,,1654,21,242,968,261,119,43
568,Edgware,Nov-17, ,0,0,0,0,0,0,0,0,0,0,0,0,3,5,9,12,13,17,23,34,40,37,33,37,47,48,52,59,67,76,76,75,80,92,89,86,93,103,104,99,99,100,103,104,106,102,101,92,92,92,92,80,74,76,73,68,64,68,67,75,77,77,67,66,60,57,51,47,44,40,39,37,38,35,32,26,24,21,22,22,22,17,16,15,11,7,5,5,2,1,0,0,0,0,0,0,,4220,116,647,2200,776,380,101
774,Edgware Road (Bak),Nov-17, ,0,0,0,0,0,0,0,0,0,0,0,0,0,0,0,0,0,0,0,2,7,12,14,13,17,22,25,27,31,39,47,52,52,57,61,64,64,61,58,56,59,61,59,55,50,50,51,55,57,56,53,56,58,64,58,55,52,61,61,62,62,66,65,69,70,70,63,64,63,63,56,47,41,43,44,39,35,37,32,31,32,33,25,26,27,24,12,5,0,0,0,0,0,0,0,0,,3158,2,306,1370,765,531,184
569,Edgware Road (Cir),Nov-17, ,0,0,0,0,0,0,0,0,0,0,0,0,0,0,0,0,0,4,7,13,16,21,21,21,25,31,36,39,53,63,72,77,86,91,93,93,93,94,95,98,105,106,99,88,82,83,86,87,90,92,92,95,98,99,94,89,89,94,100,94,95,105,106,97,92,101,102,95,91,87,76,59,58,58,59,54,51,46,45,44,44,41,36,37,37,37,31,25,13,5,1,0,0,0,0,0,,4932,24,475,2228,1170,728,307
570,Elephant & Castle,Nov-17, ,0,0,0,0,0,0,0,0,0,0,0,0,0,0,0,0,0,0,20,61,112,145,131,123,122,159,171,182,198,260,284,286,288,334,331,320,309,358,347,347,330,372,357,357,349,378,357,354,346,372,343,351,329,354,336,345,325,347,343,352,337,336,326,327,319,321,299,279,253,244,222,219,218,211,180,151,165,178,171,151,145,130,117,123,126,96,49,15,4,0,0,0,0,0,0,0,,17597,81,2173,8264,3911,2363,805
571,Elm Park,Nov-17, ,0,0,0,0,0,0,0,0,0,0,0,0,0,7,10,15,14,20,18,24,23,20,18,22,24,24,25,28,32,35,36,39,43,42,40,44,48,48,44,42,45,47,46,40,37,34,33,33,32,31,28,27,27,26,24,26,26,27,25,28,26,28,27,27,25,23,23,21,19,16,17,16,13,11,11,10,8,8,6,6,6,6,5,7,6,3,0,0,0,0,0,0,0,0,0,0,,1801,108,326,887,306,141,33
542,Embankment,Nov-17, ,0,0,0,0,0,0,0,0,0,0,0,0,27,24,20,15,12,12,19,27,31,34,38,37,36,36,41,49,56,70,84,100,103,119,133,142,157,177,191,196,214,229,239,252,268,275,287,307,323,328,359,384,389,406,439,457,454,475,487,508,530,537,511,503,505,483,445,417,399,379,330,286,267,279,255,242,252,277,257,244,237,246,262,245,200,138,111,56,21,0,0,0,0,0,0,0,,17980,156,612,6374,5855,3467,1516
572,Epping,Nov-17, ,0,0,0,0,0,0,0,0,0,0,0,0,0,0,0,0,0,10,17,22,22,22,22,27,35,36,41,48,58,64,66,68,69,69,70,77,82,83,78,73,67,63,58,59,56,53,49,49,45,45,42,43,43,45,43,43,45,44,48,48,47,40,40,40,39,34,30,25,21,17,15,17,19,17,15,15,13,10,10,8,8,7,7,6,4,2,1,1,1,1,0,0,1,0,0,0,,2658,49,509,1404,480,177,39
574,Euston,Nov-17, ,0,0,0,0,0,0,0,0,0,0,0,0,7,9,10,15,18,19,19,25,27,36,86,113,115,100,129,143,191,195,251,255,375,415,459,507,566,600,530,629,652,737,710,815,886,902,850,829,863,867,887,902,936,903,869,874,953,920,900,885,985,974,1024,1055,1070,999,995,1024,1094,1018,960,926,1010,890,832,826,839,639,619,624,583,382,382,378,347,219,133,54,35,0,0,0,0,0,0,0,,43900,122,1641,17563,11784,10277,2513
575,Euston Square,Nov-17, ,0,0,0,0,0,0,0,0,0,0,0,0,0,0,0,0,0,2,5,11,11,11,10,13,22,25,31,29,35,38,47,44,54,61,68,79,93,103,101,111,108,113,114,125,140,137,129,118,131,131,136,135,142,133,133,139,157,146,137,134,162,165,161,161,174,166,155,154,160,150,131,119,132,125,119,115,116,89,77,75,72,62,57,54,41,30,24,27,23,10,1,0,0,0,0,0,,6749,18,316,2734,1872,1408,401
576,Fairlop,Nov-17, ,0,0,0,0,0,0,0,0,0,0,0,0,2,2,3,4,5,5,8,10,10,8,7,7,8,8,10,13,15,14,14,15,15,15,16,18,18,18,19,22,24,20,22,22,21,17,20,20,20,18,16,15,16,15,13,14,18,19,16,16,16,14,12,13,14,12,10,9,9,8,8,7,6,6,6,5,5,4,3,3,3,4,3,3,2,0,0,0,0,0,0,0,0,0,0,0,,856,39,129,434,169,70,15
577,Farringdon,Nov-17, ,0,0,0,0,0,0,0,0,0,0,0,0,0,0,0,0,0,4,22,49,67,70,64,54,47,43,42,38,35,38,45,52,57,64,66,65,66,66,69,69,73,78,79,84,89,93,88,88,85,82,87,98,100,99,106,111,111,108,105,107,114,109,96,93,96,92,80,73,72,67,57,57,61,61,49,45,39,37,33,33,30,33,37,38,33,28,23,16,12,7,3,0,0,0,0,0,,4687,75,595,1962,1184,611,260
578,Finchley Central,Nov-17, ,0,0,0,0,0,0,0,0,0,0,0,0,1,2,3,4,6,9,12,20,26,33,29,30,31,38,37,48,52,67,76,86,79,95,103,104,91,105,104,99,89,99,99,108,109,116,104,94,88,89,78,68,79,85,72,57,57,64,62,64,68,70,63,57,68,77,69,50,47,52,46,42,34,34,32,33,24,20,17,21,24,26,20,16,10,10,7,6,3,1,0,0,0,0,0,0,,4118,57,553,2214,769,402,123
579,Finchley Road,Nov-17, ,0,0,0,0,0,0,0,0,0,0,0,0,3,4,4,7,8,10,11,17,22,28,30,36,46,61,66,70,75,92,99,101,110,135,152,157,163,174,176,173,173,179,181,178,182,192,192,182,173,175,176,179,187,186,171,159,162,167,160,172,181,179,147,135,126,122,112,110,100,96,91,85,74,70,66,65,64,63,58,54,50,54,54,52,44,36,26,19,12,8,0,0,0,0,0,0,,7909,64,726,4105,1773,886,355
580,Finsbury Park,Nov-17, ,0,0,0,0,0,0,0,0,0,0,0,0,27,29,35,44,58,65,74,98,122,145,147,146,184,243,257,262,293,368,375,422,451,507,477,492,546,595,592,598,620,611,568,611,639,631,576,595,590,554,486,473,469,478,435,448,459,459,408,417,459,475,457,456,461,416,364,348,346,322,281,261,252,236,213,199,202,188,173,167,171,165,143,119,108,99,71,38,20,12,4,0,0,0,0,0,,25405,430,2964,13042,5179,2840,950
581,Fulham Broadway,Nov-17, ,0,0,0,0,0,0,0,0,0,0,0,0,0,0,0,0,0,0,2,8,15,18,20,23,30,40,51,58,62,70,78,87,97,107,113,118,133,150,164,167,173,178,171,169,174,176,168,158,157,155,154,145,135,137,142,143,151,161,158,160,168,169,150,139,132,120,103,87,85,83,83,75,71,64,60,54,50,45,47,49,55,61,59,49,37,32,23,16,7,2,0,0,0,0,0,0,,6951,10,552,3584,1698,766,341
582,Gants Hill,Nov-17, ,0,0,0,0,0,0,0,0,0,0,0,0,13,17,23,29,34,32,39,59,70,66,57,62,64,72,74,84,90,92,87,93,108,109,101,104,118,121,115,110,112,110,102,99,106,116,111,105,99,98,88,83,83,82,77,72,71,68,67,67,70,67,65,61,60,56,55,52,49,47,41,39,39,43,39,35,30,28,26,24,23,21,21,19,15,9,5,4,3,0,0,0,0,0,0,0,,4905,246,911,2429,759,440,120
583,Gloucester Road,Nov-17, ,0,0,0,0,0,0,0,0,0,0,0,0,8,9,9,9,12,15,19,30,44,52,50,61,76,95,110,140,175,217,248,276,292,312,306,304,293,292,261,244,228,236,228,226,223,231,224,216,222,233,233,234,240,248,244,247,256,263,252,251,259,266,259,259,256,250,238,227,207,192,179,187,189,177,139,115,102,99,91,92,92,90,82,96,103,87,52,30,13,4,0,0,0,0,0,0,,13126,111,1544,6017,3036,1769,649
584,Golders Green,Nov-17, ,0,0,0,0,0,0,0,0,0,0,0,0,5,5,9,14,17,16,18,25,40,47,46,39,54,68,75,78,101,118,124,127,147,158,158,148,152,165,165,163,163,168,164,170,176,176,167,158,154,160,154,147,137,144,142,138,131,130,128,128,134,138,131,123,117,112,100,93,87,83,74,70,64,60,57,59,58,53,47,47,47,43,35,31,24,17,12,9,7,0,0,0,0,0,0,0,,7249,109,917,3774,1465,759,225
585,Goldhawk Road,Nov-17, ,0,0,0,0,0,0,0,0,0,0,0,0,0,0,0,0,2,3,4,5,7,10,10,10,11,16,17,18,22,27,30,33,38,38,34,32,33,36,34,34,36,37,33,30,32,32,29,28,31,33,31,26,24,24,25,24,25,28,26,24,25,29,29,27,23,24,23,21,18,16,15,14,13,11,10,10,8,8,7,8,8,6,7,9,11,8,4,2,0,0,0,0,0,0,0,0,,1476,14,211,754,304,138,55
586,Goodge Street,Nov-17, ,0,0,0,0,0,0,0,0,0,0,0,0,2,2,2,2,3,3,4,5,6,7,6,7,8,10,10,11,17,23,29,32,35,34,35,36,39,38,37,36,42,45,51,55,58,59,62,68,73,81,89,91,88,89,89,91,96,104,100,107,110,115,106,111,105,99,84,78,67,61,54,47,41,41,41,41,41,37,33,35,37,33,28,26,24,22,15,8,2,1,0,0,0,0,0,0,,3560,23,166,1421,1215,539,196
587,Grange Hill,Nov-17, ,0,0,0,0,0,0,0,0,0,0,0,0,0,0,0,0,0,0,0,0,0,3,4,4,3,4,6,6,4,4,7,7,6,7,9,9,9,9,8,8,8,7,7,7,7,7,8,9,8,6,6,5,5,4,4,4,4,4,4,4,4,3,3,2,3,4,3,2,2,2,1,2,1,1,1,1,1,1,1,1,1,1,1,1,0,0,0,0,0,0,0,0,0,0,0,0,,278,0,52,167,40,15,4
588,Great Portland Street,Nov-17, ,0,0,0,0,0,0,0,0,0,0,0,0,0,0,0,0,0,4,5,9,10,10,9,12,17,20,21,23,29,38,46,52,56,59,59,59,58,59,58,62,62,61,56,62,66,65,58,57,59,62,63,70,76,79,78,82,84,86,77,76,77,77,64,62,63,63,58,55,50,46,41,38,37,35,32,30,32,32,27,23,22,22,23,30,32,24,14,9,5,2,2,0,0,0,0,0,,3281,18,287,1526,842,423,185
590,Green Park,Nov-17, ,0,0,0,0,0,0,0,0,0,0,0,0,42,41,38,43,46,47,44,54,64,62,52,49,53,59,60,65,70,84,98,115,135,155,178,208,284,346,449,498,509,439,404,384,387,392,397,413,428,440,465,509,547,576,607,659,704,738,743,756,774,798,775,746,733,732,674,589,507,430,369,341,334,307,272,260,258,248,236,243,245,244,237,242,253,256,222,136,56,8,7,2,0,0,0,0,,25470,355,831,9809,8762,3805,1908
589,Greenford,Nov-17, ,0,0,0,0,0,0,0,0,0,0,0,0,0,0,0,0,0,14,37,55,53,45,41,41,43,43,45,49,59,59,59,59,66,67,67,67,74,75,73,67,72,74,74,72,71,73,70,69,67,68,61,56,53,53,49,51,50,53,48,49,49,47,44,43,41,38,36,35,31,26,23,25,28,26,21,19,17,15,15,15,14,11,9,8,6,4,3,1,1,1,0,0,0,0,0,0,,3143,106,596,1589,533,261,58
591,Gunnersbury,Nov-17, ,0,0,0,0,0,0,0,0,0,0,0,0,0,0,0,0,0,0,0,0,6,10,14,17,24,25,26,32,41,42,41,50,61,64,61,61,61,61,62,70,75,76,70,71,70,69,65,60,54,52,53,51,50,47,44,44,47,46,47,48,47,52,55,55,52,54,47,40,35,33,28,26,23,21,19,19,19,17,14,10,11,10,11,9,7,4,2,2,1,0,0,0,0,0,0,0,,2691,0,328,1452,590,264,57
592,Hainault,Nov-17, ,0,0,0,0,0,0,0,0,0,0,0,0,7,10,13,16,18,26,37,45,41,36,33,32,32,36,37,40,47,55,51,52,54,58,51,52,58,65,62,58,62,64,59,53,54,52,46,43,41,44,41,39,35,35,34,31,31,29,29,31,34,33,30,29,29,26,24,27,26,20,16,17,16,14,13,12,11,11,11,11,12,9,10,9,7,3,1,1,1,0,0,0,0,0,0,0,,2438,172,492,1191,352,178,53
593,Hammersmith (Dis),Nov-17, ,0,0,0,0,0,0,0,0,0,0,0,0,17,16,22,29,39,45,59,71,97,110,123,128,151,173,181,201,248,297,331,344,367,390,398,371,373,388,391,384,410,434,444,423,420,419,419,403,412,418,398,379,396,417,412,407,407,423,423,443,452,455,417,407,391,380,341,318,305,308,287,258,244,228,201,175,156,175,245,263,360,508,542,343,191,108,78,49,23,9,1,0,0,2,0,0,,22271,298,2384,9673,4857,2845,2214
773,Hammersmith (H&C),Nov-17, ,0,0,0,0,0,0,0,0,0,0,0,0,0,0,0,0,5,10,16,20,24,31,35,33,34,47,59,65,67,81,93,99,107,113,122,123,134,140,151,151,137,136,147,151,146,153,158,157,158,158,150,147,149,158,160,150,145,158,157,157,151,161,153,159,143,137,122,117,108,101,90,78,71,67,64,61,56,52,61,69,72,87,98,94,73,58,32,17,0,0,0,0,0,0,0,0,,7344,51,668,3456,1760,878,531
594,Hampstead,Nov-17, ,0,0,0,0,0,0,0,0,0,0,0,0,2,1,1,2,2,2,4,7,8,8,9,11,13,16,19,22,27,32,36,38,43,50,55,59,65,70,74,76,85,89,94,94,92,91,96,103,112,113,114,116,125,124,126,132,143,147,146,152,151,151,130,123,120,116,97,83,76,65,56,51,49,47,40,37,40,43,39,38,40,40,37,37,33,21,12,6,3,0,0,0,0,0,0,0,,4827,21,239,2198,1559,581,229
595,Hanger Lane,Nov-17, ,0,0,0,0,0,0,0,0,0,0,0,0,0,0,0,0,0,2,17,30,40,36,32,29,32,33,32,42,53,59,57,63,71,74,68,62,67,68,68,64,65,61,56,54,56,56,54,52,55,51,50,48,49,45,43,40,43,40,36,34,40,41,39,39,37,35,32,32,32,30,25,20,20,20,18,16,17,16,14,12,13,13,12,10,9,6,3,2,1,0,0,0,0,0,0,0,,2691,49,508,1377,448,240,69
596,Harlesden,Nov-17, ,0,0,0,0,0,0,0,0,0,0,0,0,0,0,0,0,1,1,4,15,28,28,20,16,20,22,26,26,31,30,29,27,34,35,34,32,36,36,35,33,33,34,37,42,44,44,41,40,43,46,45,47,47,43,36,35,40,41,37,36,40,40,35,33,35,36,31,28,28,28,27,25,25,24,28,29,24,18,14,12,11,10,10,10,10,7,5,4,2,0,0,0,0,0,0,0,,2039,21,303,932,432,282,69
597,Harrow & Wealdstone,Nov-17, ,0,0,0,0,0,0,0,0,0,0,0,0,0,0,0,0,0,0,5,17,34,38,35,32,39,38,43,45,53,54,63,61,63,69,74,70,64,71,68,67,72,81,76,65,68,69,72,66,70,67,66,56,56,53,53,49,51,50,51,47,50,51,55,50,50,48,48,41,40,35,31,27,32,29,26,19,18,15,13,15,17,15,8,6,4,3,3,1,2,0,0,0,0,0,0,0,,3093,22,535,1585,592,300,59
598,Harrow-on-the-Hill,Nov-17, ,0,0,0,0,0,0,0,0,0,0,0,0,0,0,0,0,0,0,32,67,87,79,68,71,73,71,73,79,95,103,102,106,119,128,130,134,146,155,159,158,166,178,185,182,180,184,184,183,184,182,175,173,175,176,176,170,167,168,164,176,183,178,145,127,114,107,94,87,85,80,72,63,61,59,59,52,50,47,43,38,34,31,29,27,22,19,16,12,7,4,3,0,0,0,0,0,,7711,99,1007,3982,1710,709,204
779,Hatton Cross,Nov-17, ,0,0,0,0,0,0,0,0,0,0,0,0,17,22,24,23,27,32,33,36,42,40,36,30,35,34,45,50,53,50,53,55,62,67,70,66,63,58,62,62,59,59,65,62,60,60,60,53,50,53,54,51,43,44,43,46,45,46,45,47,48,46,42,38,39,40,39,37,35,34,29,28,27,28,24,21,19,16,14,15,17,17,17,18,14,9,6,3,2,1,1,0,0,0,0,0,,3016,214,523,1372,512,290,105
780,Heathrow Terminals 123,Nov-17, ,0,0,0,0,0,0,0,0,0,0,0,0,16,19,28,37,39,43,52,73,102,128,145,158,168,169,167,172,179,186,178,178,182,190,184,183,179,175,171,179,183,182,180,193,203,217,213,207,192,196,193,186,179,191,194,192,186,190,187,187,189,192,194,189,180,187,215,235,222,218,231,254,243,217,190,205,229,244,249,271,276,241,165,114,83,55,20,5,1,0,0,0,0,0,0,0,,12845,307,1930,4544,2331,2773,960
781,Heathrow Terminal 4,Nov-17, ,0,0,0,0,0,0,0,0,0,0,0,0,0,0,7,9,13,18,19,26,37,50,54,59,56,56,54,50,40,29,23,24,26,28,27,37,45,43,35,33,37,45,58,62,62,58,60,63,69,70,66,56,46,41,43,44,45,54,64,72,67,71,71,71,76,83,91,85,74,68,77,78,61,44,39,44,54,64,57,50,45,38,22,14,15,13,9,0,0,0,0,0,0,0,0,0,,3494,92,532,1154,850,710,156
783,Heathrow Terminal 5,Nov-17, ,0,0,0,0,0,0,0,0,0,0,0,0,12,19,33,43,40,31,35,50,60,55,50,56,69,79,86,89,89,86,79,72,74,77,75,84,93,99,89,90,95,111,119,127,120,113,107,133,149,157,141,135,126,118,112,115,118,111,110,125,133,135,134,140,135,132,125,126,118,116,109,124,139,158,161,173,167,157,145,157,164,164,132,102,72,48,17,4,0,0,0,0,0,0,0,0,,7743,263,870,2659,1524,1724,703
601,Hendon Central,Nov-17, ,0,0,0,0,0,0,0,0,0,0,0,0,5,5,10,13,19,19,30,45,63,67,61,57,64,73,72,80,102,113,108,107,126,135,129,123,129,126,118,115,126,134,136,135,131,127,119,115,117,122,114,103,98,100,98,94,94,92,86,83,87,94,97,94,88,82,74,73,72,67,56,50,45,42,38,35,32,32,30,28,25,24,19,18,15,12,8,6,4,0,0,0,0,0,0,0,,5685,146,967,2870,1044,527,131
602,High Barnet,Nov-17, ,0,0,0,0,0,0,0,0,0,0,0,0,2,3,4,4,4,6,11,16,18,19,18,23,30,36,34,36,40,44,45,52,57,58,58,62,67,70,68,69,68,68,64,63,61,58,53,52,52,49,44,42,41,39,36,39,40,44,43,44,46,47,41,38,39,41,34,31,26,24,22,22,21,18,15,13,12,12,11,10,9,7,8,7,5,2,1,2,0,0,0,0,0,0,0,0,,2518,50,395,1338,488,206,41
605,High Street Kensington,Nov-17, ,0,0,0,0,0,0,0,0,0,0,0,0,1,0,0,0,0,0,6,12,18,20,21,24,29,34,38,50,69,84,99,110,127,137,135,136,147,162,154,160,169,187,191,201,203,208,204,211,213,229,235,252,258,264,263,272,300,309,305,304,317,321,299,321,324,285,194,161,149,138,114,98,91,85,77,69,60,57,53,57,56,59,59,66,58,42,23,15,8,4,2,0,0,0,0,0,,10213,19,596,4718,3440,1048,392
603,Highbury & Islington,Nov-17, ,0,0,0,0,0,0,0,0,0,0,0,0,12,13,12,14,17,21,24,35,48,61,65,68,76,89,98,107,137,173,192,194,214,248,273,275,289,311,330,330,333,349,361,355,353,356,350,327,327,331,320,302,298,305,295,283,283,298,303,305,311,323,318,302,284,275,264,238,213,199,184,162,149,143,132,123,121,126,131,139,137,140,144,147,139,114,74,40,21,14,6,2,1,0,0,0,,15276,148,1308,7515,3504,1822,979
604,Highgate,Nov-17, ,0,0,0,0,0,0,0,0,0,0,0,0,1,1,2,2,4,6,7,9,15,20,22,24,31,37,40,43,55,63,65,66,81,96,97,91,96,109,109,105,103,108,111,110,110,111,103,99,99,99,86,79,80,81,78,76,81,78,77,77,79,75,72,70,70,68,61,56,49,43,37,33,31,26,23,21,20,19,18,18,18,17,15,13,11,7,3,1,1,0,0,0,0,0,0,0,,4118,32,481,2317,864,338,86
606,Hillingdon,Nov-17, ,0,0,0,0,0,0,0,0,0,0,0,0,0,0,0,0,0,5,6,5,5,7,8,9,11,13,13,15,15,18,21,24,27,29,33,32,31,27,30,32,31,25,22,22,23,20,19,21,24,23,20,21,22,20,16,17,21,23,18,18,21,23,21,19,17,15,17,14,12,10,11,11,11,8,8,7,7,6,5,5,6,5,3,2,2,2,1,1,0,0,0,0,0,0,0,0,,1112,16,159,587,227,101,22
607,Holborn,Nov-17, ,0,0,0,0,0,0,0,0,0,0,0,0,35,34,33,30,31,31,35,45,50,45,39,42,49,55,63,69,84,103,121,135,156,177,185,198,216,220,211,207,218,226,238,259,285,294,284,290,306,319,322,339,371,406,420,429,444,464,469,476,496,517,542,544,507,437,378,355,333,301,259,254,261,250,214,198,225,236,216,197,193,205,214,213,176,151,96,45,13,11,3,0,0,0,0,0,,17598,274,855,6576,5629,2944,1320
608,Holland Park,Nov-17, ,0,0,0,0,0,0,0,0,0,0,0,0,3,2,2,3,4,4,4,5,7,7,7,8,10,12,16,18,21,26,34,34,38,47,54,48,45,51,54,58,60,61,55,58,63,65,63,63,61,58,55,61,65,65,54,55,61,65,60,62,66,66,59,56,55,53,46,40,36,34,28,24,20,20,18,16,15,16,13,12,12,14,12,11,10,9,5,2,1,0,0,0,0,0,0,0,,2601,27,200,1357,689,252,76
609,Holloway Road,Nov-17, ,0,0,0,0,0,0,0,0,0,0,0,0,4,5,7,7,7,9,12,18,25,27,26,28,36,41,42,45,59,73,78,76,86,100,107,105,110,127,133,137,135,140,139,140,140,146,142,129,122,126,128,121,113,114,112,109,109,112,107,100,96,96,90,90,89,91,83,73,67,64,56,48,49,47,42,38,38,35,33,32,32,29,23,23,25,21,12,6,5,3,3,0,0,0,0,0,,5453,69,556,2961,1136,549,182
610,Hornchurch,Nov-17, ,0,0,0,0,0,0,0,0,0,0,0,0,0,4,5,6,6,8,7,10,10,11,8,11,12,13,14,18,18,19,22,24,22,19,24,27,26,24,27,26,22,24,25,23,20,19,19,19,19,18,20,18,14,14,16,18,15,14,14,13,15,15,17,16,18,17,14,13,13,12,10,10,10,9,7,6,6,6,6,6,8,7,5,4,4,2,0,1,0,0,0,0,0,0,0,0,,1042,46,180,503,181,101,31
611,Hounslow Central,Nov-17, ,0,0,0,0,0,0,0,0,0,0,0,0,11,15,19,24,25,28,33,41,38,31,31,35,42,41,43,43,50,54,57,63,70,70,62,62,70,71,69,67,73,76,77,75,76,74,69,62,62,59,58,55,52,46,43,44,44,44,41,43,45,47,44,41,41,38,33,28,27,24,23,20,19,18,16,16,15,15,13,12,11,9,7,6,6,4,3,2,1,0,0,0,0,0,0,0,,3022,196,528,1542,489,218,49
612,Hounslow East,Nov-17, ,0,0,0,0,0,0,0,0,0,0,0,0,14,19,22,24,32,36,40,49,51,47,41,46,48,55,58,62,65,70,69,73,73,72,72,78,75,74,73,72,76,83,83,78,82,82,79,75,76,68,62,56,58,53,50,51,57,54,51,51,55,55,56,54,51,50,47,42,35,33,30,26,24,25,24,22,21,22,19,16,13,13,10,9,8,7,4,2,1,0,0,0,0,0,0,0,,3609,236,685,1701,623,297,67
613,Hounslow West,Nov-17, ,0,0,0,0,0,0,0,0,0,0,0,0,22,26,27,29,30,36,36,39,37,39,36,36,37,39,44,51,57,59,61,68,76,81,77,74,77,80,76,79,86,90,88,87,89,83,72,62,59,59,58,56,54,52,47,43,44,43,43,44,45,46,41,40,40,41,36,35,34,32,27,28,29,29,23,21,21,23,20,17,12,12,11,10,6,6,6,5,2,1,0,0,0,0,0,0,,3387,245,564,1705,498,304,71
614,Hyde Park Corner,Nov-17, ,0,0,0,0,0,0,0,0,0,0,0,0,4,4,5,5,5,5,7,9,10,12,12,12,15,16,15,12,17,24,34,39,43,44,49,55,72,95,122,126,127,140,148,157,166,165,142,137,142,144,146,148,148,154,162,173,179,186,185,195,194,189,182,180,171,156,152,143,123,97,81,68,55,48,47,47,42,39,36,36,39,39,38,37,40,35,22,12,5,3,0,0,0,0,0,0,,6368,44,218,3005,2112,719,270
615,Ickenham,Nov-17, ,0,0,0,0,0,0,0,0,0,0,0,0,0,0,0,0,0,2,2,2,2,3,3,5,7,7,8,9,9,9,13,18,21,21,20,20,20,21,20,19,18,17,14,14,15,14,12,12,14,14,11,11,10,11,11,12,11,11,10,9,8,8,9,9,8,7,6,5,5,4,3,3,4,3,2,2,2,2,2,2,2,2,2,2,3,2,1,1,0,0,0,0,0,0,0,0,,621,6,93,372,101,34,15
616,Kennington,Nov-17, ,0,0,0,0,0,0,0,0,0,0,0,0,9,8,11,13,16,17,21,24,27,32,34,33,33,40,46,49,56,73,81,85,93,111,112,108,107,115,118,118,116,118,116,110,106,107,108,102,99,96,94,87,86,84,83,79,76,75,76,78,80,82,78,76,76,78,75,72,65,57,46,42,38,38,35,31,26,24,25,28,26,26,23,22,19,17,11,7,0,0,0,0,0,0,0,0,,4709,119,589,2473,922,455,151
617,Kensal Green,Nov-17, ,0,0,0,0,0,0,0,0,0,0,0,0,0,0,0,0,0,0,2,4,11,17,18,18,21,25,30,32,39,40,36,39,51,56,53,51,54,54,51,52,57,57,52,54,55,52,45,43,44,45,43,40,39,41,40,37,36,40,38,34,32,32,30,29,30,29,28,28,25,21,21,21,19,16,14,14,14,12,10,10,10,9,9,8,8,6,4,2,2,0,0,0,0,0,0,0,,2139,6,326,1166,386,197,58
618,Kensington (Olympia),Aut-11,A,0,0,0,0,0,0,0,0,0,0,0,0,0,0,0,0,0,0,0,0,0,0,0,0,13,9,5,5,7,12,14,13,16,23,31,27,26,20,22,30,42,53,62,64,67,82,85,88,91,104,122,149,145,117,109,154,165,168,167,183,165,137,117,108,101,86,75,91,107,110,89,69,64,50,32,37,49,50,26,17,10,14,20,18,14,6,5,0,0,0,0,0,0,0,0,0,,4157,0,78,1729,1563,700,87
619,Kentish Town,Nov-17, ,0,0,0,0,0,0,0,0,0,0,0,0,3,3,5,8,9,10,11,17,24,30,30,33,35,38,41,47,59,71,78,81,89,96,100,103,108,115,122,124,126,130,130,130,132,136,132,129,134,135,131,126,128,124,123,122,121,124,122,122,131,144,134,119,114,110,97,89,80,73,71,77,75,67,57,49,48,47,46,43,68,94,99,74,52,31,17,7,4,0,0,0,0,0,0,0,,6164,66,567,2925,1427,733,446
620,Kenton,Nov-17, ,0,0,0,0,0,0,0,0,0,0,0,0,0,0,0,0,0,0,2,16,26,27,19,19,18,23,22,22,20,23,27,30,30,30,28,28,29,30,26,25,28,30,29,29,27,28,27,28,27,28,25,24,25,27,23,24,23,25,22,24,26,27,22,18,18,19,18,19,20,21,16,14,14,17,14,14,14,13,9,7,6,5,5,4,3,3,2,2,2,0,0,0,0,0,0,0,,1415,18,276,655,261,173,32
621,Kew Gardens,Nov-17, ,0,0,0,0,0,0,0,0,0,0,0,0,0,0,0,0,0,0,0,0,5,9,12,11,16,20,24,24,30,34,41,43,49,54,53,54,59,66,68,68,69,71,78,87,85,81,81,93,101,108,114,128,138,146,145,168,202,230,196,159,134,138,138,143,126,95,67,50,41,31,25,22,19,16,13,13,13,11,10,9,11,9,7,7,7,5,2,2,1,0,0,0,0,0,0,0,,4385,0,269,2164,1678,223,51
622,Kilburn,Nov-17, ,0,0,0,0,0,0,0,0,0,0,0,0,5,9,12,16,26,33,34,39,59,74,72,67,84,97,96,99,129,148,150,140,159,173,171,161,177,192,182,172,176,185,180,173,173,178,178,169,170,168,162,160,170,168,147,131,132,135,128,119,119,121,122,120,121,116,106,95,87,78,74,70,69,67,61,48,46,53,53,44,41,43,41,34,32,31,26,16,8,0,0,0,0,0,0,0,,7920,174,1215,4075,1434,750,272
623,Kilburn Park,Nov-17, ,0,0,0,0,0,0,0,0,0,0,0,0,0,0,0,0,0,0,0,7,15,22,19,19,21,27,32,36,42,50,59,60,65,73,77,70,71,77,78,76,76,78,77,75,71,74,72,73,70,68,63,62,62,62,61,58,56,55,52,52,57,60,52,47,47,50,45,46,43,39,33,31,29,25,22,21,21,22,22,20,19,17,15,13,11,12,10,6,1,0,0,0,0,0,0,0,,3149,7,402,1689,619,328,104
625,King's Cross St. Pancras,Nov-17, ,0,0,0,0,0,0,0,0,0,0,0,0,75,76,76,83,91,102,124,151,192,210,220,230,299,350,382,452,620,812,924,1123,1491,1715,1658,1631,1858,1953,1782,1638,1720,1814,1752,1767,1850,1885,1723,1702,1762,1844,1747,1729,1753,1837,1769,1791,1940,2015,1902,1873,2083,2089,2022,1999,2281,2346,2119,1900,2115,2217,1935,1710,1765,1628,1389,1315,1354,1232,1271,1288,1214,981,887,785,795,644,401,153,101,53,14,0,0,0,0,0,,98579,778,5814,42171,24569,19219,6028
624,Kingsbury,Nov-17, ,0,0,0,0,0,0,0,0,0,0,0,0,5,10,15,22,24,34,43,58,54,52,46,49,46,51,49,49,52,59,60,65,72,83,85,88,95,102,97,87,89,97,99,93,89,89,95,92,86,81,78,81,84,81,74,73,71,62,56,58,58,57,51,49,49,52,51,48,41,35,31,28,30,29,28,26,25,21,20,21,20,18,12,9,9,9,6,3,2,1,0,0,0,0,0,0,,4019,211,632,2090,662,335,89
626,Knightsbridge,Nov-17, ,0,0,0,0,0,0,0,0,0,0,0,0,5,3,2,4,7,10,11,14,20,22,17,15,19,21,20,26,34,41,54,71,95,122,140,141,127,101,144,180,246,324,356,404,433,459,448,454,464,467,472,490,516,538,532,540,559,590,600,623,654,674,651,797,1045,1223,566,448,335,266,212,196,173,146,114,106,110,108,96,95,97,99,98,103,106,100,75,42,16,3,0,0,0,0,0,0,,19735,56,360,8193,8430,1957,739
627,Ladbroke Grove,Nov-17, ,0,0,0,0,0,0,0,0,0,0,0,0,0,0,0,0,0,4,4,7,12,16,17,18,24,31,33,32,37,42,45,47,54,60,66,79,85,93,99,110,111,113,113,113,114,114,112,120,121,116,105,106,109,115,115,114,115,117,120,122,122,112,102,93,87,80,70,61,53,48,44,42,40,38,33,31,32,34,33,28,22,21,21,22,20,15,10,6,3,1,1,0,0,0,0,0,,4625,15,354,2457,1201,456,142
628,Lambeth North,Nov-17, ,0,0,0,0,0,0,0,0,0,0,0,0,0,0,0,0,0,0,0,4,12,17,16,17,19,24,31,39,46,57,69,76,82,90,91,93,93,89,79,79,81,81,81,81,84,78,76,79,89,92,87,79,76,83,92,90,87,87,90,88,87,84,80,83,89,78,56,49,49,45,35,31,29,28,25,23,20,18,16,19,19,19,17,18,16,15,9,4,0,0,0,0,0,0,0,0,,3865,4,423,2025,958,338,117
629,Lancaster Gate,Nov-17, ,0,0,0,0,0,0,0,0,0,0,0,0,6,7,8,8,8,10,11,16,21,23,21,23,29,42,49,62,85,118,143,153,154,157,157,152,149,145,138,133,134,133,129,122,116,111,111,118,124,123,127,134,139,144,143,143,143,147,148,154,156,149,139,127,121,112,107,99,89,75,64,58,54,48,42,37,35,33,28,26,27,29,27,35,43,38,18,5,0,0,0,0,0,0,0,0,,6492,74,769,3236,1602,589,222
630,Latimer Road,Nov-17, ,0,0,0,0,0,0,0,0,0,0,0,0,0,0,0,0,0,2,2,4,5,5,6,8,11,12,12,14,17,18,17,21,26,28,24,24,30,32,28,29,33,37,34,36,34,34,29,29,28,34,34,30,27,28,29,28,32,35,35,34,36,34,28,27,36,36,30,27,29,25,22,19,19,18,16,15,15,13,9,9,9,9,7,7,7,6,4,2,1,0,1,1,0,0,0,0,,1532,8,146,725,390,209,54
631,Leicester Square,Nov-17, ,0,0,0,0,0,0,0,0,0,0,0,0,91,86,77,84,85,69,50,59,66,62,49,44,44,43,43,49,60,66,76,88,107,121,138,155,184,201,208,218,257,308,363,410,459,508,555,606,661,714,757,802,831,856,879,919,946,964,983,1021,1067,1114,1159,1203,1189,1117,1034,1042,1032,985,957,998,1009,980,919,981,1079,1060,878,792,772,789,806,820,713,513,306,67,27,16,0,0,0,0,0,0,,41846,601,690,11217,12839,11670,4829
632,Leyton,Nov-17, ,0,0,0,0,0,0,0,0,0,0,0,0,24,29,36,62,78,82,86,123,165,173,163,153,162,163,170,175,206,223,232,218,235,250,250,240,259,275,270,260,273,274,268,267,281,289,281,276,276,266,242,237,244,250,232,218,211,214,208,206,207,199,185,173,170,163,147,129,118,112,104,96,91,84,77,67,65,59,56,53,51,46,39,34,31,25,14,4,1,0,0,0,0,0,0,0,,12375,520,2203,6213,2212,982,245
633,Leytonstone,Nov-17, ,0,0,0,0,0,0,0,0,0,0,0,0,13,16,22,28,41,47,52,68,98,107,99,88,104,121,129,128,145,157,153,153,169,184,185,181,198,219,227,212,212,214,219,217,218,216,209,201,196,190,175,163,157,153,150,149,148,145,137,135,130,128,120,119,117,118,110,99,82,74,72,75,70,67,61,60,55,51,42,39,38,34,28,24,21,15,7,4,2,0,0,0,0,0,0,0,,8810,287,1482,4614,1506,748,173
634,Liverpool Street,Nov-17, ,0,0,0,0,0,0,0,0,0,0,0,0,53,51,45,43,52,63,74,94,109,127,130,130,137,162,182,217,286,349,386,444,524,586,624,644,694,734,790,814,878,900,912,910,959,995,1007,1006,1026,1013,1004,1003,1041,1012,991,978,1025,1020,998,957,968,941,905,886,887,838,760,702,671,621,572,536,518,465,418,407,422,410,382,353,335,309,272,256,240,217,173,124,78,40,9,0,0,0,0,0,,42894,475,2659,21045,10887,5775,2053
635,London Bridge,Nov-17, ,0,0,0,0,0,0,0,0,0,0,0,0,37,36,37,42,52,56,67,85,123,149,161,176,192,212,232,264,319,371,410,430,510,600,647,648,691,757,798,813,854,908,914,920,929,956,945,942,961,970,964,942,969,993,1006,988,1025,1079,1088,1056,1095,1113,1075,1031,1036,995,908,820,781,749,693,621,595,566,509,452,452,444,442,411,400,364,338,300,287,255,201,109,42,0,0,0,0,0,0,0,,45408,412,3039,20625,12321,6715,2296
636,Loughton,Nov-17, ,0,0,0,0,0,0,0,0,0,0,0,0,5,5,5,6,6,7,10,14,15,15,14,17,19,22,22,25,28,31,35,39,42,42,46,48,50,52,56,57,57,56,54,53,54,52,49,47,47,47,43,37,36,37,39,40,47,47,45,42,43,37,36,34,32,26,23,20,20,17,15,12,12,12,11,10,10,10,10,9,8,6,7,6,4,2,2,1,1,0,0,0,0,0,0,0,,2098,58,282,1141,432,148,37
637,Maida Vale,Nov-17, ,0,0,0,0,0,0,0,0,0,0,0,0,0,0,0,0,0,0,0,2,6,10,12,12,15,19,23,26,31,39,44,47,53,59,62,63,69,72,71,64,66,74,76,70,68,69,65,63,64,67,63,60,56,55,49,49,47,53,50,49,45,49,47,44,41,42,38,33,30,29,25,24,23,21,17,16,16,17,15,15,13,12,11,11,11,9,6,4,0,0,0,0,0,0,0,0,,2676,2,284,1527,538,248,77
638,Manor House,Nov-17, ,0,0,0,0,0,0,0,0,0,0,0,0,8,10,17,23,27,29,33,45,67,83,82,73,86,108,117,109,129,158,161,148,162,185,184,172,186,209,211,194,186,196,195,194,196,205,198,186,185,186,183,168,168,165,153,141,146,151,140,132,132,138,132,127,127,127,118,108,103,97,86,77,71,67,61,60,59,56,47,43,46,51,49,42,30,18,9,6,5,3,2,0,0,0,0,0,,8587,192,1321,4408,1578,827,261
639,Mansion House,Nov-17, ,0,0,0,0,0,0,0,0,0,0,0,0,0,0,0,0,0,0,0,4,3,3,3,2,2,3,5,7,10,12,14,14,19,22,23,21,26,31,33,35,40,42,43,47,52,50,52,52,53,48,45,47,51,51,50,54,59,58,57,59,60,58,55,51,51,48,46,40,36,30,25,22,19,20,18,17,18,19,22,23,19,11,7,7,7,7,5,2,1,0,0,0,0,0,0,0,,2046,4,78,987,642,269,66
640,Marble Arch,Nov-17, ,0,0,0,0,0,0,0,0,0,0,0,0,15,14,14,20,26,26,24,30,35,42,42,42,36,39,46,58,68,83,97,108,111,125,137,143,139,141,142,146,162,187,197,198,206,235,240,245,246,259,263,279,301,333,354,365,381,405,406,413,418,414,392,413,443,439,365,301,263,239,198,213,229,205,142,119,115,116,113,108,107,109,118,129,130,108,61,20,0,0,0,0,0,0,0,0,,13651,169,696,5154,4790,2060,782
641,Marylebone,Nov-17, ,0,0,0,0,0,0,0,0,0,0,0,0,0,0,0,0,0,0,0,0,4,10,13,13,25,39,61,48,69,91,113,102,148,166,200,214,255,233,252,218,241,219,222,193,227,202,187,168,209,220,235,194,207,201,221,188,224,231,266,246,274,248,288,303,395,388,411,338,319,256,273,225,224,167,207,182,184,92,105,94,110,59,61,50,52,27,18,9,0,0,0,1,0,0,0,0,,11935,0,588,5020,3612,2328,387
642,Mile End,Nov-17, ,0,0,0,0,0,0,0,0,0,0,0,0,20,24,30,38,49,53,51,53,70,87,89,82,93,113,126,131,156,189,203,200,218,255,263,252,275,318,330,303,301,325,335,324,311,318,307,300,296,300,288,272,271,267,253,238,243,247,235,225,226,233,229,216,207,206,193,180,171,170,150,131,121,115,106,92,88,81,76,75,73,70,64,60,56,51,42,27,15,6,4,0,0,0,0,0,,13261,318,1539,6920,2640,1376,468
643,Mill Hill East,Aut-08,A,0,0,0,0,0,0,0,0,0,0,0,0,0,0,0,0,0,0,0,0,5,5,5,4,2,3,7,11,14,17,20,16,13,10,10,9,17,18,17,11,19,25,26,23,27,27,21,13,11,12,14,15,20,18,15,9,17,16,17,14,17,17,17,9,9,15,16,10,9,6,6,7,9,3,4,5,3,1,3,4,3,3,5,4,3,3,3,2,0,0,0,0,0,0,0,0,,769,0,109,400,174,60,26
646,Moor Park,Nov-17, ,0,0,0,0,0,0,0,0,0,0,0,0,0,0,0,0,0,0,4,3,2,2,3,3,3,4,4,5,5,6,6,7,7,8,9,11,10,11,13,13,10,9,9,8,8,8,8,8,7,6,6,6,7,6,5,5,7,6,5,6,7,6,5,5,6,5,4,3,4,4,3,3,2,2,2,4,4,3,2,1,2,3,2,2,1,0,0,0,0,0,0,0,0,0,0,0,,364,7,50,198,65,34,10
645,Moorgate,Nov-13,A,0,0,0,0,0,0,0,0,0,0,0,0,0,0,0,0,0,0,5,13,16,13,11,11,12,12,12,18,26,30,32,37,42,45,46,49,50,55,55,61,67,70,66,70,78,79,72,72,75,76,71,77,84,87,82,95,110,110,95,93,94,93,90,105,110,101,79,75,70,62,53,55,56,49,36,35,34,36,55,78,84,63,42,28,29,26,19,11,8,4,1,0,0,0,0,0,,3961,18,230,1624,1155,619,315
647,Morden,Nov-17, ,0,0,0,0,0,0,0,0,0,0,0,0,16,17,19,32,41,49,65,96,109,107,93,94,99,113,114,132,150,154,158,164,186,194,204,197,210,218,214,206,205,198,193,197,200,186,169,161,161,150,136,131,133,129,126,126,130,132,131,128,127,132,137,132,127,122,117,104,95,96,94,81,67,60,56,63,89,92,68,43,38,33,31,30,22,10,3,2,2,2,0,0,0,0,0,0,,8648,335,1487,4230,1519,904,173
648,Mornington Crescent,Nov-17, ,0,0,0,0,0,0,0,0,0,0,0,0,9,8,6,6,6,5,9,26,40,35,17,10,13,15,16,18,22,23,24,29,37,41,40,39,40,45,46,46,47,52,49,59,184,360,471,485,503,532,547,561,588,606,609,612,625,625,604,581,544,411,221,87,69,71,65,56,47,42,41,41,37,33,29,28,29,30,28,25,41,47,53,51,49,29,15,8,0,0,0,0,0,0,0,0,,11598,75,262,6599,3959,410,293
649,Neasden,Nov-17, ,0,0,0,0,0,0,0,0,0,0,0,0,4,6,8,16,19,20,18,26,38,42,40,37,40,43,44,47,53,58,54,48,51,57,62,62,64,60,58,55,58,59,63,65,67,68,66,63,66,68,65,61,62,64,65,62,60,59,55,54,57,62,61,55,49,46,47,45,43,37,32,26,24,21,18,18,20,17,14,14,14,11,9,9,8,6,5,3,2,0,0,0,0,0,0,0,,3153,117,544,1491,650,284,67
650,Newbury Park,Nov-17, ,0,0,0,0,0,0,0,0,0,0,0,0,13,17,25,34,42,42,46,58,67,62,54,56,61,62,66,71,81,91,89,85,86,100,97,106,110,119,105,98,94,102,100,99,96,96,92,88,81,79,76,75,70,66,60,56,54,54,54,56,58,59,52,49,46,46,43,42,40,39,34,31,29,26,23,22,22,18,17,15,13,13,13,12,8,4,2,2,0,0,0,0,0,0,0,0,,4269,277,845,2151,613,316,67
653,North Acton,Nov-17, ,0,0,0,0,0,0,0,0,0,0,0,0,4,6,9,14,18,19,21,28,39,40,36,38,47,50,47,54,71,85,85,83,87,97,102,104,106,110,106,99,98,103,101,102,104,107,102,99,101,102,95,86,83,80,77,76,79,74,75,85,93,83,69,67,68,66,59,52,51,47,43,40,38,35,31,31,28,27,27,24,23,22,20,16,16,13,8,6,3,2,1,1,0,0,0,0,,4544,119,675,2327,870,422,131
654,North Ealing,Nov-17, ,0,0,0,0,0,0,0,0,0,0,0,0,0,0,0,0,0,0,2,2,3,4,4,4,3,5,6,7,9,10,12,15,17,16,14,16,17,17,16,18,17,17,15,15,15,15,14,12,12,13,13,12,11,11,10,10,9,9,8,8,9,9,9,9,9,8,7,8,8,7,5,5,4,4,3,3,4,3,2,3,3,2,2,1,0,1,1,1,1,0,0,0,0,0,0,0,,594,4,82,343,102,51,12
789,North Greenwich,Nov-17, ,0,0,0,0,0,0,0,0,0,0,0,0,58,71,82,113,148,188,180,202,213,219,179,171,175,188,192,207,249,303,306,306,354,401,395,394,416,419,431,445,439,420,410,405,401,405,391,395,404,418,416,420,403,396,398,444,495,535,506,468,457,456,479,487,479,423,383,360,353,339,318,312,316,301,329,423,494,454,359,312,340,678,1068,1139,809,477,250,99,34,12,0,0,0,0,0,0,,28314,1042,2708,9820,5528,4310,4906
656,North Harrow,Nov-17, ,0,0,0,0,0,0,0,0,0,0,0,0,0,0,0,0,0,0,7,10,13,11,11,12,12,13,13,18,20,21,19,22,23,26,27,31,30,28,25,25,29,28,28,24,25,23,27,24,24,22,24,21,18,16,16,15,16,17,17,16,15,13,12,14,13,12,10,11,12,10,9,8,8,7,6,7,6,5,4,4,4,3,3,2,1,1,1,1,0,1,1,0,0,0,0,0,,1051,17,185,579,166,86,18
659,North Wembley,Nov-17, ,0,0,0,0,0,0,0,0,0,0,0,0,0,0,0,0,0,0,1,10,19,22,18,18,19,20,20,21,22,25,27,31,31,31,28,28,29,30,30,29,30,30,32,30,32,32,32,30,32,31,28,24,24,25,25,24,23,23,21,21,19,21,23,26,25,20,18,16,16,14,14,12,14,15,15,12,11,9,8,7,6,5,5,4,4,3,2,1,1,0,0,0,0,0,0,0,,1404,11,262,697,256,147,31
655,Northfields,Nov-17, ,0,0,0,0,0,0,0,0,0,0,0,0,9,12,13,15,18,20,21,26,29,27,25,27,36,41,41,43,53,61,59,61,69,75,70,70,73,75,72,70,70,72,72,71,72,76,73,70,66,60,50,48,48,49,45,45,45,48,48,47,46,47,44,43,42,42,37,35,33,32,25,22,21,23,20,18,14,14,13,12,10,10,9,10,10,9,6,3,2,0,0,0,0,0,0,0,,3038,134,503,1561,524,247,69
657,Northolt,Nov-17, ,0,0,0,0,0,0,0,0,0,0,0,0,0,0,0,0,0,19,49,70,62,58,49,45,49,53,53,59,67,67,67,76,86,87,84,92,103,104,96,92,91,87,87,89,92,91,85,80,79,77,73,70,68,64,57,51,49,51,51,54,56,58,54,52,48,48,45,41,39,37,35,32,31,28,24,22,21,20,18,17,17,15,13,10,8,6,4,1,0,1,0,0,0,0,0,0,,3834,138,705,1985,607,324,75
660,Northwick Park,Nov-17, ,0,0,0,0,0,0,0,0,0,0,0,0,0,0,0,0,0,0,14,25,31,27,26,32,38,41,38,38,39,41,43,44,53,56,57,58,63,60,55,52,56,59,56,54,55,60,56,57,57,56,50,45,44,46,46,45,45,48,47,49,50,49,42,41,40,39,36,36,32,25,23,31,36,35,30,27,22,19,18,17,13,12,10,9,8,6,5,2,1,1,1,0,0,0,0,0,,2678,39,438,1296,522,315,68
661,Northwood,Nov-17, ,0,0,0,0,0,0,0,0,0,0,0,0,0,0,0,0,0,0,5,10,11,8,7,11,15,18,19,22,26,28,29,34,41,43,41,43,44,44,40,43,44,46,42,41,40,40,36,35,34,32,29,29,29,27,24,25,26,29,27,27,28,27,23,20,21,20,18,16,16,14,12,13,15,14,11,8,7,7,8,7,7,7,6,6,5,4,2,1,0,0,0,0,0,0,0,0,,1587,15,228,892,282,132,38
662,Northwood Hills,Nov-17, ,0,0,0,0,0,0,0,0,0,0,0,0,0,0,0,0,0,1,5,10,13,11,12,13,11,11,12,15,17,18,20,24,27,31,32,31,30,33,35,35,35,32,29,26,26,28,30,31,26,24,21,22,20,18,15,16,19,18,16,16,17,15,15,16,16,14,13,13,12,13,10,10,8,9,7,8,6,6,5,7,7,6,5,4,3,2,1,2,2,0,0,0,0,0,0,0,,1167,16,177,653,188,101,32
663,Notting Hill Gate,Nov-17, ,0,0,0,0,0,0,0,0,0,0,0,0,8,9,9,11,13,16,18,21,27,36,38,41,51,64,70,83,98,117,125,140,152,189,214,225,216,227,243,250,263,280,301,307,323,327,328,316,314,316,326,327,333,333,314,312,336,357,342,344,361,357,327,308,314,311,284,248,226,206,181,166,172,172,152,128,117,113,102,99,101,106,103,97,88,72,45,22,9,3,1,0,0,0,0,0,,14101,105,890,6736,3889,1834,647
664,Oakwood,Nov-17, ,0,0,0,0,0,0,0,0,0,0,0,0,5,5,6,8,8,7,12,20,26,23,20,21,25,29,32,36,43,48,53,54,59,62,68,73,74,67,60,63,70,70,68,67,68,61,56,54,56,51,46,46,47,43,41,41,44,42,41,43,44,41,37,36,34,30,29,30,27,21,20,19,17,14,13,13,12,9,9,9,10,9,9,7,4,1,1,0,0,0,1,0,0,0,0,0,,2568,71,410,1411,451,183,42
665,Old Street,Nov-17, ,0,0,0,0,0,0,0,0,0,0,0,0,0,0,0,0,0,0,0,2,26,53,62,58,72,92,105,117,147,185,216,227,247,280,313,325,339,357,367,362,371,373,366,355,366,374,372,375,385,390,381,367,367,380,384,377,386,404,407,403,407,395,373,359,363,360,339,313,289,263,233,213,207,198,188,176,172,173,171,182,188,189,173,166,158,137,80,22,0,1,0,0,0,0,0,0,,18023,2,1360,8573,4509,2465,1114
667,Osterley,Nov-17, ,0,0,0,0,0,0,0,0,0,0,0,0,5,5,5,6,8,11,11,13,15,19,18,17,20,23,24,24,28,34,36,38,43,47,46,45,44,43,42,43,45,45,44,42,43,41,37,36,38,36,31,28,29,32,32,30,31,31,28,27,29,30,28,25,24,26,23,20,18,16,14,14,13,11,9,8,8,8,7,5,5,5,5,5,5,4,2,1,0,0,0,0,0,0,0,0,,1787,64,296,942,322,131,32
668,Oval,Nov-17, ,0,0,0,0,0,0,0,0,0,0,0,0,8,10,12,14,19,23,26,29,35,39,39,37,41,49,54,61,76,95,101,98,105,126,133,120,115,130,135,137,137,143,139,138,138,137,130,120,124,127,118,106,105,102,103,101,102,104,102,94,88,96,93,95,98,99,89,86,80,74,66,62,55,52,45,40,38,38,33,32,30,29,22,22,24,21,13,4,2,0,0,0,0,0,0,0,,5763,141,725,2969,1146,615,167
669,Oxford Circus,Nov-17, ,0,0,0,0,0,0,0,0,0,0,0,0,45,45,46,46,46,46,50,62,73,74,65,64,66,66,61,71,89,105,119,139,164,189,214,239,269,290,297,346,469,612,717,844,956,1044,1110,1196,1290,1372,1462,1541,1662,1765,1839,1926,2044,2139,2176,2222,2251,2183,2131,2521,2847,2628,1932,1603,1419,1219,968,900,865,790,672,631,624,645,622,598,547,561,537,497,435,379,244,108,26,15,8,6,1,0,0,0,,63185,386,992,21813,26677,9953,3364
670,Paddington,Nov-17, ,0,0,0,0,0,0,0,0,0,0,0,0,0,0,0,0,0,5,9,45,92,142,159,139,172,244,301,314,366,490,562,621,646,664,635,633,633,660,699,700,665,669,613,560,577,721,859,907,826,793,807,831,711,718,729,887,858,808,719,871,899,910,886,934,957,989,919,880,852,803,738,832,821,835,705,673,510,504,413,461,439,399,293,265,238,215,146,96,36,16,4,3,2,0,0,0,,41733,59,3602,17143,10630,8147,2152
671,Park Royal,Nov-17, ,0,0,0,0,0,0,0,0,0,0,0,0,0,0,0,0,0,0,3,6,9,8,8,6,8,9,11,14,17,20,20,22,23,24,23,23,27,26,26,25,29,25,22,20,21,20,20,21,24,26,26,23,22,24,27,30,29,26,23,27,29,31,26,25,26,27,23,21,24,24,20,16,16,16,15,11,34,51,48,25,25,24,19,14,12,12,9,5,3,2,1,0,0,0,0,0,,1477,9,152,577,313,300,126
672,Parsons Green,Nov-17, ,0,0,0,0,0,0,0,0,0,0,0,0,0,0,0,0,0,2,4,7,8,10,12,15,18,19,21,29,46,51,51,53,66,69,69,77,94,98,97,98,111,121,121,110,103,105,104,97,90,86,79,71,71,75,82,87,89,83,76,75,80,81,73,70,72,69,63,54,51,44,40,33,33,30,26,20,19,20,21,19,16,15,15,15,13,12,9,5,1,1,0,0,0,0,0,0,,3870,13,333,2181,885,356,102
673,Perivale,Nov-17, ,0,0,0,0,0,0,0,0,0,0,0,0,0,0,0,0,0,0,13,18,22,22,20,19,20,22,23,26,29,31,29,26,29,36,38,37,40,41,40,38,38,37,38,36,35,35,34,35,38,37,31,29,27,27,26,27,26,26,26,27,28,26,23,23,23,21,17,18,19,18,15,13,13,12,12,11,10,8,7,8,7,7,7,5,4,3,2,1,1,0,0,0,0,0,0,0,,1616,31,289,829,284,146,37
674,Piccadilly Circus,Nov-17, ,0,0,0,0,0,0,0,0,0,0,0,0,33,34,33,32,30,30,29,38,47,47,38,35,38,40,41,52,69,88,97,109,126,143,152,158,183,203,220,242,278,331,376,421,460,517,573,621,680,740,786,823,867,910,950,982,997,1028,1064,1082,1143,1235,1229,1218,1219,1202,1086,1030,986,942,897,881,863,846,793,771,756,833,806,807,736,700,621,616,572,435,247,91,33,23,17,7,0,0,0,0,,40514,259,701,11742,13533,10181,4098
776,Pimlico,Nov-17, ,0,0,0,0,0,0,0,0,0,0,0,0,5,6,7,8,9,9,11,17,25,32,34,38,43,53,64,82,98,119,133,144,159,177,175,164,168,178,184,184,190,193,188,183,186,193,198,199,199,198,192,184,181,184,178,167,165,172,181,182,175,164,152,166,162,142,114,109,95,83,78,81,79,69,53,44,44,43,38,32,32,32,32,30,27,21,13,10,0,0,0,0,0,0,0,0,,8159,72,865,4402,1884,739,197
675,Pinner,Nov-17, ,0,0,0,0,0,0,0,0,0,0,0,0,0,0,0,0,0,0,4,8,11,10,11,12,14,15,17,23,28,30,31,34,40,44,49,53,56,57,57,58,58,59,57,55,53,53,47,42,38,39,38,37,35,33,32,31,31,32,35,33,31,26,25,23,27,26,22,17,15,16,15,14,13,12,10,9,9,8,7,7,6,6,4,5,4,3,2,2,1,1,1,0,0,0,0,0,,1867,12,236,1121,328,135,35
676,Plaistow,Nov-17, ,0,0,0,0,0,0,0,0,0,0,0,0,0,0,0,13,23,36,49,58,72,74,68,65,70,70,72,80,94,104,106,103,109,110,103,98,103,103,99,96,92,93,98,98,100,104,101,94,96,96,88,83,82,82,79,75,75,76,77,73,70,68,67,63,65,70,67,62,58,56,46,39,39,40,35,29,28,27,24,21,21,20,16,12,12,11,7,3,2,2,1,0,0,0,0,0,,4821,179,978,2282,833,442,107
677,Preston Road,Nov-17, ,0,0,0,0,0,0,0,0,0,0,0,0,0,0,0,0,0,0,11,23,30,27,29,32,33,33,33,35,38,42,44,49,53,57,57,57,67,71,69,60,62,66,69,67,64,67,67,63,62,63,60,54,50,46,45,44,44,44,43,40,41,38,34,36,43,45,41,34,29,27,23,18,17,18,19,18,15,13,13,13,11,8,5,5,6,5,3,3,2,2,1,0,0,0,0,0,,2656,34,425,1440,483,223,51
678,Putney Bridge,Nov-17, ,0,0,0,0,0,0,0,0,0,0,0,0,0,0,0,0,0,0,5,10,16,18,16,19,26,29,30,37,45,49,54,64,73,75,74,77,83,88,88,90,96,107,114,111,102,93,88,87,90,92,84,76,74,80,83,88,86,84,78,83,82,89,81,75,65,62,55,49,44,39,33,30,28,27,24,23,22,20,19,19,21,19,18,14,14,10,7,3,2,0,0,0,0,0,0,0,,3856,15,403,2113,889,328,108
680,Queen's Park,Nov-17, ,0,0,0,0,0,0,0,0,0,0,0,0,0,0,0,0,0,1,3,14,28,35,31,32,42,47,48,51,66,77,78,78,90,99,100,101,108,115,113,113,116,127,124,118,118,122,116,109,112,115,105,92,90,88,82,79,84,80,73,81,92,92,79,72,68,66,62,59,56,53,45,40,34,33,31,32,30,27,24,23,26,25,23,17,14,10,9,5,3,0,0,0,0,0,0,0,,4651,18,613,2552,908,428,132
679,Queensbury,Nov-17, ,0,0,0,0,0,0,0,0,0,0,0,0,7,14,22,27,29,34,49,61,65,55,54,52,56,50,47,51,58,57,51,54,61,67,67,72,77,80,74,72,74,74,73,70,76,76,74,69,68,64,55,47,44,50,54,53,49,48,46,42,42,41,38,32,30,30,30,29,30,28,24,23,23,23,22,20,19,17,15,12,11,8,7,8,7,4,3,2,1,0,0,0,0,0,0,0,,3248,243,650,1591,457,256,51
681,Queensway,Nov-17, ,0,0,0,0,0,0,0,0,0,0,0,0,11,13,14,14,16,19,19,21,27,31,30,33,41,56,69,93,126,166,186,198,209,221,214,204,199,199,197,188,179,179,181,178,177,178,175,170,178,189,191,187,198,208,210,207,223,228,220,213,210,198,178,179,179,174,150,140,132,129,114,106,102,95,88,80,77,71,69,69,67,68,64,74,88,77,41,13,7,3,2,0,0,0,0,0,,9727,127,1056,4616,2292,1132,504
682,Ravenscourt Park,Nov-17, ,0,0,0,0,0,0,0,0,0,0,0,0,0,0,0,0,2,3,5,6,8,10,9,10,13,16,17,22,26,31,32,37,41,47,47,48,52,50,47,48,51,49,43,45,50,53,46,42,44,46,42,39,37,37,36,40,44,44,41,44,46,44,37,35,39,43,36,31,26,25,22,22,20,18,15,15,17,16,14,16,19,19,14,12,10,9,5,2,0,0,0,0,0,0,0,0,,2127,16,231,1080,484,226,90
683,Rayners Lane,Nov-17, ,0,0,0,0,0,0,0,0,0,0,0,0,0,0,0,0,0,7,22,34,32,27,27,30,34,40,41,42,44,52,53,57,60,64,67,66,68,72,76,74,72,74,75,79,81,78,71,66,65,61,59,57,57,53,46,42,42,44,44,45,44,43,43,42,41,40,40,38,37,32,27,23,21,19,15,15,15,16,13,14,15,16,12,10,7,5,4,4,3,1,0,0,0,0,0,0,,2955,63,479,1583,506,247,77
684,Redbridge,Nov-17, ,0,0,0,0,0,0,0,0,0,0,0,0,5,5,7,10,13,14,15,22,29,31,28,26,27,33,39,41,42,47,51,57,63,66,63,60,65,70,67,62,60,59,59,57,53,50,51,53,53,52,49,46,42,41,38,38,38,36,34,35,36,35,35,35,34,31,31,29,24,19,19,20,19,17,16,16,15,12,10,10,11,12,10,9,7,5,2,1,1,0,0,0,0,0,0,0,,2523,91,451,1317,409,197,58
685,Regent's Park,Nov-17, ,0,0,0,0,0,0,0,0,0,0,0,0,0,0,0,0,0,0,0,0,2,2,3,5,11,13,13,13,14,16,16,17,19,25,25,26,26,28,31,32,31,34,42,44,42,41,42,42,44,46,45,48,54,58,60,60,62,70,72,70,66,62,53,49,52,47,38,33,31,28,22,23,23,24,19,17,14,13,11,11,10,8,7,7,8,6,5,4,0,0,0,0,0,0,0,0,,2035,0,125,945,674,236,55
686,Richmond,Aut-14,A,0,0,0,0,0,0,0,0,0,0,0,0,0,0,0,0,0,2,10,21,34,37,41,46,70,79,69,69,108,146,166,171,176,191,207,182,162,182,216,204,203,177,203,220,217,158,164,193,145,66,0,0,102,93,112,145,180,186,194,189,201,177,160,121,93,77,83,69,54,55,61,76,68,56,38,37,27,41,43,38,26,22,14,17,25,21,12,5,6,0,0,0,0,0,0,0,,7259,33,1036,3718,1730,594,148
687,Rickmansworth,Nov-17, ,0,0,0,0,0,0,0,0,0,0,0,0,0,0,0,0,0,4,4,5,5,7,9,11,12,12,15,16,16,16,20,23,27,27,28,28,28,26,27,29,28,27,29,30,27,23,26,26,25,21,22,21,21,21,21,22,22,25,24,23,27,27,23,19,22,19,16,12,15,15,15,11,12,10,9,7,6,6,6,6,6,6,4,3,3,4,0,0,1,0,0,1,0,0,0,0,,1190,13,162,610,259,118,28
688,Roding Valley,Aut-06,A,0,0,0,0,0,0,0,0,0,0,0,0,0,0,0,0,0,0,0,0,0,0,0,1,2,2,1,1,0,0,1,2,1,1,1,1,5,8,7,4,4,3,3,1,3,3,5,2,4,2,3,1,2,0,3,4,4,4,4,4,3,2,2,3,2,1,2,2,1,0,0,1,1,0,0,0,0,0,0,0,0,0,0,0,0,0,0,0,0,0,0,0,0,0,0,0,,117,0,10,71,33,3,0
690,Royal Oak,Nov-17, ,0,0,0,0,0,0,0,0,0,0,0,0,0,0,0,0,0,2,2,4,7,9,8,12,15,17,14,16,20,24,26,28,35,36,33,30,35,38,39,37,38,41,45,44,44,43,43,42,40,44,43,41,34,34,33,39,42,42,39,42,42,40,38,40,39,37,34,33,31,29,25,23,25,27,23,17,13,12,13,15,16,15,12,10,8,9,7,5,2,1,0,0,0,0,0,0,,1941,8,196,931,468,253,85
691,Ruislip,Nov-17, ,0,0,0,0,0,0,0,0,0,0,0,0,0,0,0,0,0,2,3,6,7,6,5,7,9,11,12,14,15,15,19,23,27,29,34,34,35,36,37,36,36,37,35,35,34,34,31,28,31,30,31,27,24,22,22,25,24,24,21,23,23,23,19,19,19,18,16,13,11,10,9,9,9,8,7,7,6,4,4,4,5,6,6,5,4,3,2,2,1,1,0,0,0,0,0,0,,1269,11,143,750,242,88,35
692,Ruislip Gardens,Nov-17, ,0,0,0,0,0,0,0,0,0,0,0,0,0,0,0,0,0,4,7,8,5,5,6,6,6,10,10,10,10,12,13,15,16,16,15,16,17,20,19,19,20,23,23,22,19,19,18,15,13,13,12,11,10,10,9,8,7,7,8,8,9,8,7,8,8,8,6,6,6,5,5,5,4,4,3,3,3,3,2,1,2,2,1,1,1,0,0,0,0,0,0,0,0,0,0,0,,651,19,108,383,90,44,7
693,Ruislip Manor,Nov-17, ,0,0,0,0,0,0,0,0,0,0,0,0,0,0,0,0,0,3,5,6,5,6,6,8,10,9,8,12,16,17,18,18,22,23,30,33,36,30,27,26,31,35,35,33,30,27,24,23,24,25,23,22,21,17,15,15,16,13,12,13,16,16,14,14,13,13,12,10,8,9,8,7,8,8,6,5,6,5,5,5,6,5,4,4,3,3,3,2,2,1,1,1,0,0,0,0,,1051,14,133,627,162,80,35
694,Russell Square,Nov-17, ,0,0,0,0,0,0,0,0,0,0,0,0,11,11,10,10,9,12,16,23,31,32,31,41,62,88,104,129,156,194,224,260,264,258,231,220,202,184,156,144,147,151,146,164,177,180,161,169,170,177,175,181,189,208,212,210,206,202,194,197,204,212,209,216,209,193,162,152,143,127,108,105,118,125,110,90,84,91,88,76,64,62,62,76,75,54,22,13,7,4,0,0,0,0,0,0,,9990,102,1352,4476,2356,1265,439
698,Seven Sisters,Nov-17, ,0,0,0,0,0,0,0,0,0,0,0,0,46,56,64,84,119,148,161,198,246,276,255,233,232,247,242,245,279,318,317,303,323,356,345,318,339,365,348,315,318,333,342,339,343,354,357,356,353,351,325,301,295,299,288,274,271,269,262,256,252,258,262,255,256,255,248,228,228,223,205,177,155,145,141,135,129,122,108,90,84,88,78,69,63,52,31,13,7,3,0,0,0,0,0,0,,17424,876,3193,7937,3072,1858,488
700,Shepherd's Bush (Cen),Nov-17, ,0,0,0,0,0,0,0,0,0,0,0,0,14,17,20,23,28,32,35,49,68,82,80,77,86,107,116,124,142,186,214,225,242,278,287,277,285,302,298,278,288,316,341,348,365,375,376,388,414,421,410,404,426,455,462,468,485,506,501,507,521,521,493,598,735,733,560,453,417,367,304,266,252,227,195,171,163,153,140,137,148,153,167,202,224,155,60,2,4,0,0,0,0,0,0,0,,20749,218,1507,8504,6613,2792,1115
775,Shepherd's Bush (H&C),Nov-17, ,0,0,0,0,0,0,0,0,0,0,0,0,0,0,0,0,0,8,9,9,13,17,18,15,17,21,25,29,32,38,42,46,48,48,49,52,59,63,64,63,65,69,69,69,67,63,63,65,67,63,63,64,63,58,57,58,61,60,61,59,58,62,61,65,66,69,57,48,46,45,37,28,29,30,27,21,21,22,21,20,22,23,27,35,37,27,17,10,4,0,0,0,0,0,0,0,,3084,26,313,1469,727,347,202
702,Sloane Square,Nov-17, ,0,0,0,0,0,0,0,0,0,0,0,0,0,0,0,0,0,0,7,12,20,27,28,27,30,34,38,44,55,68,75,82,94,109,112,116,123,141,146,171,196,222,228,230,238,250,260,260,270,274,280,287,300,312,320,330,348,372,363,369,402,420,380,386,444,440,342,251,206,169,138,128,121,105,98,97,91,100,113,102,76,71,69,65,55,46,35,23,9,0,0,0,0,0,0,0,,12250,19,528,5269,4517,1468,449
703,Snaresbrook,Nov-17, ,0,0,0,0,0,0,0,0,0,0,0,0,1,1,1,2,3,4,6,9,11,12,12,14,16,18,19,22,27,27,28,32,35,36,37,39,43,47,49,52,52,51,47,45,46,46,45,42,41,36,34,34,36,34,31,28,28,30,29,28,29,30,31,32,30,25,21,19,17,14,13,12,11,12,12,11,9,9,9,7,6,6,6,5,5,3,2,1,1,0,0,0,0,0,0,0,,1754,27,238,986,332,136,35
704,South Ealing,Nov-17, ,0,0,0,0,0,0,0,0,0,0,0,0,8,8,10,9,10,11,13,18,21,22,18,19,23,30,34,42,51,51,55,62,65,60,62,69,75,76,72,70,69,68,64,69,70,67,60,59,60,57,53,47,49,46,44,44,48,48,45,47,54,56,49,42,42,43,38,32,29,28,27,22,19,18,16,16,17,16,13,12,13,12,10,10,11,11,7,4,2,0,0,0,0,0,0,0,,2847,87,428,1475,544,233,80
707,South Harrow,Nov-17, ,0,0,0,0,0,0,0,0,0,0,0,0,0,0,0,0,0,5,15,20,20,19,21,20,20,21,24,26,28,29,28,30,33,35,33,33,35,35,34,33,36,39,38,34,34,34,33,33,33,31,29,27,28,29,26,23,25,27,27,27,27,26,26,24,21,17,17,18,20,17,15,14,13,12,11,10,10,9,9,8,8,7,6,3,3,3,3,1,1,1,0,0,0,0,0,0,,1570,40,286,778,282,148,36
708,South Kensington,Nov-17, ,0,0,0,0,0,0,0,0,0,0,0,0,9,9,7,10,12,17,21,32,39,44,44,50,68,88,102,108,127,150,182,210,232,242,251,272,306,352,379,424,495,573,598,624,671,716,716,729,754,783,791,824,864,911,933,968,1027,1082,1088,1121,1200,1264,1292,1248,1078,846,681,588,497,420,356,353,374,384,342,288,282,287,268,273,285,296,291,308,249,167,101,60,23,5,0,0,0,0,0,0,,34161,117,1212,14408,12515,4124,1785
709,South Kenton,Aut-07,A,0,0,0,0,0,0,0,0,0,0,0,0,0,0,0,0,0,0,0,0,1,2,5,11,12,10,8,14,12,9,10,17,18,14,13,13,10,10,15,23,16,14,12,17,14,18,15,18,16,13,13,16,23,16,15,8,9,8,13,13,13,9,5,10,13,13,8,10,9,7,3,5,7,11,9,8,2,2,4,5,4,6,6,4,2,3,1,0,0,1,1,1,0,0,0,0,,696,0,111,360,124,72,29
710,South Ruislip,Nov-17, ,0,0,0,0,0,0,0,0,0,0,0,0,0,0,0,0,0,5,9,12,12,12,10,9,13,16,18,18,21,21,22,23,27,33,37,39,40,41,37,32,36,40,40,37,35,34,31,33,30,31,29,27,23,23,20,17,18,23,21,19,17,19,18,16,15,16,15,12,10,10,10,10,10,10,8,6,5,5,5,5,5,5,5,4,3,2,2,1,0,0,0,0,0,0,0,0,,1323,26,195,772,209,94,27
711,South Wimbledon,Nov-17, ,0,0,0,0,0,0,0,0,0,0,0,0,4,7,8,12,12,15,15,25,30,32,30,33,33,35,39,44,49,55,59,61,65,73,76,77,74,78,78,83,81,87,91,89,81,76,79,76,75,72,69,64,62,60,59,60,60,56,57,60,70,73,72,67,64,59,54,53,49,43,36,36,36,33,27,24,24,22,21,22,22,19,15,16,13,7,1,2,1,1,0,0,0,0,0,0,,3598,98,500,1785,745,373,97
712,South Woodford,Nov-17, ,0,0,0,0,0,0,0,0,0,0,0,0,3,4,4,5,8,6,11,18,23,22,19,19,23,24,23,31,43,49,50,60,58,56,58,65,69,73,86,84,85,81,83,77,84,74,61,58,77,70,52,42,42,41,45,45,42,40,37,35,38,40,37,37,40,35,32,25,30,24,19,15,19,24,24,22,18,14,12,12,12,11,10,8,4,4,4,4,0,0,0,0,0,0,0,0,,2739,59,386,1566,438,233,57
705,Southfields,Nov-17, ,0,0,0,0,0,0,0,0,0,0,0,0,0,0,0,0,0,0,7,16,25,28,28,33,37,44,49,57,66,73,81,89,103,110,109,110,117,130,135,139,139,147,144,136,119,112,110,108,102,97,91,82,83,85,83,71,69,68,69,69,73,74,68,61,57,54,47,43,40,34,27,24,22,19,18,18,16,13,12,13,13,11,10,10,8,6,4,2,1,0,0,0,0,0,0,0,,4368,23,610,2662,752,256,65
706,Southgate,Nov-17, ,0,0,0,0,0,0,0,0,0,0,0,0,4,5,7,9,10,12,16,26,32,34,34,39,49,55,54,55,66,75,75,79,90,94,96,103,118,117,115,109,114,108,104,99,105,102,97,90,90,85,80,74,73,71,65,64,66,66,64,64,67,69,64,57,55,54,53,49,47,41,36,34,34,32,29,27,28,25,20,20,21,19,18,15,10,3,1,1,1,0,0,0,0,0,0,0,,4189,89,647,2263,728,373,89
784,Southwark,Nov-17, ,0,0,0,0,0,0,0,0,0,0,0,0,28,27,27,30,34,44,46,40,34,44,46,51,46,51,50,67,83,112,121,132,140,158,153,153,151,155,151,156,150,149,137,147,153,161,153,152,151,166,171,176,170,173,170,179,188,199,196,198,202,203,186,188,195,183,150,132,126,114,94,82,75,74,67,66,64,62,56,56,55,54,53,64,66,56,37,21,8,0,0,0,0,0,0,0,,8458,276,837,3775,2220,936,414
695,St. James's Park,Nov-17, ,0,0,0,0,0,0,0,0,0,0,0,0,0,0,0,0,0,1,5,13,20,21,17,19,21,24,24,30,37,53,64,72,80,87,88,99,130,159,186,210,206,178,154,151,141,131,124,123,124,127,125,129,137,145,141,141,146,152,150,144,139,134,134,132,121,117,112,106,92,79,66,52,45,42,37,34,30,28,25,25,26,21,23,33,38,32,19,10,3,1,0,0,0,0,0,0,,6085,19,402,3316,1587,555,206
696,St. John's Wood,Nov-17, ,0,0,0,0,0,0,0,0,0,0,0,0,2,2,2,3,5,8,8,11,15,19,19,22,32,43,45,45,53,63,68,70,81,99,110,114,116,124,129,134,143,147,144,142,149,152,145,141,137,133,127,127,130,130,127,126,137,147,141,135,136,140,128,123,118,116,104,89,76,66,58,61,63,63,56,55,49,41,32,28,28,30,31,33,34,30,21,11,5,0,0,0,0,0,0,0,,6027,41,494,3107,1514,648,223
697,St. Paul's,Nov-17, ,0,0,0,0,0,0,0,0,0,0,0,0,12,8,7,9,12,15,17,20,21,19,15,14,14,23,33,37,34,39,47,51,59,64,70,89,112,128,131,139,144,156,185,204,204,196,202,203,209,219,217,226,241,253,245,249,264,289,284,273,273,271,251,245,256,246,209,182,163,140,107,98,100,98,91,84,80,69,66,64,59,47,39,42,43,37,19,6,0,0,0,0,0,0,0,0,,9087,100,347,4145,3043,1160,292
713,Stamford Brook,Nov-17, ,0,0,0,0,0,0,0,0,0,0,0,0,0,0,0,0,3,3,4,6,8,9,8,12,20,25,23,24,27,33,33,38,44,49,45,45,53,56,51,46,49,49,46,46,47,44,36,41,44,44,37,39,39,38,32,32,32,35,31,34,38,41,36,32,32,32,29,27,23,21,19,20,21,19,15,13,13,13,10,9,9,9,7,6,6,5,3,2,1,1,0,0,0,0,0,0,,1972,16,260,1052,399,196,49
714,Stanmore,Nov-17, ,0,0,0,0,0,0,0,0,0,0,0,0,5,7,7,8,13,16,20,25,29,27,27,28,34,37,39,42,52,60,63,71,75,80,84,89,89,84,79,73,72,71,71,66,64,65,65,58,52,51,48,46,45,44,42,43,46,49,52,55,55,51,49,46,42,40,38,35,31,29,24,20,20,20,18,15,15,17,16,14,12,10,10,10,10,6,3,2,2,0,0,0,0,0,0,0,,3028,101,509,1556,558,239,65
715,Stepney Green,Nov-17, ,0,0,0,0,0,0,0,0,0,0,0,0,0,0,0,0,5,10,16,23,31,34,31,36,46,53,47,49,62,74,76,79,92,102,102,101,107,112,112,108,107,103,100,102,104,106,101,104,104,108,103,100,97,96,90,90,88,83,76,82,83,82,77,76,73,74,66,61,60,60,55,56,62,60,48,40,36,37,36,35,31,28,28,30,32,29,23,14,7,4,2,0,0,0,0,0,,4857,54,618,2451,921,585,228
716,Stockwell,Nov-17, ,0,0,0,0,0,0,0,0,0,0,0,0,31,30,30,33,40,43,40,44,58,72,70,69,79,95,100,108,131,160,164,164,181,209,213,201,211,235,248,238,241,249,246,236,238,245,239,224,206,201,193,184,174,174,166,161,163,168,161,153,154,159,152,140,138,142,143,134,123,112,103,91,82,76,70,63,61,59,55,55,54,53,48,46,42,41,35,22,7,0,0,0,0,0,0,0,,9779,291,1270,5113,1807,950,348
717,Stonebridge Park,Nov-17, ,0,0,0,0,0,0,0,0,0,0,0,0,0,0,0,0,0,0,3,14,25,25,20,18,20,19,20,20,24,25,29,28,29,30,32,33,34,33,30,31,32,33,34,37,37,36,36,36,38,39,38,36,34,29,29,30,31,28,26,30,38,39,32,31,38,42,37,34,32,28,20,18,18,15,11,13,14,13,9,9,9,8,8,7,7,6,5,3,2,0,0,0,0,0,0,0,,1757,17,273,806,406,200,55
719,Stratford,Nov-17, ,0,0,0,0,0,0,0,0,0,0,0,0,93,100,133,185,243,274,269,326,394,445,393,383,409,440,420,438,520,587,578,568,640,726,735,701,740,785,762,741,826,935,1003,1063,1138,1219,1260,1318,1369,1421,1445,1468,1509,1553,1600,1626,1649,1674,1641,1638,1633,1625,1562,1859,2043,1830,1262,1020,909,816,683,628,609,579,507,448,430,388,358,348,342,290,240,216,214,181,119,57,29,11,6,4,0,0,0,0,,61629,1623,5575,26583,19436,6703,1709
720,Sudbury Hill,Nov-17, ,0,0,0,0,0,0,0,0,0,0,0,0,0,0,0,0,0,2,8,14,17,17,19,19,18,18,18,20,24,27,27,25,25,27,30,33,31,29,28,28,27,29,26,26,27,30,30,28,26,26,26,24,25,23,20,19,22,21,20,19,18,18,19,20,18,17,15,17,16,14,12,11,10,9,8,8,7,7,6,6,7,6,4,3,2,2,2,1,1,1,0,0,0,0,0,0,,1283,24,249,643,224,114,29
721,Sudbury Town,Nov-17, ,0,0,0,0,0,0,0,0,0,0,0,0,0,0,0,0,0,0,7,16,22,21,20,19,19,19,24,26,26,24,26,29,32,31,29,30,30,31,29,32,32,34,33,30,28,27,27,25,30,30,27,22,23,24,22,19,20,21,21,22,23,24,22,22,21,22,21,19,17,14,12,10,12,11,11,10,10,8,7,7,8,7,5,3,2,2,3,2,0,0,0,0,0,0,0,0,,1394,23,275,677,258,129,32
723,Swiss Cottage,Nov-17, ,0,0,0,0,0,0,0,0,0,0,0,0,3,4,5,7,9,12,15,22,31,37,34,34,39,51,55,59,69,91,99,96,106,129,142,141,137,138,136,138,141,144,136,128,125,125,124,121,123,121,115,109,110,109,104,103,100,99,100,106,106,107,101,93,92,91,86,85,89,81,66,66,67,62,48,39,37,37,34,34,35,36,35,39,37,33,25,16,8,0,0,0,0,0,0,0,,5867,77,695,3005,1166,660,264
724,Temple,Nov-17, ,0,0,0,0,0,0,0,0,0,0,0,0,0,0,0,0,0,0,0,6,7,6,5,5,4,5,5,6,9,12,15,20,24,24,23,24,27,30,34,37,37,39,48,59,64,68,65,64,65,67,64,67,72,81,85,86,91,92,93,94,115,117,109,103,106,96,82,84,80,67,55,54,51,43,37,36,42,45,39,30,31,42,48,42,32,28,26,18,9,0,0,0,0,0,0,0,,3396,6,99,1254,1182,579,276
725,Theydon Bois,Nov-17, ,0,0,0,0,0,0,0,0,0,0,0,0,0,0,0,0,0,2,2,4,4,3,3,4,6,5,6,7,8,8,10,11,12,12,13,13,14,14,13,12,13,14,12,13,14,14,14,15,16,15,15,15,17,18,19,20,22,24,22,21,20,19,17,16,14,12,10,7,6,6,5,5,4,4,3,3,3,3,1,4,5,5,3,2,1,0,0,0,0,0,0,0,0,0,0,0,,697,8,75,347,204,47,16
726,Tooting Bec,Nov-17, ,0,0,0,0,0,0,0,0,0,0,0,0,5,6,7,9,11,16,18,27,34,42,42,43,49,59,70,73,89,98,103,101,118,133,142,149,161,171,175,169,175,185,191,182,176,164,159,157,150,136,125,117,121,118,112,102,108,107,102,95,99,101,99,95,93,90,83,79,74,68,58,52,47,44,43,42,38,34,31,31,29,25,20,23,22,15,6,5,3,0,0,0,0,0,0,0,,6351,99,803,3588,1151,562,148
727,Tooting Broadway,Nov-17, ,0,0,0,0,0,0,0,0,0,0,0,0,13,17,26,31,42,47,60,76,101,116,117,116,136,159,157,157,186,209,206,202,229,247,249,246,268,294,309,312,315,322,325,319,320,320,313,294,293,286,269,253,254,249,236,231,240,242,230,229,235,235,214,204,196,186,169,161,154,143,123,119,125,123,103,88,84,78,68,63,65,59,48,44,35,21,8,5,3,0,0,0,0,0,1,0,,13028,312,1862,6753,2541,1271,289
728,Tottenham Court Road,Nov-17, ,0,0,0,0,0,0,0,0,0,0,0,0,62,52,41,42,42,39,37,45,50,51,50,52,51,56,56,63,71,93,107,122,136,160,168,170,180,191,185,196,245,301,436,546,572,520,535,578,608,632,656,703,822,927,952,919,940,978,983,1000,1002,1024,1105,1289,1312,1103,814,676,610,562,500,527,599,656,577,512,527,528,437,383,402,416,407,407,375,316,178,55,0,0,0,0,0,0,0,0,,33720,360,822,11338,12226,6418,2556
729,Tottenham Hale,Nov-17, ,0,0,0,0,0,0,0,0,0,0,0,0,10,13,16,22,26,26,31,43,59,63,58,53,62,72,68,72,94,106,103,104,121,133,133,134,144,151,144,145,153,158,152,158,164,168,162,157,157,162,167,162,157,156,160,160,158,154,147,149,144,140,124,119,106,103,93,92,89,87,79,68,62,58,53,50,48,44,36,37,38,37,31,28,24,21,14,8,4,2,0,0,0,0,0,0,,7206,187,914,3658,1529,711,207
730,Totteridge & Whetstone,Nov-17, ,0,0,0,0,0,0,0,0,0,0,0,0,0,1,2,3,5,5,6,10,13,12,10,15,19,20,17,22,26,28,28,33,36,36,37,37,41,44,43,40,43,44,41,40,41,41,39,36,33,31,31,30,28,27,27,28,27,27,24,24,28,29,24,22,23,22,19,16,16,15,13,12,13,12,10,9,9,8,6,6,7,8,7,5,3,2,1,1,0,0,0,0,0,0,0,0,,1597,32,243,874,285,129,34
731,Tower Hill,Nov-17, ,0,0,0,0,0,0,0,0,0,0,0,0,0,0,0,0,0,0,21,35,61,63,74,55,74,79,105,112,163,195,252,269,324,337,379,384,420,408,427,417,440,416,430,412,437,420,448,454,492,483,488,476,499,507,518,507,516,521,538,537,553,527,505,460,432,384,361,339,310,268,253,240,223,190,180,177,13,12,9,7,7,6,5,5,4,4,3,3,2,0,0,0,0,0,0,0,,19675,56,1502,10523,5673,1882,39
733,Tufnell Park,Nov-17, ,0,0,0,0,0,0,0,0,0,0,0,0,2,2,3,4,5,6,7,9,14,17,20,22,25,29,33,39,45,53,58,64,70,80,87,86,87,94,95,94,94,98,95,99,101,100,92,88,85,82,77,72,71,70,63,57,61,66,63,57,59,61,62,65,64,59,53,50,44,39,33,29,30,28,21,17,19,20,17,17,23,26,25,26,28,17,6,1,2,0,0,0,0,0,0,0,,3682,38,419,2037,720,314,154
734,Turnham Green,Nov-17, ,0,0,0,0,0,0,0,0,0,0,0,0,3,3,6,8,8,7,11,18,23,25,25,28,31,34,39,44,52,62,70,77,88,98,97,94,100,110,111,111,113,116,114,116,117,116,111,104,100,100,95,89,90,91,85,82,84,86,83,90,96,91,80,80,82,75,63,53,47,43,39,37,34,29,24,22,24,26,24,19,19,21,24,24,24,19,12,7,3,2,0,0,0,0,0,0,,4508,64,510,2448,963,368,155
735,Turnpike Lane,Nov-17, ,0,0,0,0,0,0,0,0,0,0,0,0,14,17,21,24,40,57,63,80,113,131,112,112,122,129,123,146,174,190,179,183,206,225,213,196,212,227,215,197,208,222,212,207,219,229,227,220,216,203,189,179,185,185,171,165,176,177,159,157,167,169,155,147,147,144,140,127,117,101,89,82,79,71,62,60,61,58,52,49,51,46,42,39,31,16,6,4,3,3,3,0,0,0,0,0,,9948,316,1714,4928,1865,881,244
736,Upminster,Aut-08,A,0,0,0,0,0,0,0,0,0,0,0,0,0,0,0,0,0,1,9,16,15,14,15,18,20,27,24,34,34,46,50,75,62,70,66,85,76,89,81,74,62,81,81,72,53,66,57,68,51,49,36,50,39,41,36,46,42,36,16,20,38,49,35,37,42,43,33,25,21,22,22,13,7,12,10,12,12,14,8,9,8,13,14,16,9,5,2,1,1,2,0,0,0,0,0,0,,2538,26,372,1491,416,162,71
737,Upminster Bridge,Nov-17, ,0,0,0,0,0,0,0,0,0,0,0,0,0,0,1,1,2,2,3,4,4,4,4,5,5,5,6,8,9,8,7,8,9,10,10,9,8,8,9,9,10,10,10,9,8,8,7,7,8,7,6,6,6,5,5,5,5,6,6,6,6,6,7,6,5,5,4,3,3,3,2,2,2,2,2,2,3,3,2,2,2,2,2,2,1,0,0,0,0,0,0,0,0,0,0,0,,377,13,73,189,65,28,9
738,Upney,Nov-17, ,0,0,0,0,0,0,0,0,0,0,0,0,0,0,8,12,17,17,22,26,27,24,23,23,25,27,29,29,31,32,32,31,36,39,40,40,42,44,43,42,43,43,42,36,35,37,39,37,35,34,31,31,33,33,29,27,27,28,27,27,27,27,27,26,25,23,22,22,20,17,15,14,14,12,11,11,10,9,7,7,5,6,7,6,4,2,1,1,0,0,0,0,0,0,0,0,,1813,102,333,891,308,147,32
739,Upton Park,Nov-17, ,0,0,0,0,0,0,0,0,0,0,0,0,0,0,14,29,50,63,84,112,137,135,119,116,122,122,123,134,145,150,154,154,159,163,165,160,168,172,170,164,166,166,168,167,168,168,166,165,167,168,159,150,147,149,141,136,136,136,134,130,130,126,119,116,117,112,98,91,91,91,81,69,60,52,46,41,41,38,38,36,35,27,21,17,15,12,6,2,1,1,0,0,0,0,0,0,,8101,352,1611,3872,1445,684,137
740,Uxbridge,Nov-17, ,0,0,0,0,0,0,0,0,0,0,0,0,0,0,0,0,6,16,23,22,23,25,33,37,41,44,49,50,55,65,71,78,85,95,96,98,97,100,108,118,126,128,131,132,129,123,122,128,129,126,122,119,112,112,115,116,118,116,111,128,141,135,106,93,84,78,71,62,58,54,51,46,42,43,43,42,33,27,24,25,23,23,18,15,12,12,8,5,4,0,0,0,0,0,0,0,,5256,67,571,2767,1243,488,120
777,Vauxhall,Nov-17, ,0,0,0,0,0,0,0,0,0,0,0,0,47,48,49,52,57,60,67,78,98,122,141,153,157,177,196,220,258,305,337,360,416,478,509,528,555,585,590,605,646,652,632,597,630,619,575,533,545,536,510,483,468,448,436,414,420,415,411,421,450,468,447,424,435,435,403,355,337,299,266,242,231,209,190,169,182,182,174,159,156,166,154,142,111,98,73,46,17,3,0,0,0,0,0,0,,24662,458,2524,12990,5084,2640,966
741,Victoria,Nov-17, ,0,0,0,0,0,0,0,0,0,0,0,0,38,31,29,40,65,86,102,125,156,283,368,405,357,447,455,546,610,859,926,1032,1000,1178,1202,1308,1284,1453,1459,1553,1460,1534,1421,1467,1386,1511,1401,1414,1320,1395,1306,1319,1244,1332,1312,1365,1313,1370,1305,1316,1258,1382,1357,1384,1271,1357,1325,1312,1134,1114,1056,1041,920,881,798,786,726,728,660,661,589,568,508,505,456,408,344,217,85,13,13,10,5,0,0,0,,69760,516,6444,32624,15950,10505,3721
742,Walthamstow Central,Nov-17, ,0,0,0,0,0,0,0,0,0,0,0,0,32,38,58,73,104,110,96,70,72,79,76,73,79,81,79,78,89,95,96,99,114,124,113,107,119,137,128,119,123,139,134,130,130,138,132,130,136,135,123,117,120,118,109,101,104,110,111,112,118,117,103,97,96,91,80,71,64,58,55,54,52,46,43,49,51,44,35,33,30,30,30,28,24,17,10,6,4,0,0,0,0,0,0,0,,6526,581,996,2976,1210,584,179
743,Wanstead,Nov-17, ,0,0,0,0,0,0,0,0,0,0,0,0,2,3,3,5,7,7,6,9,13,13,11,12,14,18,20,24,27,32,36,40,44,48,49,50,51,56,58,58,59,64,66,64,61,56,57,57,57,51,47,43,43,43,40,38,40,40,40,40,40,39,35,33,32,29,24,20,21,22,24,22,19,16,15,13,12,13,12,10,7,6,7,9,7,5,2,2,2,0,0,0,0,0,0,0,,2220,42,260,1260,412,199,47
745,Warren Street,Nov-17, ,0,0,0,0,0,0,0,0,0,0,0,0,11,10,10,13,18,20,21,27,34,35,31,37,55,73,73,70,65,69,73,84,91,101,103,102,102,110,112,119,125,132,137,146,149,155,157,159,152,164,170,182,181,187,192,214,233,242,235,242,246,241,224,234,239,231,203,188,174,167,147,138,148,161,151,135,123,112,96,93,82,78,68,72,74,74,50,26,7,3,0,1,0,0,0,0,,9209,130,699,3442,2758,1645,535
746,Warwick Avenue,Nov-17, ,0,0,0,0,0,0,0,0,0,0,0,0,0,0,0,0,0,0,0,0,8,11,13,14,18,24,25,29,35,42,44,49,57,66,67,66,70,77,78,79,85,89,87,82,80,81,81,79,81,80,74,68,74,79,76,75,78,81,74,76,78,78,73,72,71,67,60,53,48,44,38,35,30,26,21,20,20,21,19,20,22,24,23,23,21,16,9,6,0,0,0,0,0,0,0,0,,3490,0,312,1831,861,342,144
747,Waterloo,Nov-17,T,0,0,0,0,0,0,0,0,0,0,0,0,31,30,30,33,36,40,50,74,93,117,125,153,174,221,246,311,377,452,518,590,656,774,839,883,889,1009,1055,1067,1062,1119,1114,1067,1050,1105,1097,1057,1017,1044,1023,997,1007,1030,1027,1008,1047,1073,1113,1164,1260,1305,1359,1344,1355,1314,1289,1165,1099,1009,875,775,782,797,693,586,561,587,623,615,599,579,575,549,441,357,266,155,65,3,2,2,0,0,0,0,,55080,324,3377,23996,14788,9002,3593
748,Watford,Nov-17, ,0,0,0,0,0,0,0,0,0,0,0,0,0,0,0,0,0,0,6,11,13,10,13,13,14,14,14,14,17,19,20,22,24,26,27,28,30,29,30,27,26,26,27,27,26,25,22,20,17,18,20,17,17,19,20,18,17,18,19,19,19,21,21,17,15,12,11,10,9,9,9,9,9,9,7,5,5,4,4,4,3,3,2,3,2,2,2,1,1,0,0,0,0,0,0,0,,1067,17,183,566,199,83,19
751,Wembley Central,Nov-17, ,0,0,0,0,0,0,0,0,0,0,0,0,0,0,0,0,0,0,5,21,37,42,40,43,45,47,48,58,69,74,71,69,75,79,80,78,79,84,87,87,90,89,89,93,108,112,114,109,110,112,116,108,104,96,94,95,106,108,108,116,122,108,83,68,62,67,84,111,133,126,101,81,72,61,49,47,44,40,31,31,29,27,27,28,25,18,14,9,6,3,1,1,1,1,0,0,,5106,26,643,2288,1143,816,190
752,Wembley Park,Nov-17, ,0,0,0,0,0,0,0,0,0,0,0,0,19,27,41,45,53,57,76,90,115,120,111,91,107,135,145,151,173,188,189,204,238,263,259,243,245,276,281,278,278,296,294,290,292,310,316,314,318,338,331,305,292,290,283,276,280,282,276,280,294,296,260,234,221,212,182,174,169,161,153,146,140,124,114,108,104,98,88,77,140,193,188,120,96,75,46,22,9,4,3,0,0,0,0,0,,14412,408,1729,6906,2991,1482,896
753,West Acton,Nov-17, ,0,0,0,0,0,0,0,0,0,0,0,0,1,2,4,5,4,5,5,7,8,9,10,10,12,15,15,17,19,21,23,25,26,27,30,34,39,40,40,39,41,45,46,43,39,37,35,34,32,34,33,30,29,31,29,24,22,23,22,21,20,22,18,16,15,14,11,12,12,12,10,8,6,6,5,5,6,8,8,6,4,3,4,4,4,2,1,0,1,1,0,0,0,0,0,0,,1386,33,184,837,216,92,24
755,West Brompton,Nov-17, ,0,0,0,0,0,0,0,0,0,0,0,0,0,0,0,0,0,0,0,6,10,14,15,15,19,21,25,33,47,58,59,58,63,71,70,65,62,64,66,66,66,64,62,62,62,61,57,61,62,59,55,56,57,56,56,59,62,60,56,59,67,64,58,53,51,46,55,59,63,54,46,41,43,42,32,26,21,18,20,22,22,15,15,12,11,9,7,4,1,1,0,0,0,0,0,0,,3077,6,374,1482,690,428,97
756,West Finchley,Nov-17, ,0,0,0,0,0,0,0,0,0,0,0,0,0,1,1,1,1,1,3,5,7,7,7,7,9,11,11,14,17,21,21,23,25,26,25,26,28,29,29,28,29,28,26,26,27,26,22,20,22,23,21,18,19,19,16,16,16,15,14,15,16,15,14,13,12,13,13,12,10,8,7,7,6,6,5,5,4,3,2,3,3,3,3,3,3,0,0,0,0,0,0,0,0,0,0,0,,991,13,155,574,168,66,15
757,West Ham,Nov-17, ,0,0,0,0,0,0,0,0,0,0,0,0,6,7,10,16,22,29,30,34,42,48,41,39,43,48,50,55,59,66,68,68,69,75,75,78,80,85,80,84,84,84,77,78,80,87,84,78,72,75,71,69,68,72,65,61,60,71,71,68,59,60,56,56,52,55,51,51,48,49,42,38,33,31,28,27,23,22,19,21,21,19,17,17,15,12,9,6,3,2,2,0,0,0,0,0,,3826,154,627,1831,710,381,123
758,West Hampstead,Nov-17, ,0,0,0,0,0,0,0,0,0,0,0,0,2,2,4,6,7,8,14,24,30,42,41,50,49,63,72,86,101,116,140,146,176,194,216,212,224,229,231,226,234,242,240,231,233,230,227,211,215,207,206,195,200,180,168,155,161,158,161,154,161,162,170,161,163,151,141,126,121,113,98,82,74,76,73,70,66,64,52,55,55,63,56,54,38,37,26,17,5,0,0,0,0,0,0,0,,9249,67,936,5082,1869,944,351
759,West Harrow,Nov-17, ,0,0,0,0,0,0,0,0,0,0,0,0,0,0,0,0,0,0,5,6,10,13,15,11,11,14,15,11,12,16,19,23,27,26,23,23,24,23,21,18,22,23,22,21,24,24,22,19,20,20,21,15,13,11,14,13,13,10,13,12,13,12,11,10,13,14,13,13,11,7,8,10,9,9,11,10,6,4,5,4,4,5,5,5,4,4,3,0,0,0,0,0,0,0,0,0,,941,11,170,489,147,94,30
760,West Kensington,Nov-17, ,0,0,0,0,0,0,0,0,0,0,0,0,0,0,0,0,2,7,12,16,19,22,23,25,28,35,43,50,61,75,84,92,100,103,101,105,104,102,95,97,99,103,97,92,91,93,100,98,94,84,80,74,76,78,79,82,86,83,75,70,75,79,76,69,69,70,67,64,58,48,40,38,37,32,30,30,29,31,34,37,34,30,25,20,17,16,11,5,2,1,0,0,0,0,0,0,,4309,37,557,2227,883,444,161
762,West Ruislip,Nov-17, ,0,0,0,0,0,0,0,0,0,0,0,0,0,0,0,0,3,5,8,10,8,7,7,8,10,11,14,18,21,19,25,28,39,31,32,32,37,33,32,33,30,30,28,29,29,34,32,28,23,23,22,21,13,14,13,13,12,14,15,16,16,15,14,15,16,17,13,12,10,8,8,13,12,10,9,8,11,5,3,4,5,8,7,6,2,1,0,0,0,0,0,0,0,0,0,0,,1158,26,176,651,175,101,29
754,Westbourne Park,Nov-17, ,0,0,0,0,0,0,0,0,0,0,0,0,0,0,0,0,0,4,5,8,12,15,16,17,20,22,22,25,35,45,47,47,51,57,56,54,59,66,71,72,70,70,69,66,66,68,68,66,66,64,62,59,55,57,55,57,61,67,61,56,56,55,51,51,50,49,46,44,39,35,27,27,26,28,25,26,23,23,18,18,17,18,16,14,11,9,7,4,2,2,0,0,0,0,0,0,,2906,17,323,1504,647,315,100
761,Westminster,Nov-17, ,0,0,0,0,0,0,0,0,0,0,0,0,9,7,7,10,13,17,21,25,30,31,30,32,47,60,60,59,64,87,110,129,144,179,212,248,284,333,378,438,502,557,595,597,575,547,540,547,547,553,556,568,590,604,614,625,668,709,723,710,692,656,634,638,637,603,555,512,480,449,380,337,332,315,270,237,213,179,166,163,158,133,134,136,120,81,60,35,13,0,0,0,0,0,0,0,,24309,109,739,11333,7737,3521,870
764,White City,Nov-17, ,0,0,0,0,0,0,0,0,0,0,0,0,6,6,6,10,15,16,18,24,31,33,29,30,35,42,42,40,44,51,53,53,62,71,70,66,68,74,77,76,74,73,76,92,101,95,86,91,95,92,91,85,86,90,95,93,91,89,82,82,83,83,74,83,103,115,98,81,73,70,60,55,58,54,45,35,32,33,32,32,27,27,23,23,19,14,9,6,3,1,0,0,0,0,0,0,,4358,101,483,1979,1064,579,152
763,Whitechapel,Nov-17, ,0,0,0,0,0,0,0,0,0,0,0,0,0,0,0,0,6,11,17,24,36,43,42,42,59,81,93,87,81,90,95,101,107,120,121,125,135,143,138,132,135,143,147,151,165,168,162,163,173,179,172,183,190,199,182,186,191,199,180,186,198,201,186,178,184,182,172,153,143,134,121,127,143,155,139,122,104,94,86,86,82,72,59,52,56,56,43,28,21,14,7,0,0,0,0,0,,8781,58,850,3719,2210,1454,490
765,Willesden Green,Nov-17, ,0,0,0,0,0,0,0,0,0,0,0,0,7,8,13,21,28,33,35,48,65,76,70,69,83,104,107,109,133,165,168,160,173,201,204,195,204,215,206,193,199,200,192,182,183,189,192,186,181,178,165,157,157,162,149,136,137,138,127,114,116,121,117,114,114,112,104,95,85,76,70,64,61,57,50,44,44,42,39,36,37,32,28,24,21,17,12,8,3,1,0,0,0,0,0,0,,8161,193,1309,4399,1409,668,183
766,Willesden Junction,Aut-07,A,0,0,0,0,0,0,0,0,0,0,0,0,0,0,0,0,0,1,6,11,14,16,16,20,23,32,35,45,42,38,35,46,58,53,47,45,57,47,45,48,54,48,51,60,51,41,50,65,71,69,65,62,60,58,52,51,51,60,66,71,70,62,54,51,55,58,57,46,40,44,48,43,41,39,34,33,30,23,15,19,21,16,17,18,17,12,7,2,0,0,0,0,0,0,0,0,,2908,18,362,1308,701,409,110
767,Wimbledon,Aut-13,A,0,0,0,0,0,0,0,0,0,0,0,0,0,0,0,0,0,2,22,51,76,69,70,69,83,85,102,134,143,166,156,204,200,187,175,228,268,251,221,199,214,235,231,233,243,211,158,170,197,214,170,148,136,165,169,190,187,192,250,313,295,272,242,214,163,152,112,141,124,95,49,82,102,106,83,70,63,45,47,54,48,22,19,42,66,61,39,14,3,1,0,0,0,0,0,0,,10013,75,1357,4813,2533,920,315
768,Wimbledon Park,Nov-17, ,0,0,0,0,0,0,0,0,0,0,0,0,0,0,0,0,0,1,1,4,6,7,6,8,12,15,17,19,25,29,30,31,32,33,36,41,43,45,49,52,52,51,49,46,43,43,47,44,40,35,33,29,29,28,30,32,35,32,29,28,28,26,23,23,22,18,15,14,13,11,10,9,7,7,5,6,6,6,7,9,9,8,7,6,5,4,3,1,0,0,0,0,0,0,0,0,,1605,6,205,962,293,96,43
770,Wood Green,Nov-17, ,0,0,0,0,0,0,0,0,0,0,0,0,23,27,36,54,72,74,73,104,149,153,132,132,153,152,140,141,170,193,188,188,209,230,215,214,228,241,223,227,238,246,240,245,260,267,261,253,257,251,243,235,239,232,225,220,228,229,215,218,229,231,207,186,170,162,151,141,131,123,111,98,91,91,84,78,70,67,61,66,59,57,50,49,35,23,10,7,5,4,3,0,0,0,0,0,,11793,463,1891,5699,2367,1071,302
599,Wood Lane,Nov-17, ,0,0,0,0,0,0,0,0,0,0,0,0,0,0,0,0,0,2,2,6,9,12,10,11,11,12,12,13,13,14,18,20,23,21,24,24,23,25,28,29,25,30,37,43,43,45,48,53,52,51,53,56,56,57,59,59,56,59,65,65,66,61,57,68,86,80,57,41,37,34,31,28,25,22,20,25,28,27,20,13,8,7,8,7,6,7,9,8,4,1,1,1,0,0,0,0,,2267,10,155,964,761,310,67
769,Woodford,Nov-17, ,0,0,0,0,0,0,0,0,0,0,0,0,4,5,8,10,16,21,23,29,34,35,31,36,45,48,50,57,68,73,81,95,102,104,103,111,119,129,131,131,125,123,117,112,109,107,98,89,88,84,75,68,66,66,62,64,63,63,59,59,57,60,57,55,50,46,40,39,35,32,28,29,27,23,20,22,17,18,15,12,12,11,12,10,8,3,2,2,2,0,0,0,0,0,0,0,,4140,116,653,2383,648,278,62
771,Woodside Park,Nov-17, ,0,0,0,0,0,0,0,0,0,0,0,0,1,1,2,3,4,5,8,12,15,15,15,18,24,25,24,28,36,44,43,46,52,61,56,57,62,64,56,55,59,65,71,72,64,53,60,65,56,42,43,42,42,37,39,38,35,35,34,31,34,35,28,26,27,27,26,22,23,20,17,15,14,12,12,12,12,10,11,13,8,7,6,7,4,2,1,0,0,0,0,0,0,0,0,0,,2246,36,333,1311,360,171,35
,Total,,, 0 , 0 , 0 , 0 , 0 , 0 , 0 , 0 , 0 , 0 , 0 , 0 , 2086 , 2303 , 2738 , 3449 , 4369 , 5208 , 6345 , 8458 , 10773 , 11889 , 11621 , 11753 , 13278 , 15093 , 16075 , 17748 , 21134 , 24806 , 26548 , 28244 , 31471 , 34850 , 35597 , 36011 , 38115 , 40576 , 40767 , 40785 , 42164 , 44231 , 44582 , 44970 , 45788 , 46714 , 46044 , 45826 , 46283 , 46803 , 45854 , 45408 , 46042 , 46917 , 46475 , 46821 , 48268 , 49468 , 48805 , 49398 , 51000 , 51316 , 49356 , 49734 , 50472 , 48490 , 42289 , 38450 , 35910 , 33223 , 29553 , 27751 , 27086 , 25631 , 22924 , 21571 , 21058 , 20252 , 18840 , 18240 , 17976 , 17740 , 17136 , 16351 , 14456 , 11322 , 7303 , 3714 , 1632 , 539 , 194 , 57 , 12 , 3 , 1 , 0 ,, 2260533 
