COUNTS -  2017               - Weekday - Entries,,,,,,,,,,,,,,,,,,,,,,,, 2017 ,Weekday,Entries

(C) Copyright, London Underground Limited, 2018 

Counts by Station and quarter Hour

nlc, Station, Date, Note,0200-0215,0215-0230,0230-0245,0245-0300,0300-0315,0315-0330,0330-0345,0345-0400,0400-0415,0415-0430,0430-0445,0445-0500,0500-0515,0515-0530,0530-0545,0545-0600,0600-0615,0615-0630,0630-0645,0645-0700,0700-0715,0715-0730,0730-0745,0745-0800,0800-0815,0815-0830,0830-0845,0845-0900,0900-0915,0915-0930,0930-0945,0945-1000,1000-1015,1015-1030,1030-1045,1045-1100,1100-1115,1115-1130,1130-1145,1145-1200,1200-1215,1215-1230,1230-1245,1245-1300,1300-1315,1315-1330,1330-1345,1345-1400,1400-1415,1415-1430,1430-1445,1445-1500,1500-1515,1515-1530,1530-1545,1545-1600,1600-1615,1615-1630,1630-1645,1645-1700,1700-1715,1715-1730,1730-1745,1745-1800,1800-1815,1815-1830,1830-1845,1845-1900,1900-1915,1915-1930,1930-1945,1945-2000,2000-2015,2015-2030,2030-2045,2045-2100,2100-2115,2115-2130,2130-2145,2145-2200,2200-2215,2215-2230,2230-2245,2245-2300,2300-2315,2315-2330,2330-2345,2345-2400,0000-0015,0015-0030,0030-0045,0045-0100,0100-0115,0115-0130,0130-0145,0145-0200,, Total,Early,AM Peak,Inter peak,PM Peak,Evening,Late
500,Acton Town,Nov-17, ,0,0,0,0,0,0,0,0,0,0,0,0,22,27,40,58,84,98,119,160,217,258,292,353,412,411,343,277,232,200,161,131,120,114,105,102,109,108,99,95,106,107,98,90,97,101,100,98,99,104,102,104,136,162,173,176,186,181,169,171,185,193,189,184,180,157,127,107,97,86,71,62,60,54,45,39,39,37,33,32,33,34,26,23,23,26,23,18,13,9,7,5,3,2,2,0,,9531,608,3287,2705,2029,655,247
502,Aldgate,Nov-17, ,0,0,0,0,0,0,0,0,0,0,0,0,11,9,6,11,19,44,65,87,113,145,176,213,283,358,388,356,280,205,144,113,95,95,94,90,86,89,91,100,111,120,121,125,130,133,125,127,133,138,133,145,163,184,193,257,302,357,371,553,698,872,863,850,709,587,430,339,272,222,171,147,125,110,102,106,99,89,77,76,69,64,56,54,50,46,40,31,21,11,7,0,0,0,0,0,,15080,252,2774,3078,6931,1596,449
503,Aldgate East,Nov-17, ,0,0,0,0,0,0,0,0,0,0,0,0,6,18,24,25,34,47,59,77,102,132,168,225,307,376,386,354,325,315,285,250,229,234,226,208,204,216,217,220,231,243,236,248,271,285,269,260,265,281,279,292,312,336,347,392,428,470,479,618,717,874,874,929,852,772,593,490,412,357,298,273,252,242,219,230,232,224,187,178,177,171,154,148,146,137,120,101,74,47,24,9,3,0,0,0,,22327,290,3225,6301,8096,3104,1311
505,Alperton,Nov-17, ,0,0,0,0,0,0,0,0,0,0,0,0,15,29,43,45,66,90,117,153,180,176,167,184,193,176,140,110,90,79,64,59,53,49,45,44,43,42,40,41,42,42,43,45,46,45,44,45,44,44,44,43,46,48,47,48,55,61,61,69,80,91,89,79,72,66,58,50,46,41,34,29,25,24,21,23,24,19,14,13,15,18,18,14,11,8,6,4,3,2,2,1,0,0,0,0,,4495,558,1618,1073,831,313,102
506,Amersham,Nov-17, ,0,0,0,0,0,0,0,0,0,0,0,0,1,22,27,50,64,102,128,144,233,259,345,297,267,139,115,70,60,61,58,48,33,37,31,35,28,31,24,28,23,26,23,26,22,22,19,21,19,21,21,27,27,28,53,76,70,49,44,55,55,63,51,47,33,30,19,18,12,12,8,8,6,7,6,7,6,6,6,8,6,5,3,4,3,3,2,2,1,1,1,0,0,0,0,0,,3848,538,1952,701,534,92,31
507,Angel,Nov-17, ,0,0,0,0,0,0,0,0,0,0,0,0,0,0,13,26,46,67,91,121,166,230,289,358,450,554,578,535,461,393,302,231,202,208,206,212,224,240,247,283,316,323,294,311,341,356,324,325,339,346,357,403,447,457,450,539,607,689,695,855,924,997,951,1027,1007,920,721,615,551,489,410,385,375,382,375,381,356,342,325,346,378,408,409,385,350,312,266,211,156,97,42,9,2,2,0,0,,30413,364,4547,7750,10008,4717,3027
508,Archway,Nov-17, ,0,0,0,0,0,0,0,0,0,0,0,0,0,12,29,50,76,108,145,191,264,353,445,543,669,759,739,644,550,466,360,272,231,227,210,185,179,188,182,172,176,183,174,162,162,167,160,148,150,156,148,149,171,195,194,201,225,259,260,278,294,306,273,250,230,216,187,163,143,127,109,105,104,94,76,67,64,58,52,54,57,53,46,44,42,38,31,25,19,13,8,6,5,4,3,3,,15336,611,6064,4270,2941,1053,397
509,Arnos Grove,Nov-17, ,0,0,0,0,0,0,0,0,0,0,0,0,23,30,42,59,93,126,146,174,211,236,263,325,394,390,327,269,236,198,152,124,112,104,93,90,89,85,79,80,83,84,78,73,73,72,66,65,68,68,65,61,68,79,84,83,87,94,91,99,116,131,122,115,110,103,86,72,65,57,44,33,29,28,27,25,24,21,21,20,18,16,13,13,11,9,7,6,4,2,1,1,1,1,0,0,,7443,693,3125,1902,1226,394,103
510,Arsenal,Nov-17, ,0,0,0,0,0,0,0,0,0,0,0,0,0,7,11,13,17,28,42,57,79,118,160,219,278,319,299,265,209,164,111,85,66,63,55,48,46,50,51,50,52,52,49,46,46,47,44,41,40,38,37,38,41,44,42,43,46,50,47,62,77,79,61,58,61,60,49,42,38,33,27,23,18,16,13,13,12,13,12,12,11,11,9,10,10,10,8,5,5,4,3,2,1,0,0,1,,4622,175,2306,1129,692,230,90
511,Baker Street,Nov-17, ,0,0,0,0,0,0,0,0,0,0,0,0,21,29,36,36,69,113,136,235,323,466,509,737,859,1084,975,851,605,560,456,425,383,400,399,401,402,414,432,472,514,531,546,578,606,605,590,605,628,639,626,659,693,775,831,968,1044,1107,1045,1254,1452,1665,1649,1683,1567,1424,1185,1052,860,786,650,576,542,500,469,461,441,388,350,341,331,300,263,256,259,247,214,178,139,100,61,29,11,7,5,3,,47116,675,7850,13697,16127,6364,2403
512,Balham,Nov-17, ,0,0,0,0,0,0,0,0,0,0,0,0,7,23,38,67,141,241,348,442,566,751,1019,1224,1327,1323,1233,1056,881,690,488,328,279,263,245,207,206,204,204,183,192,187,187,172,181,180,176,160,159,159,158,160,182,189,189,185,211,227,249,270,297,337,358,352,341,340,319,271,232,200,171,154,134,119,100,93,92,89,85,83,82,81,77,74,69,66,57,45,28,17,11,10,8,6,4,3,,22562,1307,10886,4607,3572,1552,638
513,Bank & Monument,Nov-17,B,0,0,0,0,0,0,0,0,0,0,0,0,0,22,34,49,109,170,282,390,526,641,762,873,990,1153,1235,1215,1095,983,828,690,621,640,650,638,645,709,767,865,962,1037,1012,990,992,1033,1028,1037,1076,1144,1145,1225,1335,1417,1390,1629,1946,2343,2526,3587,4806,5875,6039,6029,5723,5209,4510,3782,3177,2580,2068,1753,1513,1323,1168,1110,1044,991,918,872,820,761,681,640,625,585,488,369,269,176,88,35,26,28,20,10,,112547,1056,10991,23987,52375,18517,5621
501,Barbican,Nov-17, ,0,0,0,0,0,0,0,0,0,0,0,0,2,5,7,12,16,24,31,44,55,66,74,99,125,164,182,179,154,145,136,126,118,126,131,136,141,152,157,175,192,208,205,220,233,238,221,232,248,255,242,272,307,335,332,432,524,592,574,725,832,1003,1021,1051,922,797,608,499,438,380,308,271,253,234,206,181,168,202,257,287,268,244,218,191,147,111,82,60,38,21,10,3,0,0,0,0,,20680,141,1505,5308,9148,3185,1393
514,Barking,Nov-17, ,0,0,0,0,0,0,0,0,0,0,0,0,200,238,347,553,782,924,989,1064,1042,927,910,1039,1140,1067,923,779,683,602,503,422,376,357,321,301,304,303,280,265,268,274,271,266,274,276,266,261,270,277,273,279,290,298,309,344,375,397,403,463,511,526,475,439,403,363,311,271,251,226,190,166,154,145,132,126,127,124,113,104,104,99,77,52,39,33,27,19,12,7,5,3,1,0,0,0,,29410,5097,10037,7003,4937,1858,478
515,Barkingside,Nov-17, ,0,0,0,0,0,0,0,0,0,0,0,0,11,22,37,54,70,95,114,120,109,117,137,157,167,178,148,97,59,50,39,33,29,27,24,22,21,20,19,18,19,19,19,18,19,18,16,14,15,16,16,14,25,36,36,26,24,26,24,28,35,38,32,26,22,18,16,14,13,11,10,8,6,5,5,5,4,3,4,5,5,4,3,2,2,2,2,1,0,0,0,0,0,0,0,0,,2723,523,1291,506,303,79,21
516,Barons Court,Nov-17, ,0,0,0,0,0,0,0,0,0,0,0,0,4,8,14,23,37,57,78,106,156,223,290,394,530,598,541,427,328,262,209,166,136,133,126,115,111,117,117,120,137,151,143,127,129,136,125,115,119,130,119,142,170,181,158,193,223,241,230,286,327,375,362,343,295,260,210,169,136,110,88,82,76,70,66,73,73,63,45,39,38,36,30,30,29,26,18,12,8,4,3,3,3,2,2,1,,12188,327,4124,3250,3321,921,245
517,Bayswater,Nov-17, ,0,0,0,0,0,0,0,0,0,0,0,0,8,8,9,12,16,20,29,39,51,66,88,113,137,153,155,161,168,183,187,179,166,159,144,126,114,104,92,91,90,84,78,78,84,88,87,84,88,93,92,96,96,101,100,106,106,110,108,118,122,128,122,124,121,122,112,102,95,87,79,75,74,70,68,67,66,63,58,57,60,59,56,55,56,58,51,37,22,11,4,0,0,0,0,0,,6946,141,1641,2441,1395,859,469
518,Becontree,Nov-17, ,0,0,0,0,0,0,0,0,0,0,0,0,48,58,91,136,215,258,263,242,245,241,244,269,286,263,210,178,153,131,101,87,76,71,66,66,68,64,56,53,55,54,50,48,48,46,44,46,47,46,45,46,48,57,62,61,59,59,60,63,66,63,58,55,54,52,49,43,34,27,22,22,22,21,19,19,20,20,17,13,11,9,8,8,7,5,3,2,2,0,0,0,0,0,0,0,,6034,1311,2408,1323,681,256,55
519,Belsize Park,Nov-17, ,0,0,0,0,0,0,0,0,0,0,0,0,0,3,8,15,30,46,57,68,93,136,191,252,332,396,395,344,289,241,188,152,137,134,123,113,118,128,127,127,130,140,140,136,133,132,123,117,119,127,125,135,144,161,172,207,232,252,247,294,329,335,281,257,239,222,188,162,141,122,101,102,111,107,84,67,61,55,46,41,40,39,34,34,34,33,30,27,18,9,4,2,2,1,1,0,,10868,227,3009,3248,3038,1038,308
787,Bermondsey,Nov-17, ,0,0,0,0,0,0,0,0,0,0,0,0,0,44,54,72,108,150,182,214,281,357,422,497,606,664,637,562,502,435,337,241,190,187,175,155,146,151,143,133,137,145,141,130,133,140,136,131,137,151,151,152,163,200,226,243,253,277,287,316,343,369,377,397,415,391,330,269,235,205,169,150,145,140,124,107,110,111,103,89,86,87,78,67,63,63,54,42,32,22,15,9,5,3,2,2,,16503,824,5541,3796,4024,1688,630
520,Bethnal Green,Nov-17, ,0,0,0,0,0,0,0,0,0,0,0,0,0,12,39,72,108,154,192,235,310,402,487,584,712,754,699,649,658,633,530,413,337,326,311,284,272,283,275,257,254,267,269,262,262,275,271,263,274,293,287,273,297,342,367,376,390,412,414,430,464,500,488,490,509,502,424,362,323,303,263,233,207,194,174,157,159,162,165,166,172,177,169,156,144,135,110,86,66,51,33,18,12,13,10,6,,23869,812,6831,6977,5385,2506,1358
521,Blackfriars,Nov-17, ,0,0,0,0,0,0,0,0,0,0,0,0,0,11,16,18,43,56,88,128,211,245,251,369,506,626,631,613,496,400,328,248,201,192,199,181,173,186,184,198,206,236,228,230,223,235,224,226,225,243,236,259,279,319,321,404,470,534,514,716,930,1213,1310,1354,1223,1074,880,719,600,496,400,342,301,261,224,207,198,180,165,169,167,149,125,125,128,117,95,71,52,29,14,2,0,0,0,0,,26446,360,4924,5608,10937,3543,1074
522,Blackhorse Road,Nov-17, ,0,0,0,0,0,0,0,0,0,0,0,0,37,76,121,145,213,297,406,511,576,552,520,608,768,803,717,614,553,450,330,233,202,198,172,146,147,152,136,121,124,132,125,116,120,126,117,107,113,115,107,102,111,120,126,131,144,155,154,163,188,205,191,171,160,150,132,118,109,94,74,63,57,53,48,46,44,42,39,37,39,38,32,26,24,22,18,14,9,6,4,3,2,1,1,1,,14573,1806,6724,3166,1931,706,240
524,Bond Street,Nov-17, ,0,0,0,0,0,0,0,0,0,0,0,0,13,20,24,30,40,46,51,73,92,109,124,149,173,206,223,233,232,252,262,274,283,315,336,361,389,432,467,523,576,634,662,693,727,777,816,854,884,911,918,958,1012,1074,1105,1208,1333,1447,1502,1775,2084,2417,2623,2795,2744,2485,2128,1842,1640,1419,1197,1097,1080,1023,903,849,843,835,758,712,654,640,556,478,410,370,298,242,202,146,77,32,19,19,13,6,,61234,297,2329,16915,25175,12356,4162
525,Borough,Nov-17, ,0,0,0,0,0,0,0,0,0,0,0,0,0,3,9,14,17,27,34,45,56,73,82,100,129,170,184,175,156,150,130,107,92,96,94,90,86,92,93,96,95,103,103,103,103,113,109,104,101,108,110,119,128,145,153,178,202,233,238,293,319,371,377,400,359,318,249,205,174,146,121,110,101,89,83,84,80,75,66,70,72,71,62,56,54,50,41,30,24,17,8,2,0,0,0,0,,9525,149,1512,2614,3564,1199,487
526,Boston Manor,Nov-17, ,0,0,0,0,0,0,0,0,0,0,0,0,15,11,12,23,37,42,45,60,84,107,133,182,222,226,189,153,121,93,71,61,53,46,41,37,38,38,36,34,35,35,35,36,37,36,34,32,31,31,30,32,44,54,55,51,56,68,71,72,83,96,89,76,67,59,46,37,31,27,21,17,17,18,16,12,12,10,9,9,9,8,7,6,6,6,5,3,2,1,1,1,1,0,0,0,,3893,245,1642,931,820,199,56
527,Bounds Green,Nov-17, ,0,0,0,0,0,0,0,0,0,0,0,0,26,42,65,96,158,204,259,310,352,354,381,455,551,561,503,448,408,337,254,198,168,151,136,125,125,120,109,100,103,103,97,90,94,96,90,84,86,83,79,76,83,88,92,93,97,102,100,106,118,128,124,124,130,127,106,89,84,75,62,55,51,43,35,30,30,28,26,26,27,24,19,18,19,20,16,12,8,6,4,3,2,1,1,0,,10509,1160,4802,2471,1351,545,180
528,Bow Road,Nov-17, ,0,0,0,0,0,0,0,0,0,0,0,0,11,19,30,46,69,91,108,134,165,215,279,378,498,580,545,448,349,277,197,145,123,121,112,99,99,102,94,85,83,87,83,82,86,87,80,77,81,90,91,91,107,129,128,115,117,127,122,127,134,135,120,116,116,114,100,90,81,70,57,49,44,41,37,34,34,34,31,29,30,29,26,23,23,20,15,12,9,6,4,3,2,0,0,0,,9077,508,4076,2332,1418,541,202
529,Brent Cross,Nov-17, ,0,0,0,0,0,0,0,0,0,0,0,0,3,7,13,26,48,71,80,87,93,103,110,137,182,218,198,145,108,95,79,61,56,55,49,43,43,43,40,41,44,44,42,43,47,47,45,43,44,44,43,43,46,50,51,52,54,56,56,60,66,71,70,67,66,62,52,44,40,37,31,27,34,35,30,19,18,15,14,13,14,14,11,8,8,7,6,4,3,2,2,1,1,0,0,0,,4080,335,1529,1098,724,313,81
778,Brixton,Nov-17, ,0,0,0,0,0,0,0,0,0,0,0,0,60,146,220,247,375,553,732,869,1114,1405,1707,2084,2639,3058,2977,2505,1980,1596,1205,855,634,598,553,480,451,479,463,428,415,438,427,411,409,427,415,385,386,405,392,372,386,418,410,433,493,563,576,625,679,716,678,639,602,572,518,458,401,363,316,282,256,243,218,215,221,221,205,214,230,367,587,779,670,420,213,170,134,82,40,27,30,29,22,12,,51028,3202,23125,10615,7119,3155,3812
530,Bromley-by-Bow,Nov-15,A,0,0,0,0,0,0,0,0,0,0,0,0,11,17,23,33,50,63,66,78,105,135,164,211,277,316,287,227,176,144,109,88,78,78,70,63,64,66,58,53,53,56,54,56,58,59,56,55,60,65,66,68,79,89,92,106,113,146,155,172,150,153,136,134,116,102,83,78,72,61,49,46,41,36,30,28,26,24,21,18,18,18,16,13,16,18,14,8,7,4,2,1,0,0,0,0,,6307,341,2239,1602,1538,452,135
531,Buckhurst Hill,Nov-17, ,0,0,0,0,0,0,0,0,0,0,0,0,7,14,24,37,56,74,85,108,136,175,221,277,295,257,183,132,99,83,63,54,44,41,36,33,33,33,30,29,31,31,29,26,28,27,26,25,27,27,24,22,23,27,29,33,37,36,33,38,45,49,47,42,38,34,29,24,19,16,13,14,14,13,9,11,11,9,6,6,7,7,7,7,7,6,4,2,2,1,1,1,1,0,0,0,,3740,405,1975,714,452,141,53
532,Burnt Oak,Nov-17, ,0,0,0,0,0,0,0,0,0,0,0,0,18,43,81,135,219,285,316,319,297,281,293,353,396,367,293,239,195,157,123,105,91,85,76,69,70,69,66,63,64,65,70,76,76,65,58,56,55,55,55,54,54,58,63,73,74,70,65,69,99,119,112,79,69,60,50,44,41,37,31,30,29,26,22,23,24,20,17,17,18,16,11,8,6,6,5,4,3,3,3,2,1,0,0,0,,7414,1416,3099,1586,910,317,86
534,Caledonian Road,Nov-17, ,0,0,0,0,0,0,0,0,0,0,0,0,0,12,17,24,37,52,66,89,120,153,179,222,290,352,345,301,253,233,200,164,129,134,137,119,100,103,105,104,100,109,109,106,102,111,109,103,98,107,106,105,106,119,122,138,153,173,167,200,226,257,233,232,210,190,147,127,113,96,75,65,64,65,58,53,52,54,55,60,65,62,51,40,34,29,23,17,14,10,7,3,2,2,2,1,,9277,297,2812,2681,2315,810,362
535,Camden Town,Nov-17, ,0,0,0,0,0,0,0,0,0,0,0,0,0,0,18,22,39,73,99,127,170,224,240,254,315,409,428,381,318,290,252,219,199,202,203,198,204,230,251,272,296,323,337,357,390,423,432,439,460,491,502,523,535,555,563,629,680,734,723,798,845,935,950,1061,1085,1015,803,655,556,478,401,363,333,310,278,274,268,266,260,285,317,344,392,447,452,400,362,341,288,182,87,43,41,45,36,21,,31046,378,3500,9014,10284,4072,3798
788,Canada Water,Nov-17, ,0,0,0,0,0,0,0,0,0,0,0,0,0,85,106,116,136,200,268,319,404,509,627,796,1046,1213,1156,989,836,718,543,386,296,281,261,226,214,228,225,205,199,210,213,205,205,212,207,196,193,198,191,180,185,200,212,229,253,288,290,312,331,365,344,351,343,322,267,239,223,202,177,158,150,138,121,106,102,102,103,98,98,91,82,75,85,90,81,61,45,30,20,13,9,6,5,4,,21804,1230,9223,5171,3705,1680,795
852,Canary Wharf,Nov-17, ,0,0,0,0,0,0,0,0,0,0,0,0,0,70,78,119,184,208,218,275,382,465,542,652,829,981,1001,870,736,634,531,438,416,436,423,402,422,477,500,530,581,618,594,579,606,630,610,618,677,724,705,782,893,1001,1013,1431,1806,2144,2237,3338,4359,5075,4733,4667,4473,4293,3657,3116,2619,2204,1763,1489,1290,1135,940,814,722,653,565,526,501,461,400,373,351,306,241,193,138,87,47,27,16,10,7,6,,86663,1152,8061,15668,43898,14720,3164
884,Canning Town,Nov-17, ,0,0,0,0,0,0,0,0,0,0,0,0,95,163,211,257,355,474,606,709,764,703,652,689,829,889,789,640,564,490,383,287,260,257,238,216,215,216,197,176,182,190,182,167,177,185,179,167,176,183,173,171,187,202,198,204,236,267,271,287,326,353,338,345,334,293,225,203,183,160,134,122,116,107,97,89,89,86,77,69,70,64,53,44,44,40,32,25,19,13,9,8,7,5,3,2,,20492,2870,7679,4698,3478,1329,438
536,Cannon Street,Nov-17, ,0,0,0,0,0,0,0,0,0,0,0,0,0,4,20,22,77,104,144,187,276,371,471,571,633,706,735,718,681,562,416,275,248,196,188,137,154,144,164,147,173,170,180,159,165,155,166,151,164,160,162,145,168,172,190,204,248,259,273,360,489,617,651,635,577,522,461,378,316,249,209,170,151,127,114,100,92,84,80,73,73,68,60,51,52,49,43,29,19,11,6,1,0,0,0,0,,18732,558,6415,4062,5470,1765,462
537,Canons Park,Nov-17, ,0,0,0,0,0,0,0,0,0,0,0,0,9,22,41,60,90,123,139,157,181,214,250,298,321,282,223,173,134,103,86,77,62,54,49,50,49,43,38,36,37,36,36,37,37,35,32,32,31,30,31,33,32,35,40,48,60,67,63,59,61,67,67,65,57,53,45,38,33,28,25,24,22,18,13,11,9,10,12,13,10,8,7,6,5,5,4,3,2,1,1,1,1,0,0,0,,4900,641,2342,943,702,218,54
539,Chalfont & Latimer,Nov-17, ,0,0,0,0,0,0,0,0,0,0,0,0,4,5,11,28,50,63,79,118,161,190,205,204,168,115,78,55,46,40,36,30,26,22,18,20,20,19,15,17,19,20,17,17,14,14,13,14,13,15,14,10,33,98,107,60,16,33,44,53,51,45,34,30,26,22,18,18,15,13,9,8,5,5,5,5,4,6,6,4,4,8,13,9,4,1,2,1,0,0,0,0,0,0,0,0,,2838,358,1328,635,390,85,42
540,Chalk Farm,Nov-17, ,0,0,0,0,0,0,0,0,0,0,0,0,0,0,11,17,27,40,52,70,95,128,154,197,258,321,318,273,218,192,155,121,98,97,91,85,84,87,84,83,85,89,88,87,91,92,87,84,90,93,86,88,100,115,114,122,129,142,149,181,189,197,192,224,229,217,175,149,129,106,87,77,72,67,61,65,68,67,58,68,95,119,154,187,169,111,69,54,32,17,7,6,5,3,2,2,,8997,217,2430,2220,2173,925,1032
541,Chancery Lane,Nov-17, ,0,0,0,0,0,0,0,0,0,0,0,0,0,0,8,18,28,30,29,37,44,59,74,99,120,148,166,173,173,184,192,178,158,167,180,196,206,233,250,290,332,375,384,390,393,403,390,388,388,406,401,425,450,499,523,661,762,912,928,1162,1267,1494,1535,1618,1462,1308,1084,926,788,662,529,463,413,369,337,338,310,263,231,233,225,196,167,158,156,139,111,89,72,48,24,15,15,14,9,5,,31085,150,1610,8488,14458,4936,1443
718,Charing Cross,Nov-17, ,0,0,0,0,0,0,0,0,0,0,0,0,0,13,25,57,59,124,167,243,310,407,439,446,553,700,746,646,533,447,358,302,279,281,256,247,239,260,257,273,281,309,308,317,320,342,336,349,355,373,364,388,405,440,443,497,527,586,588,696,784,883,896,919,865,778,651,562,491,442,381,353,339,333,316,314,315,334,323,386,468,520,444,347,283,255,218,159,110,65,33,12,9,8,6,3,,30496,688,5887,7919,8735,4327,2940
543,Chesham,Nov-17, ,0,0,0,0,0,0,0,0,0,0,0,0,10,5,25,27,65,48,116,73,172,124,165,100,117,59,45,35,23,30,31,23,17,14,18,14,16,11,14,12,15,12,12,9,12,10,13,12,13,9,12,12,12,3,49,65,55,11,22,21,29,26,26,18,17,10,9,5,7,5,5,3,4,3,4,3,3,2,3,3,3,2,2,1,2,2,0,0,0,0,0,0,0,0,0,0,,1985,369,924,386,249,45,12
544,Chigwell,Nov-17, ,0,0,0,0,0,0,0,0,0,0,0,0,0,4,3,3,10,13,25,32,50,50,57,92,103,79,34,28,12,9,9,11,10,8,6,6,7,7,5,6,6,6,6,6,6,5,6,7,6,6,6,4,9,22,29,23,28,28,21,13,17,14,10,9,7,4,3,3,4,3,2,2,2,2,1,1,1,1,1,2,2,1,1,1,1,1,1,1,1,0,0,0,0,0,0,0,,1021,90,534,208,157,22,10
545,Chiswick Park,Nov-17, ,0,0,0,0,0,0,0,0,0,0,0,0,3,4,7,10,15,21,30,45,63,89,118,151,160,142,106,84,70,58,44,36,33,32,30,30,30,31,31,32,31,30,29,31,31,30,29,31,33,33,31,32,36,40,41,46,55,63,68,93,108,119,110,111,96,80,59,49,43,37,28,25,23,20,16,15,16,15,12,12,13,14,11,9,9,8,6,3,2,2,2,1,0,0,0,0,,3392,135,1121,783,1011,262,80
546,Chorleywood,Nov-17, ,0,0,0,0,0,0,0,0,0,0,0,0,0,5,5,10,20,30,41,50,57,75,100,109,85,56,35,30,23,24,21,19,12,11,15,19,15,11,10,10,8,8,8,10,9,9,7,8,7,9,9,9,8,1,39,62,52,14,15,18,22,24,18,12,12,10,6,8,9,6,2,3,4,2,1,2,2,2,2,2,2,1,2,3,3,0,1,0,0,0,0,0,0,0,0,0,,1369,161,634,314,211,37,12
547,Clapham Common,Nov-17, ,0,0,0,0,0,0,0,0,0,0,0,0,5,20,39,63,110,157,196,249,328,447,575,645,657,628,593,549,495,407,297,216,174,165,150,133,130,137,133,131,137,146,139,129,132,138,131,124,125,125,118,119,129,145,151,156,165,181,187,221,246,277,280,281,259,243,216,190,172,155,131,122,121,118,107,100,99,97,95,102,107,100,93,95,99,97,91,76,55,35,22,17,14,14,11,7,,15071,839,5837,3297,2746,1419,933
548,Clapham North,Nov-17, ,0,0,0,0,0,0,0,0,0,0,0,0,0,18,23,37,64,107,138,196,274,376,442,459,408,356,342,351,336,290,222,163,126,118,103,90,86,93,86,81,78,86,80,79,76,82,75,75,74,79,74,75,74,81,79,89,96,111,114,141,148,166,167,183,173,171,154,140,123,113,96,87,77,70,58,59,60,60,54,54,54,52,51,55,54,54,48,38,24,17,11,9,8,6,4,3,,9804,583,4019,2039,1764,911,488
549,Clapham South,Nov-17, ,0,0,0,0,0,0,0,0,0,0,0,0,7,22,37,58,110,180,237,299,398,576,798,957,933,782,664,616,531,391,266,199,170,158,140,123,119,118,111,107,108,112,105,102,104,102,89,82,88,90,85,84,98,112,116,133,146,148,139,157,169,173,162,165,165,162,144,131,120,105,88,79,74,66,56,51,47,43,35,35,36,37,33,31,30,29,24,20,16,11,7,4,4,3,2,1,,13665,950,7111,2656,1861,799,288
550,Cockfosters,Nov-17, ,0,0,0,0,0,0,0,0,0,0,0,0,11,12,14,23,39,53,56,62,72,83,97,122,138,126,100,80,67,64,63,61,52,48,43,41,40,40,36,35,35,36,34,33,32,31,29,28,29,29,27,28,31,31,31,36,40,42,40,51,57,60,49,47,41,37,29,24,21,18,14,12,12,12,10,9,8,9,8,11,12,10,7,5,5,4,3,3,2,1,0,1,1,0,0,1,,2894,270,1073,835,517,144,55
551,Colindale,Nov-17, ,0,0,0,0,0,0,0,0,0,0,0,0,14,33,54,90,152,213,253,286,315,342,390,503,639,638,505,372,306,257,206,171,151,143,129,118,119,115,106,101,112,117,112,105,112,122,128,127,124,129,137,144,144,148,154,175,188,200,186,207,221,238,225,215,177,130,97,89,85,70,55,50,50,47,42,39,39,39,39,39,36,32,27,24,20,17,15,11,8,4,3,3,2,1,1,1,,11783,1095,4644,3072,2173,594,205
552,Colliers Wood,Nov-17, ,0,0,0,0,0,0,0,0,0,0,0,0,31,45,55,76,130,185,247,318,389,427,493,587,678,650,550,428,346,264,200,154,135,123,112,103,106,102,96,91,96,96,92,90,93,90,81,80,85,86,82,83,91,93,92,95,108,111,107,114,131,141,141,134,125,115,107,94,84,75,65,58,52,46,42,40,38,34,31,29,29,27,23,20,20,18,14,11,8,5,3,3,2,1,1,2,,10755,1087,5166,2293,1428,594,187
553,Covent Garden,Nov-17, ,0,0,0,0,0,0,0,0,0,0,0,0,0,2,4,7,7,8,10,15,21,29,34,44,54,65,67,70,73,84,91,90,84,90,99,111,119,131,143,162,179,195,205,215,235,256,264,284,307,329,337,361,373,391,402,442,465,485,473,529,585,645,637,680,697,680,580,533,500,466,393,383,385,377,343,346,358,374,346,430,666,828,680,459,364,319,264,238,255,180,82,8,17,13,7,4,,22563,53,722,5714,6989,4701,4384
554,Croxley,Nov-17, ,0,0,0,0,0,0,0,0,0,0,0,0,0,14,13,15,32,41,57,69,87,124,154,171,137,108,66,51,32,31,27,24,15,14,13,12,12,11,12,11,12,12,12,10,9,8,8,11,12,10,7,5,6,34,67,80,52,30,22,28,30,28,25,24,21,15,11,8,7,5,4,4,4,4,3,3,2,2,2,2,3,2,1,2,2,1,1,1,1,0,0,0,0,0,0,0,,2006,241,1012,403,294,42,14
555,Dagenham East,Nov-17, ,0,0,0,0,0,0,0,0,0,0,0,0,35,40,72,124,164,191,203,214,211,215,225,243,228,190,147,129,113,98,76,65,57,54,51,48,47,44,45,45,46,44,43,41,41,41,40,43,44,42,39,39,39,62,80,78,61,61,65,66,66,65,61,57,50,44,37,33,28,24,19,19,21,21,17,15,14,13,12,15,15,12,9,8,6,5,3,2,1,0,1,0,0,0,0,0,,5082,1043,1940,1153,666,218,62
556,Dagenham Heathway,Nov-17, ,0,0,0,0,0,0,0,0,0,0,0,0,76,89,150,235,357,398,407,384,380,360,363,392,386,324,254,230,214,182,151,136,124,115,106,103,102,100,97,95,94,101,102,98,92,90,85,83,83,90,92,89,95,110,120,117,120,125,127,129,130,129,120,109,101,93,81,73,69,58,46,41,39,34,33,33,31,26,22,20,21,22,21,17,14,13,12,12,10,8,6,4,0,0,0,0,,9800,2096,3372,2383,1337,452,160
557,Debden,Nov-17, ,0,0,0,0,0,0,0,0,0,0,0,0,15,17,25,44,71,89,99,122,147,165,189,226,225,181,127,96,72,61,57,56,43,38,35,36,36,34,30,32,32,32,55,69,61,36,32,31,31,27,36,55,71,84,84,89,80,79,80,113,120,111,88,78,63,57,46,34,26,23,18,16,15,15,13,12,12,12,10,9,8,7,5,4,5,4,3,2,1,1,1,0,0,1,0,0,,4365,482,1602,1109,949,181,42
558,Dollis Hill,Nov-17, ,0,0,0,0,0,0,0,0,0,0,0,0,18,23,34,54,76,100,125,157,186,212,242,283,318,320,285,232,188,155,122,100,94,94,84,76,78,79,71,69,70,72,70,71,72,71,69,68,71,75,78,87,94,96,94,101,103,104,103,129,141,140,114,111,104,96,84,81,74,61,48,41,39,35,34,33,32,26,23,22,21,16,14,12,11,10,10,9,6,5,4,3,1,1,0,0,,7035,587,2643,1904,1310,468,123
560,Ealing Broadway,Nov-17, ,0,0,0,0,0,0,0,0,0,0,0,0,44,75,107,164,276,392,501,623,767,906,1088,1289,1422,1359,1155,927,741,583,443,361,326,303,276,267,271,266,257,250,258,260,261,260,271,260,248,245,261,254,249,253,273,275,281,335,415,456,453,495,582,627,600,543,500,442,377,317,279,236,195,172,159,142,126,121,113,103,93,95,98,96,76,65,65,67,50,30,15,10,7,5,3,3,2,2,,27918,2182,11041,6460,5807,1834,594
561,Ealing Common,Nov-17, ,0,0,0,0,0,0,0,0,0,0,0,0,9,10,13,22,40,60,76,100,131,160,183,224,253,247,206,163,130,106,84,67,61,58,50,48,49,48,43,41,44,45,43,43,45,47,45,45,45,45,43,45,54,68,76,77,77,84,87,96,105,108,104,99,94,83,69,60,54,47,37,33,31,27,23,21,21,19,18,18,19,17,16,12,11,9,8,5,4,3,3,2,1,0,0,0,,5017,330,1954,1208,1066,349,110
562,Earl's Court,Nov-17, ,0,0,0,0,0,0,0,0,0,0,0,0,26,30,43,65,91,133,177,230,308,417,529,696,889,1018,967,837,727,676,617,548,506,485,448,405,377,372,346,332,328,336,322,310,315,324,317,311,327,344,348,376,413,442,438,488,536,567,537,635,727,788,727,712,692,666,574,500,457,405,327,288,272,256,228,210,196,178,165,174,185,179,157,153,158,164,147,119,84,54,30,18,11,6,4,3,,30323,795,8229,9010,7661,3156,1472
563,East Acton,Nov-17, ,0,0,0,0,0,0,0,0,0,0,0,0,4,17,28,37,52,74,96,117,144,164,182,213,268,287,246,192,165,144,110,88,85,88,79,71,78,80,73,65,69,70,69,67,70,69,63,62,70,77,75,76,83,90,92,104,123,136,139,161,188,187,152,125,115,99,81,67,60,54,50,47,47,47,40,30,25,24,20,19,19,18,14,13,11,10,8,7,5,4,2,2,1,0,0,0,,6603,425,2203,1825,1573,463,114
565,East Finchley,Nov-17, ,0,0,0,0,0,0,0,0,0,0,0,0,3,15,31,51,83,118,153,215,301,386,485,593,727,762,704,596,515,409,294,222,186,172,153,134,134,137,128,118,121,124,116,109,111,112,103,93,95,97,92,90,95,110,119,136,142,144,140,164,193,201,171,156,151,150,126,104,85,73,59,50,45,41,34,32,33,32,29,28,28,28,26,24,24,22,17,12,8,5,3,2,1,1,1,0,,12133,669,5994,2885,1842,541,202
566,East Ham,Nov-17, ,0,0,0,0,0,0,0,0,0,0,0,0,120,171,263,423,645,863,986,1015,885,739,675,798,917,917,803,707,627,524,423,359,320,287,261,244,248,246,235,218,215,218,219,219,228,235,228,227,233,233,222,222,228,229,236,258,271,265,257,280,308,315,288,272,254,228,196,181,168,152,131,120,112,106,97,97,92,84,71,65,58,52,41,36,30,26,20,14,7,3,1,1,1,0,0,0,,23269,4486,8374,5709,3115,1295,290
567,East Putney,Nov-17, ,0,0,0,0,0,0,0,0,0,0,0,0,4,9,15,31,48,76,121,191,278,392,511,616,649,611,497,386,290,226,171,137,126,118,100,86,87,93,89,86,86,88,83,82,85,84,76,73,74,73,69,66,73,89,100,109,110,123,135,167,181,199,201,202,185,166,139,119,106,91,73,63,56,48,40,36,35,34,32,29,27,25,22,19,19,20,17,12,8,5,3,2,0,0,0,0,,10103,495,4764,2095,1927,643,179
564,Eastcote,Nov-17, ,0,0,0,0,0,0,0,0,0,0,0,0,10,16,28,37,73,91,123,152,201,234,284,316,324,287,238,189,145,113,91,83,70,66,61,59,57,54,53,54,53,51,48,46,45,44,42,42,42,42,41,42,41,46,54,59,53,50,49,60,65,65,58,60,57,50,40,36,33,27,20,16,15,13,11,9,9,9,9,10,10,10,8,7,7,6,4,3,2,1,0,0,0,0,0,0,,5129,530,2505,1212,643,181,58
568,Edgware,Nov-17, ,0,0,0,0,0,0,0,0,0,0,0,0,12,21,45,66,121,158,199,216,250,284,353,441,492,469,386,309,245,209,178,156,127,112,100,99,99,96,90,87,88,93,94,91,88,89,86,85,84,84,81,81,82,86,88,97,111,113,106,109,120,129,123,120,112,105,88,77,68,58,47,45,43,37,30,27,27,25,22,22,21,20,18,16,13,11,9,5,3,2,2,1,1,1,1,0,,8705,838,3772,2207,1313,451,124
774,Edgware Road (Bak),Nov-17, ,0,0,0,0,0,0,0,0,0,0,0,0,0,0,5,8,11,15,18,27,38,46,52,61,76,100,114,107,89,85,78,67,60,65,68,66,64,68,69,72,82,92,87,80,81,89,88,91,95,95,89,93,104,119,134,158,168,184,186,239,270,340,355,376,311,250,179,156,135,116,96,86,76,72,64,62,61,58,50,51,50,46,38,38,39,35,27,20,15,8,3,0,0,0,0,0,,7366,84,913,2109,3014,927,319
569,Edgware Road (Cir),Nov-17, ,0,0,0,0,0,0,0,0,0,0,0,0,11,11,13,17,22,31,40,59,86,117,142,186,229,269,260,231,189,169,148,132,119,125,130,124,117,119,121,120,130,139,136,129,132,140,138,138,141,149,146,149,158,172,185,219,237,252,249,326,386,470,475,482,425,377,302,248,208,180,154,139,129,118,107,100,95,89,81,78,77,73,65,60,59,55,45,35,26,17,9,4,0,0,0,0,,11970,204,2158,3376,4229,1478,525
570,Elephant & Castle,Nov-17, ,0,0,0,0,0,0,0,0,0,0,0,0,4,38,73,95,143,222,285,390,539,653,679,775,977,1249,1303,1155,948,846,720,546,440,404,394,362,355,367,355,361,371,411,403,418,413,425,386,389,392,414,405,451,495,550,570,688,771,855,853,1008,1061,1060,904,876,808,750,614,528,461,422,369,339,324,308,281,263,265,258,243,230,227,220,203,184,181,180,153,105,68,39,17,3,0,0,0,0,,37290,1250,10390,10219,10088,3763,1580
571,Elm Park,Nov-17, ,0,0,0,0,0,0,0,0,0,0,0,0,32,45,68,108,149,196,223,252,287,332,379,429,431,371,271,195,137,108,86,73,62,56,54,53,48,42,38,39,40,38,36,35,35,35,33,32,31,29,26,24,24,31,39,42,39,37,37,40,45,47,43,39,38,36,30,26,20,17,13,12,11,10,10,10,10,8,7,6,6,6,6,7,7,4,3,0,0,0,0,0,0,0,0,0,,5724,1073,3099,922,457,134,39
542,Embankment,Nov-17, ,0,0,0,0,0,0,0,0,0,0,0,0,2,15,21,35,42,73,98,159,237,312,346,380,443,500,514,482,415,336,267,239,241,259,243,227,214,236,246,273,289,316,318,325,328,346,350,354,360,386,398,428,451,476,482,560,630,706,698,832,950,1126,1201,1258,1197,1078,914,774,686,597,506,463,444,431,408,400,392,487,553,656,710,754,643,537,466,413,320,232,167,112,54,19,11,11,7,4,,34869,445,4471,8106,11364,6023,4460
572,Epping,Nov-17, ,0,0,0,0,0,0,0,0,0,0,0,0,33,44,74,106,179,228,272,314,358,387,414,426,358,267,180,129,95,82,82,74,60,56,48,59,67,64,47,49,46,44,42,44,41,39,37,39,39,39,39,40,42,43,50,56,59,61,72,76,83,83,79,68,56,47,44,37,29,24,18,16,14,13,11,10,10,9,8,7,7,8,8,8,8,6,4,2,2,1,1,1,1,1,0,0,,6224,1250,2852,1130,765,169,58
574,Euston,Nov-17, ,0,0,0,0,0,0,0,0,0,0,0,0,0,32,39,54,111,207,356,553,806,1140,1286,1452,1549,1762,1751,1595,1409,1234,1127,902,836,837,862,782,692,649,728,829,901,848,797,777,830,841,788,734,776,800,759,730,817,871,855,907,1011,1099,1161,1283,1445,1568,1658,1674,1677,1556,1407,1191,1060,955,927,842,837,803,728,675,705,701,570,460,457,471,399,306,270,257,226,188,131,80,42,19,16,16,11,4,,65497,1352,16013,19246,16730,9263,2893
575,Euston Square,Nov-17, ,0,0,0,0,0,0,0,0,0,0,0,0,5,10,13,13,26,29,83,127,197,254,327,418,490,568,606,572,467,344,275,195,178,177,181,175,174,171,170,190,220,223,213,234,259,261,234,240,253,260,245,271,310,339,343,442,533,587,583,736,905,1011,983,966,901,785,634,539,471,423,358,332,320,312,276,279,277,245,185,163,156,141,119,101,94,86,72,55,40,26,13,3,0,0,0,0,,24492,306,4713,5763,9163,3641,906
576,Fairlop,Nov-17, ,0,0,0,0,0,0,0,0,0,0,0,0,6,9,22,38,57,67,74,81,84,95,122,153,150,117,78,61,49,41,27,23,19,17,15,14,16,14,14,15,15,13,12,13,15,17,16,14,12,13,12,11,17,25,27,23,21,21,20,23,26,25,19,19,19,17,12,11,12,10,7,6,8,8,7,6,7,7,6,6,6,6,4,3,2,2,1,1,0,0,0,0,0,0,0,0,,2081,354,1000,379,233,90,25
577,Farringdon,Nov-17, ,0,0,0,0,0,0,0,0,0,0,0,0,8,10,11,15,21,30,39,48,51,53,94,110,124,141,152,159,154,155,150,146,144,168,152,168,173,188,194,215,242,270,274,289,307,324,313,317,327,345,337,361,390,408,483,618,770,968,1044,1382,1626,2166,2501,2712,2419,2028,1538,1208,1000,822,666,551,470,415,381,351,316,289,269,272,264,251,222,219,222,229,206,160,105,68,36,13,3,3,1,0,,36844,182,1489,7007,20362,5802,2002
578,Finchley Central,Nov-17, ,0,0,0,0,0,0,0,0,0,0,0,0,5,17,30,52,77,100,149,257,340,416,511,666,728,642,538,467,406,291,226,179,160,147,136,120,118,123,124,121,114,109,105,115,117,109,104,100,106,96,87,86,106,109,115,145,160,160,161,179,208,238,265,253,216,167,145,130,110,84,65,51,49,50,47,40,40,38,38,37,36,28,25,24,25,18,16,16,18,10,4,1,1,1,1,0,,12024,687,5410,2772,2282,649,224
579,Finchley Road,Nov-17, ,0,0,0,0,0,0,0,0,0,0,0,0,7,13,25,36,45,67,104,148,199,268,341,454,567,653,620,520,397,333,278,228,189,184,170,155,145,152,153,150,153,158,158,155,160,170,166,160,158,163,159,159,172,186,195,232,278,308,300,325,342,375,363,371,358,351,307,278,246,213,175,154,136,124,111,106,101,97,90,86,82,78,72,68,66,65,62,51,39,26,14,6,2,1,1,1,,15534,445,4858,4002,3956,1639,634
580,Finsbury Park,Nov-17, ,0,0,0,0,0,0,0,0,0,0,0,6,43,108,159,219,327,472,619,846,1090,1445,1791,2113,2474,2653,2438,2018,1789,1620,1305,960,704,665,607,563,516,538,472,497,484,527,497,486,457,486,497,467,453,465,456,437,450,481,503,499,541,602,687,753,867,879,891,837,894,833,770,605,531,466,421,363,309,292,277,292,292,293,301,328,335,303,265,231,222,200,168,135,99,58,35,27,19,14,12,9,,52158,2799,21696,12207,9159,4165,2132
581,Fulham Broadway,Nov-17, ,0,0,0,0,0,0,0,0,0,0,0,0,3,4,7,16,29,45,67,111,172,240,318,399,459,456,408,338,276,223,182,157,149,149,141,139,144,153,149,156,166,169,161,167,179,182,171,170,179,194,191,190,161,312,405,409,290,306,296,357,410,433,379,392,392,362,282,239,217,199,169,155,140,127,110,104,98,93,90,91,91,98,116,140,156,156,133,91,53,29,14,5,1,0,0,0,,15310,282,3628,4586,4138,1593,1083
582,Gants Hill,Nov-17, ,0,0,0,0,0,0,0,0,0,0,0,0,33,69,124,158,219,278,330,376,395,416,458,589,702,687,557,437,353,289,222,185,158,148,126,118,119,112,100,99,102,99,94,99,104,102,92,86,84,84,81,80,82,89,96,101,97,94,98,119,128,124,108,108,104,97,80,72,64,59,48,43,40,39,43,45,41,31,27,24,22,22,19,16,15,15,12,9,5,3,3,3,2,2,1,1,,11215,1587,5290,2455,1229,504,150
583,Gloucester Road,Nov-17, ,0,0,0,0,0,0,0,0,0,0,0,0,7,9,14,26,44,71,99,133,173,232,315,403,483,543,551,501,444,408,372,341,324,320,300,286,271,266,255,259,263,256,244,248,258,257,241,242,250,257,251,277,304,334,336,401,447,484,453,543,597,626,548,564,556,527,434,377,336,301,260,244,240,230,192,162,151,150,140,140,145,143,128,130,137,133,110,87,62,38,20,8,4,4,3,1,,21724,403,4766,6700,6156,2546,1153
584,Golders Green,Nov-17, ,0,0,0,0,0,0,0,0,0,0,0,0,5,15,34,58,83,107,126,161,211,275,356,450,573,636,602,495,416,354,291,241,212,199,180,162,163,166,158,150,158,163,155,154,166,172,155,142,151,159,151,142,158,179,184,189,196,199,189,211,241,257,242,234,228,215,183,160,145,133,109,96,83,78,72,72,66,59,54,55,55,50,44,39,33,26,22,20,15,9,6,5,3,2,1,0,,13364,589,4900,3968,2555,1022,330
585,Goldhawk Road,Nov-17, ,0,0,0,0,0,0,0,0,0,0,0,0,3,5,6,7,13,25,33,47,62,86,107,141,173,188,175,147,119,93,72,57,50,44,40,36,37,38,38,37,36,40,42,42,42,44,42,39,39,39,37,37,38,41,41,45,49,53,53,55,57,58,55,55,56,52,47,40,34,33,32,26,19,17,16,14,14,14,13,13,13,14,15,18,18,15,10,7,5,3,2,1,0,0,0,0,,3519,139,1420,964,630,245,121
586,Goodge Street,Nov-17, ,0,0,0,0,0,0,0,0,0,0,0,0,0,0,2,3,6,7,9,12,15,16,19,25,32,38,40,38,37,39,40,48,58,65,62,70,76,83,84,94,103,116,120,134,145,156,147,149,154,165,165,184,200,216,217,266,297,330,322,404,453,571,609,660,620,590,491,423,361,310,251,242,231,214,186,204,211,186,146,135,129,117,109,107,103,90,74,56,42,28,14,5,3,3,3,2,,12987,39,387,3229,5770,2677,885
587,Grange Hill,Nov-17, ,0,0,0,0,0,0,0,0,0,0,0,0,2,5,6,7,22,30,43,63,69,74,84,130,119,89,44,35,23,17,15,15,13,11,11,10,9,8,8,8,8,8,8,7,7,6,7,7,8,7,7,6,7,6,6,6,8,9,11,12,13,11,9,7,6,5,5,4,4,4,3,3,3,2,1,2,1,1,1,1,1,1,1,1,1,0,0,0,0,1,0,0,0,0,0,0,,1213,178,714,189,100,26,6
588,Great Portland Street,Nov-17, ,0,0,0,0,0,0,0,0,0,0,0,0,5,5,6,7,8,13,22,36,44,56,69,87,114,154,168,155,129,123,113,108,99,102,100,104,106,114,113,120,130,142,137,143,151,155,141,144,154,165,161,175,204,238,257,328,380,419,398,519,594,702,708,778,735,654,493,392,323,268,209,184,171,157,137,131,125,116,102,98,95,87,75,68,72,68,55,38,29,19,10,5,0,0,0,0,,14519,102,1320,3683,6772,2021,621
590,Green Park,Nov-17, ,0,0,0,0,0,0,0,0,0,0,0,0,9,24,34,38,45,54,61,89,112,126,126,146,172,196,205,214,224,242,247,260,275,302,312,325,361,425,487,561,607,608,563,559,573,596,600,632,670,721,750,844,924,1004,1037,1162,1240,1341,1393,1721,2022,2401,2620,2809,2749,2498,2129,1789,1541,1284,1049,916,849,798,734,706,686,667,642,660,693,734,708,666,631,602,524,440,383,292,165,68,49,48,31,14,,58814,354,2270,14898,24712,10532,6048
589,Greenford,Nov-17, ,0,0,0,0,0,0,0,0,0,0,0,0,19,48,70,106,184,253,297,331,342,311,299,345,362,315,229,205,185,164,119,101,92,88,74,69,70,72,65,62,63,62,60,61,63,64,58,61,66,70,59,55,53,61,70,86,95,104,102,114,130,138,125,112,108,95,79,66,62,52,39,34,35,35,27,22,20,18,16,24,27,21,11,9,8,6,5,3,2,1,0,1,0,0,0,0,,7635,1308,2977,1604,1268,384,94
591,Gunnersbury,Nov-17, ,0,0,0,0,0,0,0,0,0,0,0,0,0,4,10,23,44,70,92,126,147,174,199,251,267,248,198,172,142,118,89,80,70,68,61,62,68,73,71,75,80,81,74,77,79,78,70,71,72,74,72,82,96,108,111,161,213,254,241,357,437,591,609,651,530,430,284,225,184,153,114,96,79,70,58,56,48,45,36,38,35,32,25,24,21,18,13,8,2,1,1,0,0,0,0,0,,10367,369,2085,1934,4822,977,180
592,Hainault,Nov-17, ,0,0,0,0,0,0,0,0,0,0,0,0,41,58,102,161,206,243,290,315,307,305,338,400,405,348,243,183,142,116,86,75,69,67,59,58,57,55,47,46,46,47,44,42,41,40,37,38,40,40,36,38,40,45,47,50,50,53,57,64,67,64,56,48,44,42,38,33,29,25,20,17,18,18,15,13,13,12,9,10,10,10,8,7,7,6,5,3,2,2,1,1,1,1,1,0,,6373,1416,2948,1129,616,199,65
593,Hammersmith (Dis),Nov-17, ,0,0,0,0,0,0,0,0,0,0,0,0,20,35,59,82,123,163,207,277,377,490,611,785,964,1071,998,853,721,649,561,482,435,433,425,405,414,433,435,430,453,466,465,462,475,481,466,465,485,497,480,505,628,701,710,760,945,1087,1086,1200,1357,1650,1709,1749,1589,1445,1168,966,809,694,577,518,474,434,382,356,333,332,310,298,398,590,723,733,614,422,257,163,103,61,40,22,14,11,8,4,,47068,966,8562,11909,15951,5517,4163
773,Hammersmith (H&C),Nov-17, ,0,0,0,0,0,0,0,0,0,0,0,0,14,18,25,31,48,73,102,144,225,321,416,488,594,681,666,552,460,392,314,241,210,194,186,176,180,187,185,179,189,203,204,203,206,215,207,199,196,197,190,205,243,265,256,279,333,381,377,399,444,516,536,519,476,429,368,299,253,220,189,159,140,125,110,100,94,93,88,84,89,105,119,122,106,81,57,44,30,17,6,0,0,0,0,0,,18267,455,5350,4954,5077,1655,776
594,Hampstead,Nov-17, ,0,0,0,0,0,0,0,0,0,0,0,0,0,2,6,11,17,23,31,51,72,95,128,178,222,248,251,248,210,160,112,96,84,82,77,73,70,73,70,74,77,81,74,75,81,85,78,76,80,83,79,82,85,110,127,155,195,209,178,164,180,185,163,161,158,154,127,108,93,81,67,60,55,49,43,41,40,39,37,39,40,39,40,44,47,48,43,31,18,11,6,3,2,1,0,1,,7192,141,2020,2031,1982,644,374
595,Hanger Lane,Nov-17, ,0,0,0,0,0,0,0,0,0,0,0,0,2,18,40,52,63,91,123,164,198,216,217,239,269,265,223,175,154,133,105,79,72,67,59,55,56,55,52,53,54,49,46,47,51,49,47,48,52,52,49,50,55,56,58,73,95,103,105,121,152,210,277,280,218,146,112,86,72,58,44,35,30,27,26,27,28,25,19,16,15,16,15,13,13,12,9,4,3,2,1,1,0,0,0,0,,6547,553,2273,1305,1905,407,104
596,Harlesden,Nov-17, ,0,0,0,0,0,0,0,0,0,0,0,0,4,12,21,31,48,64,74,92,112,122,135,167,188,173,142,122,107,83,60,51,53,51,45,42,43,43,41,40,43,47,47,46,49,53,49,48,56,62,59,66,80,86,87,103,122,120,110,133,174,191,178,166,152,125,89,67,60,49,38,34,35,32,29,28,30,26,19,19,22,21,15,18,24,21,12,8,5,2,0,0,0,0,0,0,,5321,346,1462,1339,1627,399,148
597,Harrow & Wealdstone,Nov-17, ,0,0,0,0,0,0,0,0,0,0,0,0,27,24,66,97,176,186,258,278,320,348,350,353,392,430,368,277,216,162,148,119,99,83,93,84,85,74,78,71,73,70,81,79,79,70,77,76,78,70,72,70,76,89,108,117,119,112,122,141,164,144,142,127,123,91,86,72,68,53,45,38,39,32,30,26,26,21,20,23,24,17,10,9,8,5,4,3,3,2,0,0,0,0,0,0,,8496,1112,3483,1952,1443,421,85
598,Harrow-on-the-Hill,Nov-17, ,0,0,0,0,0,0,0,0,0,0,0,0,0,56,66,114,204,299,358,404,445,516,597,704,753,696,563,453,378,322,265,221,187,179,167,164,171,172,165,165,172,175,172,172,178,181,175,175,180,189,191,192,187,200,230,256,280,295,296,312,330,369,381,387,331,275,225,197,172,143,118,101,91,83,78,74,69,63,57,52,49,45,40,36,34,32,27,20,13,9,7,5,3,0,0,0,,16908,1501,5913,4395,3678,1101,320
779,Hatton Cross,Nov-17, ,0,0,0,0,0,0,0,0,0,0,0,0,40,41,46,58,63,79,100,120,121,131,157,167,151,120,104,90,80,78,74,65,55,57,55,53,52,52,49,47,51,54,55,52,53,55,53,49,53,58,56,57,62,66,68,77,91,107,116,127,138,148,148,136,118,95,76,66,58,47,31,26,22,22,19,18,16,16,15,17,20,21,21,17,13,9,8,6,5,3,2,1,1,1,1,0,,5026,547,1338,1339,1366,307,129
780,Heathrow Terminals 123,Nov-17, ,0,0,0,0,0,0,0,0,0,0,0,0,31,35,40,42,47,53,64,85,112,135,153,168,173,165,159,161,153,147,152,164,170,165,151,143,147,153,154,160,165,168,164,165,174,194,201,203,200,198,180,171,170,176,176,180,181,184,189,207,214,217,206,195,172,156,159,198,216,196,165,171,171,155,131,135,142,152,151,182,185,161,111,88,69,55,36,17,6,3,2,1,1,0,0,0,,11347,397,1842,4128,2278,1967,735
781,Heathrow Terminal 4,Nov-17, ,0,0,0,0,0,0,0,0,0,0,0,0,7,5,5,11,18,20,21,30,46,61,65,60,52,46,39,36,34,34,32,32,31,28,29,33,36,33,33,34,35,37,43,51,56,56,53,57,60,62,58,55,50,48,48,48,53,66,77,77,70,65,58,53,57,64,63,58,55,57,60,59,53,45,39,41,47,52,47,46,42,34,20,17,20,18,9,2,1,0,0,0,0,0,0,0,,3253,117,537,1074,761,601,163
783,Heathrow Terminal 5,Nov-17, ,0,0,0,0,0,0,0,0,0,0,0,0,17,28,44,55,50,40,43,56,68,74,79,85,91,93,89,83,74,73,72,72,72,72,68,67,74,81,82,83,91,102,101,99,100,104,105,127,137,145,131,124,106,102,92,97,99,107,112,124,122,123,121,122,111,102,94,98,97,91,82,86,91,98,104,120,116,111,106,124,121,106,77,59,38,23,11,7,4,2,1,0,0,0,1,0,,6659,333,953,2362,1335,1226,450
601,Hendon Central,Nov-17, ,0,0,0,0,0,0,0,0,0,0,0,0,11,23,52,82,136,183,247,295,320,316,320,382,462,488,437,367,307,253,203,171,162,159,143,134,139,141,129,128,141,146,135,141,159,161,141,134,148,162,160,168,196,209,204,216,238,249,247,270,304,315,286,265,266,248,205,178,167,144,112,91,84,76,71,66,61,55,51,49,49,45,39,34,32,27,21,18,13,8,4,3,2,1,1,1,,13207,1029,4026,3756,3071,1027,298
602,High Barnet,Nov-17, ,0,0,0,0,0,0,0,0,0,0,0,0,8,15,25,45,72,99,124,166,213,268,348,453,494,437,333,256,199,161,131,111,92,84,77,73,70,71,69,68,69,71,67,66,66,62,52,53,65,68,58,53,77,87,85,100,138,140,115,110,124,128,115,100,89,77,65,53,44,36,30,27,26,25,22,20,18,17,16,16,16,14,13,12,12,9,8,6,4,2,1,1,1,0,0,0,,7311,554,3404,1703,1254,297,99
605,High Street Kensington,Nov-17, ,0,0,0,0,0,0,0,0,0,0,0,0,4,6,9,14,22,32,44,61,84,113,144,180,225,253,249,222,208,199,188,172,170,181,188,191,198,212,219,232,247,261,260,266,274,283,277,281,289,297,299,330,362,384,386,454,502,547,524,632,683,758,704,767,751,701,535,456,398,347,281,258,238,215,178,175,168,152,126,132,139,144,135,130,118,103,77,57,37,20,8,4,0,0,0,0,,20170,192,2237,6541,7560,2668,972
603,Highbury & Islington,Nov-17, ,0,0,0,0,0,0,0,0,0,0,0,0,10,29,50,62,95,136,195,266,359,465,587,745,900,1016,999,916,794,682,537,409,323,296,282,262,248,254,251,252,259,277,280,282,288,292,279,266,271,288,297,314,337,372,400,480,577,661,666,728,817,847,791,808,844,784,635,526,471,425,360,311,289,275,250,239,234,227,215,238,291,369,398,365,301,253,201,142,94,57,35,22,16,14,11,9,,31198,843,8409,7150,8684,3534,2578
604,Highgate,Nov-17, ,0,0,0,0,0,0,0,0,0,0,0,0,0,7,15,25,46,73,110,154,226,313,414,499,587,643,624,545,459,373,273,193,151,131,115,107,105,105,97,95,96,93,83,84,89,89,81,74,75,74,70,68,73,74,79,92,114,124,122,126,141,142,128,117,116,114,100,80,68,61,50,42,38,34,29,27,26,24,23,28,31,26,20,20,20,19,15,11,7,5,4,3,2,1,1,1,,9839,430,5149,2200,1424,450,186
606,Hillingdon,Nov-17, ,0,0,0,0,0,0,0,0,0,0,0,0,11,12,17,25,43,59,78,105,134,159,188,201,187,151,118,91,71,56,46,43,37,33,30,30,28,26,23,25,27,27,26,25,25,22,21,20,20,20,18,28,53,70,64,50,41,41,45,50,48,47,42,39,38,37,34,29,25,20,16,12,11,10,8,7,6,6,5,6,6,5,3,4,3,2,1,1,1,1,0,0,0,0,0,0,,3193,350,1445,748,491,132,27
607,Holborn,Nov-17, ,0,0,0,0,0,0,0,0,0,0,0,0,0,9,17,27,28,34,40,57,72,75,73,84,109,130,142,141,144,156,162,204,249,287,281,309,336,369,375,461,548,620,601,625,654,684,652,663,692,738,724,783,843,932,942,1143,1294,1450,1421,1675,1757,1874,1839,1966,1853,1703,1463,1331,1189,1077,931,891,866,835,798,817,779,703,649,649,737,775,683,514,443,426,393,355,292,194,93,40,40,44,32,15,,51101,212,1492,14511,19626,10184,5076
608,Holland Park,Nov-17, ,0,0,0,0,0,0,0,0,0,0,0,0,0,3,5,9,14,24,33,44,58,86,117,151,190,229,237,214,180,149,116,88,77,72,65,57,57,61,62,62,63,64,62,59,59,62,59,57,57,61,62,63,64,74,103,125,124,119,133,212,229,197,131,155,154,139,100,87,75,63,49,47,44,38,31,29,28,29,32,38,40,33,26,24,28,29,25,18,12,7,4,3,2,1,1,1,,6091,132,1815,1607,1780,503,254
609,Holloway Road,Nov-17, ,0,0,0,0,0,0,0,0,0,0,0,0,0,12,15,24,34,46,58,84,119,160,190,236,313,395,411,361,295,272,230,177,133,146,144,125,109,115,120,123,128,144,150,159,159,165,147,134,126,132,131,134,140,146,154,182,207,232,237,282,290,270,210,199,190,180,151,134,121,110,91,89,90,98,105,107,86,59,45,47,46,41,43,53,58,53,43,33,22,13,8,5,4,3,2,1,,10836,273,3159,3346,2582,1048,428
610,Hornchurch,Nov-17, ,0,0,0,0,0,0,0,0,0,0,0,0,14,26,43,73,96,109,118,144,177,212,253,289,269,210,142,102,68,50,41,38,32,32,32,30,27,24,24,25,27,29,28,26,25,23,23,22,23,23,24,23,31,36,37,34,38,42,43,46,47,44,37,34,32,27,19,15,14,13,11,11,12,11,8,6,6,7,8,8,8,7,6,6,6,6,4,3,2,2,0,0,0,0,0,0,,3723,623,1851,660,424,115,50
611,Hounslow Central,Nov-17, ,0,0,0,0,0,0,0,0,0,0,0,0,26,39,70,94,128,154,180,185,192,196,220,252,260,242,212,181,142,115,99,90,77,67,65,64,64,62,61,59,60,64,70,73,71,65,59,58,56,55,54,55,72,80,76,68,85,94,92,104,120,120,99,98,94,81,59,51,44,37,32,27,24,22,20,20,19,16,13,12,13,12,9,7,6,6,5,3,1,1,1,1,0,0,0,0,,6080,876,2201,1555,1097,286,65
612,Hounslow East,Nov-17, ,0,0,0,0,0,0,0,0,0,0,0,0,26,45,73,95,118,145,182,207,210,205,218,245,256,244,217,200,165,131,99,91,78,75,69,71,66,66,61,61,61,67,70,73,69,65,60,59,53,50,51,52,52,55,60,66,70,79,82,88,87,85,80,79,74,69,61,52,43,35,31,29,28,25,24,22,21,20,19,17,15,15,12,10,9,7,5,4,3,2,2,1,1,0,0,0,,5988,891,2281,1510,906,314,86
613,Hounslow West,Nov-17, ,0,0,0,0,0,0,0,0,0,0,0,0,47,53,71,94,114,127,144,166,177,191,229,267,264,225,183,151,124,108,96,91,81,74,68,68,66,61,58,59,63,68,72,73,71,64,55,51,49,48,46,46,50,54,53,49,52,59,63,64,69,72,68,60,53,48,44,40,36,32,26,22,22,21,18,18,19,19,17,17,15,13,11,9,8,6,6,4,4,3,2,1,1,1,1,1,,5414,816,2106,1447,692,267,86
614,Hyde Park Corner,Nov-17, ,0,0,0,0,0,0,0,0,0,0,0,0,0,0,5,6,6,7,7,11,16,19,21,24,29,30,30,33,38,40,41,42,44,45,48,51,57,71,74,85,92,103,95,98,97,97,94,98,102,106,107,119,130,138,143,164,181,200,211,267,283,272,240,268,262,219,177,160,146,128,125,121,115,109,104,103,108,115,105,112,135,133,95,70,67,60,48,40,34,23,9,1,1,2,2,1,,7515,42,363,2258,2740,1391,721
615,Ickenham,Nov-17, ,0,0,0,0,0,0,0,0,0,0,0,0,6,6,7,13,22,35,50,69,82,92,99,102,96,81,68,57,43,33,29,29,25,25,23,20,19,19,19,18,17,17,16,16,15,16,16,15,15,14,14,14,12,17,55,67,46,18,26,28,26,27,24,23,22,20,16,14,12,9,6,6,4,5,4,5,4,4,4,5,7,6,4,2,3,3,2,1,1,1,1,0,0,0,0,0,,1912,208,811,504,290,68,31
616,Kennington,Nov-17, ,0,0,0,0,0,0,0,0,0,0,0,0,0,10,21,33,45,67,88,113,152,202,235,282,368,478,487,424,322,266,203,159,120,111,103,89,81,85,84,79,78,85,81,77,77,83,78,75,74,79,77,78,82,91,94,105,113,129,130,161,179,182,150,162,173,166,133,121,111,95,78,69,64,58,54,51,52,49,45,46,49,47,41,38,34,31,27,23,18,14,9,6,4,4,3,2,,8942,377,3578,2066,1799,772,350
617,Kensal Green,Nov-17, ,0,0,0,0,0,0,0,0,0,0,0,0,3,9,14,21,27,35,42,65,91,118,154,207,258,279,270,232,188,146,115,88,76,65,57,51,52,51,46,43,44,45,42,39,40,41,38,37,40,41,39,39,43,46,48,50,51,57,61,68,77,81,73,70,70,64,52,44,37,30,25,23,21,19,16,15,16,17,15,15,13,11,9,10,11,10,7,7,5,2,0,1,0,0,0,0,,4578,216,2146,1113,768,249,86
618,Kensington (Olympia),Aut-11,A,0,0,0,0,0,0,0,0,0,0,0,0,0,0,0,0,0,0,0,0,16,15,13,27,45,38,29,30,33,32,38,41,27,30,30,28,18,26,28,25,21,34,43,32,25,28,37,30,31,32,44,43,32,32,38,39,41,45,32,36,44,45,21,14,19,23,18,11,19,19,17,14,16,15,7,7,7,9,6,11,10,9,5,3,2,3,2,0,0,0,0,0,0,0,0,0,,1640,0,357,753,349,147,34
619,Kentish Town,Nov-17, ,0,0,0,0,0,0,0,0,0,0,0,0,0,4,13,30,41,62,83,109,154,219,268,323,404,473,471,431,367,300,234,189,159,150,138,125,120,126,123,118,121,133,134,130,130,134,129,124,126,134,131,137,145,163,176,199,207,216,212,269,305,400,433,453,393,356,292,239,204,168,134,116,112,99,90,84,86,83,82,79,85,136,207,244,200,136,84,58,41,28,16,6,4,7,7,6,,13857,342,3833,3305,3775,1337,1265
620,Kenton,Nov-17, ,0,0,0,0,0,0,0,0,0,0,0,0,4,15,25,56,78,102,118,129,118,115,115,110,116,119,95,70,59,56,46,40,37,36,32,29,27,25,23,22,23,26,26,27,27,30,27,26,26,29,32,35,34,37,79,97,76,43,52,60,63,64,60,54,52,50,42,35,31,27,21,19,20,18,16,17,17,14,10,11,11,10,7,7,6,6,4,2,2,2,0,0,0,0,0,0,,3327,527,1059,812,651,221,57
621,Kew Gardens,Nov-17, ,0,0,0,0,0,0,0,0,0,0,0,0,0,6,10,17,28,41,65,96,132,185,242,289,293,266,216,176,138,112,90,80,71,67,58,56,58,59,57,61,65,67,62,66,70,68,63,67,73,78,78,81,90,106,111,122,138,154,145,157,155,144,115,126,132,120,92,89,88,77,66,64,63,58,58,56,56,52,44,37,32,26,19,17,15,12,8,5,3,1,1,1,0,0,0,0,,6662,263,2219,1754,1567,719,140
622,Kilburn,Nov-17, ,0,0,0,0,0,0,0,0,0,0,0,0,27,41,56,71,105,147,182,220,276,340,408,500,628,708,657,533,437,378,295,224,184,184,172,157,155,155,144,129,128,132,129,123,128,133,127,121,127,133,130,131,143,152,148,150,170,176,174,185,209,225,228,234,237,230,205,175,151,127,105,89,84,77,67,57,58,63,59,55,53,52,45,42,41,39,33,25,19,14,10,5,3,3,2,1,,13475,849,5384,3415,2448,992,387
623,Kilburn Park,Nov-17, ,0,0,0,0,0,0,0,0,0,0,0,0,0,3,11,20,30,41,47,62,85,108,124,152,194,230,220,180,146,131,109,89,80,80,74,67,69,71,67,60,63,65,62,57,58,60,59,59,60,61,58,63,68,74,73,75,76,82,82,87,90,92,84,92,94,89,74,71,63,54,43,39,40,37,30,25,25,26,22,23,23,24,20,17,14,14,14,10,6,3,2,1,0,0,0,0,,5153,214,1768,1583,1013,427,148
625,King's Cross St. Pancras,Nov-17, ,0,0,0,0,0,0,0,0,0,0,0,0,39,52,102,145,249,467,735,934,1293,1794,2447,2998,3610,3959,4068,3969,3725,3270,2598,2123,2034,2183,2194,2017,1831,1725,1711,1798,1769,1736,1715,1820,1785,1739,1642,1665,1697,1741,1730,1809,1848,1855,1816,2067,2383,2629,2692,3081,3412,3642,3695,3883,3798,3571,3182,2855,2551,2200,1930,1851,1770,1545,1369,1393,1455,1339,1246,1235,1185,978,931,965,928,784,622,482,352,256,152,91,72,66,47,28,,149150,2723,35854,43927,38823,19884,7939
624,Kingsbury,Nov-17, ,0,0,0,0,0,0,0,0,0,0,0,0,8,35,74,132,225,330,382,371,328,295,298,344,375,351,284,228,185,154,127,113,101,91,83,81,85,85,79,72,71,74,79,77,70,85,94,86,64,65,72,76,74,59,155,206,181,87,86,89,97,103,99,97,93,87,80,77,71,58,45,39,37,33,28,25,26,25,23,21,20,17,14,12,10,9,7,6,5,4,2,1,1,1,0,0,,8439,1557,3082,2084,1176,431,109
626,Knightsbridge,Nov-17, ,0,0,0,0,0,0,0,0,0,0,0,0,0,0,10,10,10,13,15,25,34,38,57,72,99,116,113,104,97,101,102,115,128,150,157,175,191,212,230,258,285,307,318,340,360,364,351,362,382,407,418,456,489,522,529,593,641,693,682,801,848,915,868,968,961,903,732,681,638,574,471,484,332,355,283,293,442,497,364,214,201,199,152,133,140,133,100,83,68,41,13,1,2,2,2,1,,25026,83,1048,7984,9693,4947,1271
627,Ladbroke Grove,Nov-17, ,0,0,0,0,0,0,0,0,0,0,0,0,6,10,14,15,21,35,48,66,91,131,185,245,288,293,275,240,204,164,132,110,101,97,93,92,97,102,102,107,115,119,116,114,123,130,126,118,117,114,105,118,137,160,165,193,209,224,219,248,269,277,250,240,236,217,172,143,126,105,84,76,74,67,56,50,52,52,48,42,39,34,34,43,57,54,39,25,17,9,4,1,1,0,0,0,,9327,215,2358,2861,2704,832,357
628,Lambeth North,Nov-17, ,0,0,0,0,0,0,0,0,0,0,0,0,0,4,8,11,11,15,20,28,35,46,56,73,95,122,129,119,105,99,90,80,75,77,72,64,59,62,62,62,65,70,69,70,73,75,70,66,69,77,81,86,88,93,92,108,127,141,135,148,157,164,155,153,139,122,101,92,82,73,59,56,51,46,40,48,55,59,52,44,31,29,26,26,25,23,17,13,11,8,4,0,0,0,0,0,,5443,97,1049,1785,1634,665,213
629,Lancaster Gate,Nov-17, ,0,0,0,0,0,0,0,0,0,0,0,0,0,4,9,15,17,34,50,72,105,171,225,285,343,406,405,378,326,286,243,209,178,166,153,136,118,115,110,104,101,103,98,92,93,98,95,89,92,101,99,105,118,133,129,140,153,163,157,173,189,201,188,189,183,175,149,132,111,95,76,68,62,56,48,47,47,47,44,45,44,48,49,54,55,51,38,28,19,12,7,5,3,3,3,2,,9568,201,3382,2766,2052,746,421
630,Latimer Road,Nov-17, ,0,0,0,0,0,0,0,0,0,0,0,0,4,6,6,7,11,17,23,30,39,51,74,98,110,106,99,93,82,67,51,43,39,40,37,34,33,37,38,39,42,44,41,41,43,44,40,40,45,49,46,46,52,57,57,66,74,84,83,118,139,175,172,180,157,137,96,80,74,65,46,45,48,43,32,34,36,34,25,29,31,26,14,11,10,9,6,4,3,2,1,0,0,0,0,0,,4190,104,913,1050,1495,511,117
631,Leicester Square,Nov-17, ,0,0,0,0,0,0,0,0,0,0,0,0,0,6,29,47,51,48,40,51,66,74,71,79,95,107,107,106,102,109,115,125,132,154,165,177,192,222,235,259,287,317,331,366,414,451,473,511,557,585,594,624,653,670,670,711,750,791,801,914,1028,1227,1309,1393,1388,1352,1201,1105,1060,1008,932,918,928,952,950,984,1037,1103,1141,1364,1711,1976,1806,1491,1297,1250,1101,861,628,395,209,113,97,95,67,37,,49948,272,1156,9750,13259,12377,13134
632,Leyton,Nov-17, ,0,0,0,0,0,0,0,0,0,0,0,0,21,81,152,263,404,544,650,768,816,761,695,727,849,877,799,685,609,525,416,325,280,274,246,226,235,241,211,182,185,194,188,176,184,188,183,180,194,197,185,179,193,196,187,196,222,233,228,234,251,259,251,242,237,222,200,182,172,154,134,119,119,114,102,90,86,80,87,93,95,77,59,45,39,36,27,19,12,8,6,4,3,3,3,2,,20416,2883,8084,4900,2761,1350,438
633,Leytonstone,Nov-17, ,0,0,0,0,0,0,0,0,0,0,0,0,33,79,124,159,257,341,418,490,564,585,613,701,860,904,798,647,551,460,350,270,236,227,208,190,195,194,181,168,169,168,161,162,172,167,150,143,152,155,151,148,168,185,184,177,196,228,238,242,257,268,253,231,222,205,178,152,136,122,103,95,89,85,74,68,64,60,55,53,52,48,41,37,36,34,31,22,14,7,5,4,4,4,3,2,,17433,1901,7303,4211,2670,1004,344
634,Liverpool Street,Nov-17, ,0,0,0,0,0,0,0,0,0,0,0,0,20,44,109,161,301,405,585,747,1409,1565,1814,2113,2472,2869,3080,2865,2423,2086,1703,1343,1305,1342,1265,1099,1091,1078,1079,1089,1193,1230,1152,1116,1189,1228,1173,1137,1190,1222,1171,1171,1296,1386,1371,1547,1763,1942,1905,2531,3187,3863,3954,4137,3959,3611,2967,2457,2108,1787,1453,1270,1197,1113,997,952,725,718,676,660,648,619,568,539,535,507,444,372,305,229,141,94,80,88,65,37,,112437,2372,25742,29120,36276,13656,5271
635,London Bridge,Nov-17, ,0,0,0,0,0,0,0,0,0,0,0,0,2,51,101,184,303,387,608,1002,1427,1804,2138,2465,2785,3100,3225,3027,2641,2265,1875,1555,1352,1310,1194,1080,1031,1055,1048,1082,1126,1187,1173,1194,1209,1238,1179,1168,1170,1222,1201,1269,1328,1403,1430,1664,1859,2073,2143,2564,2914,3334,3507,3658,3491,3153,2627,2201,1876,1641,1378,1239,1117,1037,968,933,894,852,801,830,895,877,759,666,645,611,521,403,324,236,136,59,47,39,27,13,,113606,2638,28307,29313,33524,13566,6258
636,Loughton,Nov-17, ,0,0,0,0,0,0,0,0,0,0,0,0,14,21,36,59,84,118,144,171,229,293,362,390,380,309,239,186,143,120,100,89,70,63,59,58,56,51,47,49,51,49,45,44,45,44,41,41,41,40,35,54,85,89,64,56,67,66,60,62,83,97,91,72,62,52,39,34,32,26,21,21,21,17,13,12,12,12,11,12,11,11,10,9,7,6,5,4,3,1,1,1,0,1,1,0,,5830,647,2840,1277,785,210,71
637,Maida Vale,Nov-17, ,0,0,0,0,0,0,0,0,0,0,0,0,0,2,6,11,17,27,38,52,81,111,140,186,258,300,283,233,182,142,105,85,72,73,67,62,59,61,61,59,60,62,60,55,52,56,53,51,53,55,52,50,69,82,80,78,85,88,82,106,114,110,83,84,85,88,76,70,65,56,48,48,49,43,33,32,34,31,22,22,24,22,18,16,17,16,12,7,4,2,1,0,0,0,0,0,,5434,153,2106,1482,1071,483,139
638,Manor House,Nov-17, ,0,0,0,0,0,0,0,0,0,0,0,0,14,44,71,91,130,187,227,267,310,360,403,482,588,645,601,536,499,453,354,262,217,215,193,169,164,174,156,139,140,149,141,127,127,139,138,128,131,139,131,129,139,146,136,136,154,169,170,171,188,204,201,186,184,179,158,131,120,112,96,86,80,79,72,67,62,59,54,54,54,52,45,39,37,36,32,26,19,12,7,5,4,3,3,2,,13539,1031,5493,3603,2095,941,376
639,Mansion House,Nov-17, ,0,0,0,0,0,0,0,0,0,0,0,0,0,2,3,3,4,4,4,9,15,22,26,33,40,49,54,55,52,55,53,53,52,62,61,61,60,71,77,91,102,114,108,104,106,118,119,118,117,126,125,135,141,157,161,199,248,279,261,370,520,666,683,715,680,621,507,421,347,280,221,186,158,133,122,117,110,98,90,88,82,73,66,64,65,63,54,36,22,11,6,0,0,0,0,0,,11584,29,507,2585,5971,1950,542
640,Marble Arch,Nov-17, ,0,0,0,0,0,0,0,0,0,0,0,0,0,6,13,22,27,39,46,63,77,102,120,148,175,211,219,205,184,175,163,156,154,159,152,146,147,164,170,183,196,211,211,216,219,233,238,258,272,293,295,312,335,362,392,452,492,502,502,611,661,724,712,759,731,704,611,541,492,448,400,378,373,361,334,333,344,351,324,408,478,460,311,233,199,180,145,117,95,57,21,5,7,7,4,1,,22337,216,1935,5770,7550,4546,2320
641,Marylebone,Nov-17, ,0,0,0,0,0,0,0,0,0,0,0,0,0,0,2,0,54,84,124,192,361,485,528,624,734,848,792,722,568,483,389,369,361,388,349,284,264,275,270,264,284,247,233,220,230,198,200,187,190,169,180,190,215,214,234,251,284,308,323,372,471,503,519,510,530,487,432,352,302,267,228,177,159,147,148,121,102,98,97,109,123,131,104,85,73,55,38,32,26,12,3,0,0,0,0,0,,20984,456,6903,5897,5091,1955,682
642,Mile End,Nov-17, ,0,0,0,0,0,0,0,0,0,0,0,0,15,31,56,87,127,171,201,234,293,391,497,622,795,932,917,806,684,577,438,337,287,287,272,264,272,279,246,265,293,298,255,294,332,329,269,300,338,339,281,310,358,384,355,439,509,524,460,555,641,643,524,510,520,491,385,335,326,306,254,223,216,201,177,161,156,148,137,128,126,122,107,94,91,85,69,54,42,29,18,12,9,7,4,3,,24959,922,7289,7346,6097,2433,872
643,Mill Hill East,Aut-14,A,0,0,0,0,0,0,0,0,0,0,0,0,0,1,2,6,15,18,41,60,67,98,163,186,159,124,101,68,50,34,25,21,16,16,19,20,14,15,15,15,18,17,17,23,30,19,12,9,19,19,17,12,21,24,63,75,70,37,36,58,72,60,43,39,33,19,19,15,11,12,10,14,9,11,8,9,5,5,2,3,5,6,5,5,4,2,2,2,1,1,0,0,0,0,0,0,,2397,143,1096,525,501,99,33
646,Moor Park,Nov-17, ,0,0,0,0,0,0,0,0,0,0,0,0,0,5,5,10,13,19,27,43,52,66,100,133,118,78,51,38,26,20,19,15,12,10,11,10,11,11,10,10,10,12,11,11,10,12,12,14,12,12,11,12,15,19,50,68,60,39,42,47,49,51,41,34,30,26,16,12,8,6,4,4,3,3,3,4,4,3,2,1,1,1,2,2,2,1,1,1,0,0,0,0,0,0,0,0,,1717,122,716,376,447,45,11
645,Moorgate,Nov-13,A,0,0,0,0,0,0,0,0,0,0,0,2,5,5,10,17,25,33,41,64,88,106,113,137,165,200,215,210,189,187,178,169,167,183,183,190,202,224,244,291,337,364,353,364,377,388,369,388,410,441,436,478,515,568,585,774,963,1158,1183,1747,2352,2973,3070,3164,2950,2616,2125,1728,1408,1137,847,727,633,553,487,446,407,398,379,359,312,279,240,222,209,188,157,125,90,53,20,2,0,0,1,0,,46698,202,1957,8831,26029,7781,1898
647,Morden,Nov-17, ,0,0,0,0,0,0,0,0,0,0,0,0,104,114,129,199,270,364,470,612,709,779,848,961,1018,935,749,604,489,384,288,240,207,188,164,158,160,162,155,146,140,141,139,141,136,129,122,123,121,119,118,124,125,128,131,150,165,179,185,214,233,242,219,209,196,188,160,138,114,98,81,70,64,61,56,50,48,46,42,40,39,34,29,27,28,25,21,15,9,4,3,3,3,2,2,1,,17036,2262,8004,3427,2328,770,245
648,Mornington Crescent,Nov-17, ,0,0,0,0,0,0,0,0,0,0,0,0,0,0,4,6,10,13,17,20,28,37,45,59,75,87,88,86,76,70,59,51,46,50,50,49,49,53,54,56,59,67,70,73,73,73,66,64,65,75,75,82,88,97,100,133,157,177,176,245,285,416,482,497,379,306,229,183,151,129,102,86,72,72,68,72,71,73,72,86,99,108,109,113,100,76,50,39,31,20,12,7,6,6,5,3,,7868,70,761,1667,3532,1054,784
649,Neasden,Nov-17, ,0,0,0,0,0,0,0,0,0,0,0,0,17,22,36,65,101,137,188,229,244,226,227,250,286,273,224,177,157,131,101,84,81,77,68,63,68,66,58,52,56,58,58,54,55,56,54,51,55,58,58,60,63,66,70,77,87,95,105,118,123,120,113,115,109,97,78,66,57,46,36,31,31,29,25,21,20,18,16,16,18,17,14,11,12,9,7,4,3,1,1,1,0,0,0,0,,6327,795,2380,1482,1226,346,98
650,Newbury Park,Nov-17, ,0,0,0,0,0,0,0,0,0,0,0,0,42,77,129,178,274,339,384,401,395,373,422,516,570,504,404,318,260,210,165,141,121,114,99,91,93,89,77,75,80,81,76,72,70,66,61,59,62,62,59,51,61,77,83,77,74,78,81,89,92,91,88,86,80,70,59,54,49,42,32,29,30,30,26,24,23,22,20,17,15,14,11,9,9,8,6,4,3,1,1,1,1,1,1,0,,9329,1824,4278,1856,942,344,85
653,North Acton,Nov-17, ,0,0,0,0,0,0,0,0,0,0,0,0,4,15,29,45,58,86,106,134,159,181,184,259,394,431,327,240,254,242,175,120,128,130,112,91,100,103,97,91,99,101,91,94,111,112,94,98,107,108,96,109,122,126,117,149,193,228,218,281,360,429,427,429,407,344,260,202,182,157,125,110,109,94,71,57,58,52,43,40,45,45,38,30,29,26,22,16,11,7,5,4,2,2,2,1,,11190,477,2966,2586,3778,1098,285
654,North Ealing,Nov-17, ,0,0,0,0,0,0,0,0,0,0,0,0,0,2,3,5,7,8,11,18,25,34,50,62,66,59,51,41,36,31,23,18,16,15,14,13,13,13,13,13,13,13,12,16,17,16,10,10,11,11,11,8,26,67,98,72,32,16,22,21,20,21,22,22,22,20,15,12,10,10,7,6,5,5,4,5,5,5,3,3,2,3,2,2,2,2,2,1,1,1,0,0,0,0,0,0,,1402,54,496,521,245,68,18
789,North Greenwich,Nov-17, ,0,0,0,0,0,0,0,0,0,0,0,0,95,164,218,298,392,516,614,704,798,864,949,1035,1273,1443,1402,1182,1005,844,654,496,419,380,338,307,311,321,304,288,294,311,308,307,310,314,309,306,306,315,311,318,335,394,444,582,688,753,733,788,782,785,765,779,695,591,478,411,364,328,284,253,255,254,242,234,260,292,330,338,393,572,790,954,1002,863,567,315,184,100,46,28,19,11,6,3,,40613,3001,11945,8132,8248,3434,5853
656,North Harrow,Nov-17, ,0,0,0,0,0,0,0,0,0,0,0,0,0,6,20,37,54,68,76,89,111,159,216,262,259,217,167,125,94,68,53,45,38,37,32,29,28,28,27,25,26,26,25,25,26,25,22,22,21,20,20,20,19,23,26,28,28,28,30,33,35,36,35,36,33,30,24,22,19,16,12,10,9,8,6,6,6,6,6,6,7,6,6,5,5,6,8,8,6,3,1,0,0,0,0,0,,3285,350,1776,618,370,110,61
659,North Wembley,Nov-17, ,0,0,0,0,0,0,0,0,0,0,0,0,3,16,29,37,52,73,91,89,86,88,117,143,160,145,114,79,64,55,47,37,35,33,30,26,27,27,25,24,27,29,28,25,25,27,27,30,28,29,30,35,34,33,33,40,44,41,36,45,53,52,42,39,36,33,27,24,24,23,17,14,14,15,12,11,10,10,8,9,9,9,7,5,4,4,3,2,1,1,1,0,0,0,0,0,,2917,390,1135,707,472,167,46
655,Northfields,Nov-17, ,0,0,0,0,0,0,0,0,0,0,0,0,19,26,29,39,56,85,118,168,213,242,287,352,380,325,268,234,201,149,110,87,79,75,69,62,63,62,60,55,53,51,48,49,53,53,49,45,48,49,45,43,44,52,83,112,107,91,101,124,133,130,123,113,105,94,80,64,51,40,28,24,22,20,17,16,16,15,14,13,12,12,11,10,10,9,7,5,4,3,3,2,2,1,0,0,,6422,540,2848,1402,1265,276,91
657,Northolt,Nov-17, ,0,0,0,0,0,0,0,0,0,0,0,0,31,68,105,133,202,264,324,350,356,342,364,423,439,383,295,253,218,196,164,142,122,110,97,93,92,85,77,75,80,80,75,74,79,81,73,66,65,65,62,59,69,85,91,82,79,84,84,90,96,100,91,87,83,71,59,56,54,47,38,33,30,28,25,23,21,22,21,21,18,17,13,10,10,10,9,4,2,0,0,1,1,0,0,0,,8427,1477,3575,1937,980,363,95
660,Northwick Park,Nov-17, ,0,0,0,0,0,0,0,0,0,0,0,0,5,15,34,68,120,154,165,173,187,200,223,272,313,295,235,176,144,117,94,79,74,74,66,65,68,69,61,63,70,74,71,83,95,93,77,74,78,81,79,88,99,104,110,141,162,170,168,203,223,221,180,159,142,123,95,84,79,69,55,55,61,61,53,47,41,35,30,26,22,19,15,13,11,9,7,5,4,3,2,1,0,0,0,0,,7679,734,2335,1957,1930,612,111
661,Northwood,Nov-17, ,0,0,0,0,0,0,0,0,0,0,0,0,0,8,19,31,51,67,81,107,148,198,278,358,377,326,253,181,131,109,105,92,75,66,64,62,60,57,52,50,48,46,43,43,43,39,35,34,36,38,35,40,42,48,53,137,183,154,74,78,92,97,83,77,69,62,47,42,38,32,22,22,21,19,13,11,11,12,13,12,10,8,7,7,7,6,4,3,2,1,1,1,1,1,0,0,,5509,364,2556,1246,1058,226,59
662,Northwood Hills,Nov-17, ,0,0,0,0,0,0,0,0,0,0,0,0,0,8,21,36,54,70,85,97,110,139,195,238,223,178,137,112,86,67,52,47,40,37,37,37,37,33,30,28,29,28,29,30,33,34,30,27,25,25,31,42,53,60,54,45,39,45,44,44,43,44,40,38,33,30,26,22,19,16,14,12,11,10,8,8,9,8,7,7,7,6,6,7,6,5,4,3,2,1,1,1,0,0,0,0,,3435,371,1584,854,448,129,49
663,Notting Hill Gate,Nov-17, ,0,0,0,0,0,0,0,0,0,0,0,0,6,12,19,32,54,84,111,147,200,275,360,467,588,694,715,648,550,471,384,301,255,250,241,231,229,242,244,247,256,273,270,265,271,282,270,262,273,292,285,298,323,355,362,393,431,467,479,583,651,693,629,671,694,672,531,433,388,340,273,235,220,214,196,185,181,183,175,162,149,143,139,138,142,142,128,101,74,47,26,13,9,9,6,2,,23741,465,5653,6669,6934,2752,1268
664,Oakwood,Nov-17, ,0,0,0,0,0,0,0,0,0,0,0,0,23,20,22,32,46,57,76,100,125,143,178,218,228,199,167,144,116,95,84,79,69,63,58,54,51,49,46,45,44,44,43,43,42,41,41,41,39,36,32,58,72,73,62,71,70,63,61,64,68,65,61,61,63,61,55,49,41,32,24,22,21,19,16,14,13,12,10,12,12,11,7,6,5,5,4,3,2,1,1,1,1,1,1,0,,4407,376,1776,1217,741,236,61
665,Old Street,Nov-17, ,0,0,0,0,0,0,0,0,0,0,0,0,0,0,15,30,49,74,105,146,190,241,281,327,421,560,609,566,497,480,425,364,321,341,343,335,331,356,360,370,393,429,426,424,437,464,444,430,436,468,460,481,526,581,595,698,816,933,977,1168,1404,1647,1758,1794,1752,1638,1441,1195,983,820,683,605,566,534,488,465,464,467,461,455,445,436,415,410,409,394,345,296,246,156,76,0,0,0,0,0,,42971,419,4961,10449,16523,6991,3628
667,Osterley,Nov-17, ,0,0,0,0,0,0,0,0,0,0,0,0,11,14,24,37,51,58,70,86,103,127,164,193,196,171,140,113,91,70,56,51,45,42,39,39,36,35,32,32,30,30,31,33,32,32,30,28,26,26,26,27,29,31,32,34,41,47,52,55,60,64,69,70,65,52,41,32,28,24,19,14,12,11,10,10,10,10,8,8,6,5,4,5,5,4,3,1,1,1,1,1,0,0,0,0,,3452,351,1475,777,648,164,37
668,Oval,Nov-17, ,0,0,0,0,0,0,0,0,0,0,0,0,0,18,26,43,65,98,125,157,187,230,268,326,384,419,401,386,355,312,236,183,146,141,128,113,107,112,109,104,111,120,120,119,129,135,119,106,111,117,113,114,126,139,145,160,181,200,188,224,261,332,346,375,345,307,237,200,175,148,120,106,95,83,70,68,68,66,59,61,63,59,51,48,48,45,36,27,19,13,7,5,3,3,2,2,,11909,532,3687,2944,3196,1119,431
669,Oxford Circus,Nov-17, ,0,0,0,0,0,0,0,0,0,0,0,0,5,23,43,53,52,55,64,100,128,142,142,173,209,245,251,275,305,358,381,438,490,561,589,648,703,784,839,948,1066,1171,1230,1349,1479,1563,1565,1619,1697,1777,1794,1909,2041,2178,2234,2503,2770,2964,2913,3219,3662,4171,4150,4140,4274,4371,4078,3773,3607,3262,2806,2618,2592,2499,2247,2175,2119,1970,1707,1664,1701,1677,1463,1299,1203,1086,880,696,565,370,190,79,77,72,51,25,,121364,395,3047,32737,44485,29266,11434
670,Paddington,Nov-17, ,0,0,0,0,0,0,0,0,0,0,0,0,18,15,53,49,172,327,501,694,1003,1388,1739,2081,2461,2667,2739,2530,2360,1922,1654,1385,1378,1303,1279,1119,1022,995,1013,977,946,1005,1024,934,804,812,848,852,812,834,809,821,853,976,991,1026,1083,1237,1305,1522,1715,2017,2105,2103,1953,1887,1663,1374,1125,1005,861,784,675,589,537,499,454,429,406,361,328,318,292,267,252,213,171,128,83,41,17,2,0,0,0,0,,78992,1829,23929,23433,19964,7725,2112
671,Park Royal,Nov-17, ,0,0,0,0,0,0,0,0,0,0,0,0,3,3,4,8,14,18,22,33,45,53,59,69,77,79,73,61,50,43,35,29,26,26,28,27,26,26,26,26,27,27,23,24,29,30,26,27,31,31,28,30,37,42,44,55,68,75,73,102,137,148,138,133,124,98,78,65,58,47,36,27,25,23,28,30,28,21,18,19,20,20,15,14,16,16,12,8,7,5,4,3,2,0,0,0,,3241,105,673,722,1239,360,142
672,Parsons Green,Nov-17, ,0,0,0,0,0,0,0,0,0,0,0,0,3,6,11,23,43,64,91,139,213,316,452,599,686,669,567,443,338,252,183,138,121,114,105,98,100,102,100,101,106,110,106,107,104,103,96,94,96,95,87,92,93,153,186,193,148,169,189,261,291,294,249,275,282,260,189,156,137,120,93,80,70,60,50,45,43,44,46,49,52,50,43,36,32,27,20,14,8,6,4,3,0,0,0,0,,11793,380,4856,2662,2763,837,295
673,Perivale,Nov-17, ,0,0,0,0,0,0,0,0,0,0,0,0,3,13,26,35,61,91,118,138,155,159,176,205,214,185,153,132,112,87,68,57,50,46,42,40,40,37,33,32,33,34,33,33,35,36,35,36,36,35,32,33,34,39,39,43,44,54,51,74,94,108,85,83,82,78,55,43,35,29,24,21,19,16,13,14,15,14,13,11,11,9,7,7,6,5,5,3,2,1,1,1,0,0,0,0,,4207,485,1703,886,851,224,58
674,Piccadilly Circus,Nov-17, ,0,0,0,0,0,0,0,0,0,0,0,0,0,9,18,27,25,28,29,46,57,61,57,72,87,97,97,106,120,142,153,170,191,216,229,249,277,310,343,385,425,461,484,525,560,597,605,638,679,733,760,811,862,908,939,1021,1082,1135,1154,1352,1515,1775,1958,2171,2195,2101,1855,1623,1445,1278,1116,1077,1070,1066,1024,1089,1134,1088,1105,1378,1628,1744,1546,1272,1004,946,835,686,521,313,140,55,57,60,43,21,,59266,182,1219,13208,19916,13870,10871
776,Pimlico,Nov-17, ,0,0,0,0,0,0,0,0,0,0,0,0,0,15,16,23,41,61,84,109,148,196,245,313,406,483,482,437,376,336,283,241,203,195,180,171,160,162,163,174,182,198,204,206,206,208,202,200,205,215,208,220,245,303,330,381,425,487,494,545,601,660,672,659,596,497,402,324,281,243,206,177,159,147,130,119,113,110,101,91,81,74,69,64,58,55,46,32,20,12,7,4,3,2,2,1,,18185,349,3946,5121,6362,1877,530
675,Pinner,Nov-17, ,0,0,0,0,0,0,0,0,0,0,0,0,0,7,20,34,47,73,109,148,223,366,502,550,491,386,288,212,155,110,95,72,63,55,50,50,50,49,45,46,47,45,42,42,41,37,34,35,35,34,30,31,34,37,39,42,43,47,49,59,68,70,64,67,63,56,43,37,31,26,22,17,15,13,11,10,10,10,9,8,7,8,10,16,25,31,25,15,6,2,1,1,0,0,0,0,,5896,438,3450,1013,666,182,147
676,Plaistow,Nov-17, ,0,0,0,0,0,0,0,0,0,0,0,0,51,65,88,134,205,260,306,339,350,323,310,342,389,400,360,324,291,254,200,163,140,131,118,111,113,114,102,95,94,99,95,92,93,94,92,89,90,89,87,88,101,118,126,122,122,134,137,145,148,151,134,131,127,120,100,88,81,72,59,55,53,49,41,35,33,32,30,29,27,27,26,25,20,17,14,11,6,2,1,1,0,0,0,0,,9930,1448,3706,2493,1537,569,177
677,Preston Road,Nov-17, ,0,0,0,0,0,0,0,0,0,0,0,0,0,26,34,68,120,165,186,195,206,223,274,349,401,389,335,275,217,169,139,121,106,93,82,75,71,66,61,59,61,61,58,54,53,50,49,46,44,41,42,40,41,55,66,63,53,54,57,59,60,59,55,53,54,54,49,44,39,35,29,25,21,17,14,13,13,13,11,13,16,17,14,10,9,7,6,4,4,3,1,1,0,0,0,0,,6315,794,3098,1437,651,243,92
678,Putney Bridge,Nov-17, ,0,0,0,0,0,0,0,0,0,0,0,0,5,7,10,19,33,47,69,107,153,208,265,316,330,311,266,218,177,144,115,98,92,89,82,81,85,89,88,89,94,96,90,84,83,82,79,81,82,82,77,83,90,94,95,110,125,136,147,184,219,271,282,288,253,215,155,124,106,87,68,56,49,44,40,38,36,34,33,32,32,33,32,33,36,36,29,18,9,4,3,1,0,0,0,0,,8283,297,2601,2097,2399,623,266
680,Queen's Park,Nov-17, ,0,0,0,0,0,0,0,0,0,0,0,0,8,17,28,39,50,72,94,124,171,231,300,382,477,520,494,417,343,271,208,159,138,130,114,100,103,107,104,100,103,100,93,88,93,97,90,87,91,97,90,90,96,103,97,101,111,123,122,140,149,164,156,168,172,168,136,115,97,82,65,62,57,52,44,43,40,39,34,33,32,34,30,27,23,22,20,16,10,4,1,1,0,0,0,0,,9409,432,3973,2412,1724,648,220
679,Queensbury,Nov-17, ,0,0,0,0,0,0,0,0,0,0,0,0,16,54,91,177,337,487,519,460,364,313,318,375,388,351,274,220,167,130,102,89,74,65,58,57,55,54,50,51,50,50,45,47,47,45,40,43,44,44,41,44,46,48,48,47,49,50,52,56,67,69,66,61,62,62,61,56,53,46,37,29,27,23,18,20,21,19,14,15,14,13,9,9,8,7,5,4,2,1,1,1,1,1,0,0,,7534,2141,3091,1193,711,322,76
681,Queensway,Nov-17, ,0,0,0,0,0,0,0,0,0,0,0,0,0,6,11,17,24,38,50,66,88,122,154,188,242,316,351,337,298,278,260,249,233,221,200,179,161,158,153,147,141,143,136,133,138,149,144,143,145,154,149,157,168,182,180,193,210,221,211,223,234,249,232,231,225,232,210,190,166,147,126,124,120,113,99,99,96,93,81,82,84,82,78,94,111,108,85,64,45,26,11,6,5,4,3,1,,11823,212,2883,3907,2668,1346,807
682,Ravenscourt Park,Nov-17, ,0,0,0,0,0,0,0,0,0,0,0,0,2,3,5,10,16,22,29,40,57,79,107,143,176,194,172,140,114,99,77,62,58,53,50,48,48,52,51,46,44,47,45,42,47,49,44,42,44,48,47,50,50,67,91,183,251,227,145,140,163,170,155,160,150,129,90,74,65,53,41,36,31,28,28,31,32,33,29,29,25,23,20,22,20,17,11,8,4,2,1,0,0,0,0,0,,5336,127,1420,1346,1854,436,153
683,Rayners Lane,Nov-17, ,0,0,0,0,0,0,0,0,0,0,0,0,15,28,47,70,124,157,182,194,247,294,350,401,427,397,332,276,211,164,130,116,98,91,81,78,75,72,67,69,71,71,64,59,58,59,54,51,52,53,55,58,56,48,65,80,81,72,79,84,81,76,72,75,74,68,54,47,44,38,31,27,26,24,20,18,17,16,15,15,16,14,12,10,10,8,6,5,4,2,2,1,0,0,0,0,,6991,817,3345,1585,863,291,90
684,Redbridge,Nov-17, ,0,0,0,0,0,0,0,0,0,0,0,0,8,21,44,71,103,120,134,151,167,170,193,237,276,269,225,185,149,124,94,82,71,65,58,54,54,51,47,43,44,45,43,42,42,40,35,35,37,37,34,34,35,35,38,41,44,43,45,52,59,60,58,56,54,49,41,35,31,26,22,17,15,13,13,12,12,11,11,11,10,8,7,6,7,8,7,5,2,1,1,1,1,0,0,0,,4737,652,2171,1060,596,194,64
685,Regent's Park,Nov-17, ,0,0,0,0,0,0,0,0,0,0,0,0,0,0,2,1,2,3,4,7,9,12,17,25,33,42,46,44,41,44,44,44,42,46,48,49,50,53,56,62,67,70,68,72,73,71,65,66,69,75,76,81,95,112,120,144,173,194,184,233,264,278,250,270,262,230,169,133,108,92,71,65,64,64,56,49,42,38,36,33,27,22,22,21,19,18,14,10,7,5,2,0,0,0,0,0,,5675,19,401,1730,2640,718,167
686,Richmond,Aut-14,A,0,0,0,0,0,0,0,0,0,0,0,0,2,4,7,12,31,61,86,201,430,515,244,307,716,879,516,268,233,245,228,220,164,160,143,159,144,209,234,205,161,138,104,101,115,145,130,138,103,71,62,85,107,105,122,146,159,200,179,199,220,273,254,266,221,176,125,146,122,104,71,72,45,37,22,33,42,38,26,39,53,42,29,35,34,24,17,16,18,18,16,11,7,0,0,0,,11845,404,4801,3251,2418,651,320
687,Rickmansworth,Nov-17, ,0,0,0,0,0,0,0,0,0,0,0,0,1,8,10,26,52,84,99,122,156,199,273,321,296,205,134,103,90,86,76,63,49,44,42,38,38,36,34,32,33,33,35,35,35,33,31,33,37,33,22,43,96,222,227,157,75,92,85,87,101,109,100,84,67,54,42,30,25,19,17,15,16,14,11,9,9,9,8,8,9,9,6,6,6,6,5,4,3,2,1,1,0,0,0,0,,4966,402,2002,1418,926,160,58
688,Roding Valley,Aut-16,A,0,0,0,0,0,0,0,0,0,0,0,0,0,0,2,2,3,13,15,45,45,46,66,78,50,14,22,10,10,10,10,7,7,8,6,4,2,5,6,5,3,6,8,6,2,2,5,4,2,3,4,2,3,4,7,6,7,3,3,0,0,3,3,3,4,4,3,2,1,2,1,0,0,0,2,0,0,4,1,1,1,2,2,2,1,1,1,1,1,1,0,0,0,0,0,0,,618,80,368,110,35,12,13
690,Royal Oak,Nov-17, ,0,0,0,0,0,0,0,0,0,0,0,0,4,6,8,12,17,24,31,41,55,79,109,141,170,181,165,141,119,98,74,58,51,50,49,45,44,44,41,39,41,45,44,44,44,45,39,40,43,46,43,43,46,56,66,73,75,84,87,95,97,100,92,103,107,98,73,66,61,53,40,37,35,33,28,26,26,28,23,25,27,26,20,17,18,18,15,9,7,4,2,0,0,0,0,0,,4309,143,1390,1121,1077,415,163
691,Ruislip,Nov-17, ,0,0,0,0,0,0,0,0,0,0,0,0,7,9,13,18,31,42,60,76,101,129,151,161,168,159,128,98,80,72,65,59,47,46,45,43,42,43,43,40,38,38,39,39,37,36,34,33,34,37,36,33,37,41,40,37,37,38,38,42,45,45,40,40,38,32,24,20,19,16,13,11,11,11,10,8,7,8,7,8,9,10,8,7,5,4,3,3,1,2,2,0,0,0,0,0,,3187,256,1371,938,439,129,54
692,Ruislip Gardens,Nov-17, ,0,0,0,0,0,0,0,0,0,0,0,0,6,14,24,25,33,42,57,68,89,110,133,146,152,141,116,84,60,44,39,33,25,20,17,17,17,17,16,15,15,15,15,14,14,14,13,13,13,13,13,17,23,25,21,20,21,22,21,22,23,20,18,17,18,17,15,13,12,11,8,6,6,5,4,3,2,3,4,4,5,5,3,3,3,3,2,1,0,0,0,0,0,0,0,0,,2138,269,1147,402,227,68,25
693,Ruislip Manor,Nov-17, ,0,0,0,0,0,0,0,0,0,0,0,0,6,9,15,22,45,59,80,94,118,139,172,198,212,202,165,118,83,68,59,52,45,41,37,36,35,36,35,35,33,32,30,29,28,28,30,31,30,26,26,33,37,69,95,96,58,41,38,43,43,40,36,34,35,34,31,25,21,17,14,13,12,11,8,7,7,7,7,7,7,7,6,6,6,5,3,3,3,2,2,1,0,0,0,0,,3509,330,1586,953,458,131,51
694,Russell Square,Nov-17, ,0,0,0,0,0,0,0,0,0,0,0,0,0,6,10,16,18,21,26,36,46,59,71,93,123,159,175,182,192,222,240,239,222,204,182,176,178,172,157,167,186,203,200,226,254,259,227,226,243,253,245,283,329,355,344,410,456,506,490,620,672,715,631,631,589,560,475,426,385,356,306,299,304,325,301,308,299,261,180,157,154,147,128,132,127,116,91,71,46,27,14,6,5,4,3,2,,18960,133,1801,5701,6771,3481,1073
698,Seven Sisters,Nov-17, ,0,0,0,0,0,0,0,0,0,0,0,0,117,179,242,310,468,665,847,970,1044,979,888,904,1059,1173,1116,981,851,751,594,451,381,370,345,308,306,315,294,261,261,277,273,259,264,273,261,248,259,267,253,243,265,282,283,289,316,341,343,373,421,429,398,376,374,345,306,271,250,227,192,166,158,150,142,132,133,127,116,107,106,102,89,79,74,66,58,50,40,25,14,9,8,7,5,4,,28355,3798,10791,6837,4293,1900,736
700,Shepherd's Bush (Cen),Nov-17, ,0,0,0,0,0,0,0,0,0,0,0,0,0,31,49,72,113,176,238,308,417,554,691,841,1100,1333,1374,1164,942,758,600,431,339,317,313,287,281,291,295,285,297,307,308,309,329,343,343,337,354,372,377,372,402,435,489,537,582,598,614,666,737,825,844,901,939,921,780,671,595,532,461,418,391,359,320,301,309,303,280,299,325,344,352,395,373,298,209,157,103,58,29,16,9,8,5,2,,35840,987,10205,8319,9078,4568,2683
775,Shepherd's Bush (H&C),Nov-17, ,0,0,0,0,0,0,0,0,0,0,0,0,8,11,14,16,24,36,52,70,96,123,159,202,239,258,238,202,165,141,108,81,68,67,64,58,56,58,58,57,59,63,65,66,69,72,70,67,66,68,67,65,65,69,73,81,83,84,84,92,97,100,96,98,104,105,92,78,69,60,53,48,43,41,36,34,31,35,56,67,56,45,50,56,49,36,20,14,11,6,2,1,0,0,0,0,,5846,231,2012,1571,1113,573,346
702,Sloane Square,Nov-17, ,0,0,0,0,0,0,0,0,0,0,0,0,4,8,17,30,47,75,108,155,213,284,349,441,556,655,648,563,450,366,301,272,255,254,253,247,245,261,281,298,314,328,325,328,335,345,340,345,360,376,377,396,444,513,538,605,687,753,708,778,824,880,807,851,857,827,661,570,544,474,349,284,290,266,218,193,205,217,219,220,215,195,158,134,133,129,108,81,58,34,13,2,0,0,0,0,,27847,444,5098,8363,9203,3479,1260
703,Snaresbrook,Nov-17, ,0,0,0,0,0,0,0,0,0,0,0,0,13,20,23,24,44,59,78,128,184,231,272,376,443,446,376,325,246,176,114,78,56,54,54,51,46,45,44,44,43,40,38,41,43,39,34,33,35,36,32,35,37,39,39,52,91,106,86,56,56,56,50,45,43,40,36,33,30,24,19,16,14,12,10,10,10,9,9,9,10,9,9,7,6,5,4,3,2,2,1,1,1,0,0,0,,5596,389,3267,1010,698,172,60
704,South Ealing,Nov-17, ,0,0,0,0,0,0,0,0,0,0,0,0,12,19,24,28,40,57,81,112,144,170,217,273,297,269,241,223,193,141,101,80,72,67,60,58,62,60,56,56,60,60,58,58,63,61,55,54,59,56,50,52,62,67,65,70,80,87,83,94,111,116,106,103,107,100,77,62,54,49,38,33,29,27,25,27,26,23,19,21,22,20,15,13,11,12,11,9,5,3,3,2,1,1,1,0,,5789,373,2349,1441,1126,371,129
707,South Harrow,Nov-17, ,0,0,0,0,0,0,0,0,0,0,0,0,22,20,26,48,64,83,98,112,120,129,147,159,166,152,129,102,84,70,57,50,45,42,40,37,37,38,37,35,34,35,34,34,36,34,31,32,32,32,30,31,30,35,38,45,49,48,41,44,49,48,47,47,42,37,33,28,25,23,20,18,15,15,13,13,9,9,10,10,10,9,8,7,7,5,4,3,2,2,1,1,0,0,0,0,,3444,473,1365,854,513,180,59
708,South Kensington,Nov-17, ,0,0,0,0,0,0,0,0,0,0,0,0,6,13,21,36,60,98,131,157,191,243,325,418,514,619,687,654,548,462,409,368,340,335,328,336,362,402,427,480,543,588,590,619,662,674,648,657,697,720,726,822,920,969,972,1234,1448,1510,1368,1517,1767,1890,1748,1707,1710,1512,1159,948,855,750,632,608,624,637,583,567,545,536,513,527,516,527,540,534,441,348,265,216,158,96,42,11,9,8,6,2,,50391,522,5438,15051,18284,7377,3719
709,South Kenton,Aut-15,A,0,0,0,0,0,0,0,0,0,0,0,0,0,1,3,7,11,17,32,52,83,94,109,107,98,89,87,74,47,35,27,27,31,27,22,21,19,12,12,16,17,12,11,17,17,16,15,16,17,15,23,28,59,54,39,14,26,22,21,16,20,25,25,20,13,10,7,9,10,12,11,10,7,5,3,3,6,0,0,0,5,6,6,5,4,4,3,4,4,3,2,1,0,0,0,0,,1858,123,877,530,214,67,47
710,South Ruislip,Nov-17, ,0,0,0,0,0,0,0,0,0,0,0,0,7,14,24,34,61,80,99,109,135,169,202,221,210,184,142,117,88,72,57,50,40,37,34,31,29,27,24,23,23,23,23,22,22,21,21,20,20,22,22,23,23,25,24,29,32,36,33,43,52,57,51,49,43,38,34,31,25,18,14,12,12,10,8,7,8,9,8,7,8,8,8,5,5,4,4,2,0,0,0,0,0,0,0,0,,3364,428,1647,608,499,138,44
711,South Wimbledon,Nov-17, ,0,0,0,0,0,0,0,0,0,0,0,0,14,19,30,42,61,88,119,164,224,291,380,508,586,536,424,323,239,164,117,88,73,70,63,59,61,60,57,57,61,60,60,60,63,64,60,58,59,58,55,58,59,63,72,85,89,93,96,122,152,169,158,156,157,146,119,99,87,73,56,47,44,41,37,32,30,28,27,29,30,28,25,25,24,22,20,16,10,5,4,4,3,2,1,1,,8219,537,3880,1495,1556,531,220
712,South Woodford,Nov-17, ,0,0,0,0,0,0,0,0,0,0,0,0,7,21,37,55,71,91,115,157,216,282,351,446,549,567,485,382,303,237,178,140,117,103,91,81,81,79,75,71,70,65,63,60,60,57,54,49,47,45,46,49,49,52,57,63,69,76,76,80,89,100,96,95,91,85,70,57,48,40,32,28,28,25,22,19,19,17,18,18,18,16,15,15,14,11,8,7,6,4,3,3,2,2,0,0,,7696,554,4136,1584,984,314,124
705,Southfields,Nov-17, ,0,0,0,0,0,0,0,0,0,0,0,0,7,11,21,44,70,105,156,228,306,409,522,637,680,610,472,368,299,230,168,136,123,120,109,103,103,100,92,90,90,92,87,87,87,86,82,79,79,77,74,74,120,145,131,110,129,138,131,144,155,155,143,142,140,127,104,89,81,72,55,44,38,33,29,28,31,35,33,26,18,17,15,14,13,11,8,5,3,2,2,1,0,0,0,0,,10030,642,4837,2340,1597,505,109
706,Southgate,Nov-17, ,0,0,0,0,0,0,0,0,0,0,0,0,25,29,31,61,98,134,167,216,259,297,367,457,504,451,356,299,257,202,152,136,126,116,106,102,105,100,93,94,98,97,88,89,90,88,77,78,81,81,77,82,86,100,109,115,108,111,114,132,142,150,134,125,111,101,83,74,66,56,47,43,39,37,33,32,32,29,26,25,26,24,21,18,16,13,10,8,4,2,2,2,2,1,1,1,,8777,761,3737,2278,1385,465,151
784,Southwark,Nov-17, ,0,0,0,0,0,0,0,0,0,0,0,0,0,26,30,45,62,92,125,187,249,321,389,462,539,650,730,691,564,454,353,283,244,245,217,201,191,203,206,226,242,260,256,261,263,276,266,266,269,283,278,306,328,367,389,551,649,709,685,923,1043,1202,1190,1220,1054,891,677,554,470,395,319,299,267,230,196,214,226,217,194,194,183,160,141,148,158,148,118,89,65,44,26,17,11,8,5,2,,28187,567,5685,6594,10797,3221,1323
695,St. James's Park,Nov-17, ,0,0,0,0,0,0,0,0,0,0,0,0,1,3,7,11,15,22,34,51,67,78,122,148,189,230,244,230,207,194,178,170,163,180,179,181,182,219,246,294,321,335,309,309,305,313,294,304,314,341,336,381,422,498,543,729,848,962,955,1191,1311,1429,1334,1336,1174,986,739,602,485,381,208,193,197,192,162,145,127,120,111,109,98,86,73,68,71,70,53,33,21,12,7,0,0,0,0,0,,25788,144,2057,7698,12867,2430,592
696,St. John's Wood,Nov-17, ,0,0,0,0,0,0,0,0,0,0,0,0,5,7,12,23,36,53,67,89,118,168,232,325,407,451,418,365,297,251,200,165,136,132,126,121,117,122,122,127,130,136,133,139,137,134,124,124,133,143,143,150,185,211,209,228,259,292,281,342,367,382,316,311,288,275,224,200,177,156,122,116,114,111,98,93,80,69,55,53,51,51,49,53,57,51,37,23,15,10,5,2,1,1,1,1,,12340,292,3397,3462,3537,1244,408
697,St. Paul's,Nov-17, ,0,0,0,0,0,0,0,0,0,0,0,0,0,0,4,8,11,17,22,35,44,50,46,51,64,89,106,115,115,126,133,143,148,175,183,192,194,221,247,302,350,382,369,366,366,380,365,383,398,426,411,452,484,532,534,645,769,859,816,1005,1210,1374,1342,1352,1266,1139,977,855,750,627,501,438,392,350,313,305,285,256,224,226,224,209,186,184,178,153,119,95,80,53,28,13,14,14,10,4,,28879,97,1082,8505,12964,4667,1564
713,Stamford Brook,Nov-17, ,0,0,0,0,0,0,0,0,0,0,0,0,4,6,8,13,21,29,38,57,81,121,168,214,240,229,189,147,122,96,73,58,55,50,48,43,44,44,43,43,47,49,45,40,41,43,38,36,37,38,35,37,41,41,43,56,65,63,63,86,101,107,103,110,110,99,78,60,52,44,37,36,37,32,22,20,21,21,18,17,17,16,12,12,12,11,8,6,3,2,1,1,0,0,0,0,,4454,176,1738,1037,1045,357,101
714,Stanmore,Nov-17, ,0,0,0,0,0,0,0,0,0,0,0,0,16,25,37,62,100,128,146,171,205,243,305,367,381,314,233,176,137,113,97,89,73,71,67,66,62,60,55,55,54,54,51,51,52,52,48,46,44,46,46,47,48,61,74,79,80,85,99,108,115,113,114,107,96,76,62,53,46,36,27,24,22,20,17,15,14,14,13,12,12,12,10,9,8,7,5,4,3,2,1,1,1,1,1,0,,6152,685,2660,1362,1108,260,77
715,Stepney Green,Nov-17, ,0,0,0,0,0,0,0,0,0,0,0,0,9,15,22,29,42,58,71,93,127,157,192,249,326,372,356,313,267,232,184,147,128,128,120,111,116,119,110,108,114,116,111,115,123,128,121,124,128,133,125,139,159,172,172,199,216,221,203,249,278,280,227,223,217,203,166,159,153,141,117,114,115,114,101,91,82,73,66,63,61,56,49,50,51,51,43,35,24,15,9,5,2,0,0,0,,10703,339,2922,3119,2642,1230,451
716,Stockwell,Nov-17, ,0,0,0,0,0,0,0,0,0,0,0,0,33,55,67,77,119,179,220,286,393,542,689,946,1323,1650,1579,1232,841,627,454,333,240,220,202,174,163,175,170,156,150,161,156,150,145,151,144,138,142,152,146,141,150,164,162,170,184,201,202,226,251,274,263,257,249,241,215,195,179,160,132,116,105,96,82,77,79,78,71,67,70,73,75,77,73,61,49,39,31,23,17,11,7,6,5,3,,20187,1036,10609,3922,2758,1242,620
717,Stonebridge Park,Nov-17, ,0,0,0,0,0,0,0,0,0,0,0,0,12,19,36,53,70,83,116,147,157,144,153,181,197,178,138,110,91,74,54,48,46,45,41,39,39,37,33,32,33,34,35,37,40,37,36,38,41,41,40,42,44,43,47,57,64,59,56,65,82,92,91,86,86,74,58,47,46,39,30,25,25,22,16,14,16,17,15,18,19,20,14,10,8,8,8,6,5,2,1,0,0,0,0,0,,4262,536,1525,957,860,283,101
719,Stratford,Nov-17, ,0,0,0,0,0,0,0,0,0,0,0,0,213,289,404,584,896,1244,1591,1883,2029,1876,1662,1691,2072,2462,2358,1916,1552,1392,1139,896,830,859,836,789,843,900,881,857,926,1007,1028,1025,1101,1168,1162,1146,1227,1294,1286,1290,1361,1421,1439,1551,1732,1860,1818,1955,2099,2180,2006,1943,1856,1790,1621,1523,1458,1371,1233,1156,1149,1100,1027,1065,1088,977,784,746,751,669,492,400,382,339,248,177,128,88,59,37,22,16,13,8,,93742,7104,21045,26227,22383,13154,3829
720,Sudbury Hill,Nov-17, ,0,0,0,0,0,0,0,0,0,0,0,0,16,16,26,47,72,96,113,124,126,125,126,143,154,142,108,83,68,58,46,41,37,34,31,28,29,28,26,23,26,28,27,25,26,26,25,24,25,25,25,25,25,27,28,34,40,42,39,37,37,38,39,37,35,29,25,22,21,18,15,14,14,12,11,9,9,8,7,8,8,6,4,4,4,3,2,1,1,1,1,0,0,0,0,0,,2988,510,1220,657,420,146,35
721,Sudbury Town,Nov-17, ,0,0,0,0,0,0,0,0,0,0,0,0,14,19,23,34,66,81,86,100,126,128,135,166,193,184,138,94,70,64,56,51,47,39,34,32,32,29,26,27,30,29,26,25,26,25,24,24,24,25,25,23,21,21,22,25,26,29,28,29,32,35,36,36,32,29,28,25,20,16,14,11,12,12,11,9,8,6,6,6,8,7,6,5,5,4,3,1,1,1,1,0,0,0,0,0,,3027,423,1405,661,365,131,42
723,Swiss Cottage,Nov-17, ,0,0,0,0,0,0,0,0,0,0,0,0,8,15,21,23,29,57,87,117,151,206,267,359,460,529,497,417,335,289,236,192,161,154,145,131,122,122,120,119,124,131,128,128,134,139,131,124,122,122,123,130,141,156,175,209,230,260,270,312,317,310,266,269,266,250,214,200,187,164,134,121,114,106,89,81,75,97,109,99,73,64,58,57,64,63,50,33,21,14,9,5,2,2,2,2,,12645,357,3938,3291,3164,1376,519
724,Temple,Nov-17, ,0,0,0,0,0,0,0,0,0,0,0,0,0,3,3,4,6,7,8,12,16,19,21,26,32,36,39,43,45,49,53,65,70,76,72,93,103,107,99,136,160,164,143,170,184,187,162,190,206,212,187,226,253,263,246,349,411,428,385,547,658,776,787,887,834,723,545,465,399,347,283,263,236,219,178,168,160,156,142,136,162,178,160,118,105,100,85,65,44,24,10,2,0,0,0,0,,15731,43,444,4058,7446,2687,1053
725,Theydon Bois,Nov-17, ,0,0,0,0,0,0,0,0,0,0,0,0,9,11,21,35,49,51,51,59,65,75,98,120,109,77,52,40,28,23,20,20,14,13,13,13,13,12,10,11,12,11,11,11,11,11,10,9,9,9,10,12,11,10,15,20,19,15,14,16,17,17,15,13,12,12,10,8,6,5,4,4,4,3,3,3,3,2,1,4,5,5,2,3,2,2,2,1,0,0,0,0,0,0,0,0,,1526,286,727,281,168,42,22
726,Tooting Bec,Nov-17, ,0,0,0,0,0,0,0,0,0,0,0,0,10,22,34,47,92,139,191,261,368,492,638,805,950,946,814,631,490,355,255,186,156,140,125,112,118,124,118,108,109,113,110,102,100,100,95,91,92,94,90,89,96,103,111,118,126,133,145,167,183,181,163,154,152,149,136,124,110,99,86,79,71,65,58,52,48,45,42,40,38,36,32,32,29,28,23,20,13,9,6,5,4,3,2,2,,13230,796,6930,2614,1813,795,282
727,Tooting Broadway,Nov-17, ,0,0,0,0,0,0,0,0,0,0,0,0,36,75,101,132,218,320,411,506,625,739,877,1049,1248,1271,1105,869,698,551,412,317,279,265,244,233,245,245,233,225,240,248,246,237,241,243,235,224,232,235,229,247,276,298,301,334,370,401,410,460,529,545,491,445,422,388,338,305,276,252,216,205,203,186,151,136,135,125,107,103,103,102,91,85,75,64,50,39,28,18,13,9,7,7,6,3,,25494,1799,9761,6035,5104,2095,700
728,Tottenham Court Road,Nov-17, ,0,0,0,0,0,0,0,0,0,0,0,0,0,5,20,31,30,27,33,51,68,87,104,129,165,206,220,220,229,256,267,261,251,258,271,291,315,356,382,431,478,545,578,617,648,688,699,720,764,806,811,849,921,1010,1031,1113,1196,1340,1369,1629,1823,2160,2303,2598,2670,2580,2177,1843,1600,1408,1216,1137,1090,1072,1026,1022,1000,959,871,948,1378,1546,1314,942,912,859,753,597,469,314,171,84,83,82,58,30,,63871,197,2212,14833,23688,13349,9592
729,Tottenham Hale,Nov-17, ,0,0,0,0,0,0,0,0,0,0,0,0,14,30,54,119,197,248,340,493,585,634,687,842,912,984,890,826,710,626,493,404,383,350,324,263,260,232,236,202,226,212,233,211,234,223,233,206,220,208,207,179,197,187,203,198,253,250,284,275,354,368,388,352,360,331,288,247,223,203,186,174,168,152,138,127,135,123,105,85,84,70,69,71,74,59,52,40,23,7,5,3,2,2,1,1,,21847,1495,8593,5627,3750,1819,563
730,Totteridge & Whetstone,Nov-17, ,0,0,0,0,0,0,0,0,0,0,0,0,5,14,23,26,44,62,83,108,141,183,231,297,325,291,215,161,128,104,81,65,55,52,46,41,41,41,40,39,39,38,35,35,38,37,32,31,32,31,28,30,32,35,35,42,46,49,48,60,70,75,69,66,60,51,37,29,24,21,17,15,14,15,13,11,11,13,13,13,13,13,10,8,6,5,4,2,1,1,1,0,0,0,0,0,,4396,365,2222,905,660,180,64
731,Tower Hill,Nov-17, ,0,0,0,0,0,0,0,0,0,0,0,0,0,41,30,56,117,215,303,406,480,550,606,683,817,917,910,797,645,521,417,349,309,320,318,287,283,295,303,314,342,350,344,335,349,363,362,360,376,397,404,421,444,469,494,579,649,713,736,886,987,1099,1080,1046,906,776,630,518,439,369,305,262,238,216,194,183,12,11,10,10,11,13,12,11,9,8,6,5,4,2,2,0,0,0,0,0,,30036,1168,7692,8818,10026,2249,83
733,Tufnell Park,Nov-17, ,0,0,0,0,0,0,0,0,0,0,0,0,0,4,10,19,28,39,52,70,99,145,192,237,314,369,351,290,259,230,175,123,106,111,98,80,76,80,75,69,68,71,69,66,71,77,71,60,57,58,55,55,64,75,74,70,69,74,72,76,79,92,92,94,90,90,81,75,70,63,52,46,41,35,29,29,28,28,27,33,36,41,53,62,55,38,27,20,14,8,6,3,2,2,2,1,,6597,222,2784,1756,984,481,370
734,Turnham Green,Nov-17, ,0,0,0,0,0,0,0,0,0,0,0,0,7,12,19,31,53,77,104,142,200,265,349,440,502,463,383,315,268,207,159,137,128,114,98,93,98,102,102,102,103,102,93,89,90,91,83,82,86,90,86,89,95,99,97,125,151,156,136,169,195,216,204,221,218,197,150,125,113,95,71,63,56,53,47,47,48,53,51,52,53,53,42,38,37,34,26,21,15,10,5,3,2,1,1,1,,9699,445,3688,2337,2138,749,342
735,Turnpike Lane,Nov-17, ,0,0,0,0,0,0,0,0,0,0,0,0,36,81,126,162,228,310,396,458,494,507,521,602,720,756,668,579,527,465,365,278,254,252,230,202,207,206,186,169,172,174,168,163,169,170,162,156,166,167,157,159,171,171,160,162,180,187,181,186,206,211,196,187,192,191,172,152,134,120,100,87,76,73,66,63,59,59,55,56,57,55,47,42,41,37,30,23,16,9,6,5,4,3,2,2,,16200,1797,6482,4353,2241,948,379
736,Upminster,Aut-10,A,0,0,0,0,0,0,0,0,0,0,0,6,10,25,74,116,155,203,258,347,447,529,568,640,697,554,381,237,192,133,127,113,90,81,73,70,82,75,62,56,64,67,58,50,56,65,73,63,58,45,49,49,52,80,135,152,117,78,66,81,89,85,79,74,63,42,45,50,48,34,29,35,29,24,21,27,27,20,16,15,17,20,14,13,18,27,20,10,5,2,2,1,0,0,0,0,,8860,1194,4618,1705,869,325,149
737,Upminster Bridge,Nov-17, ,0,0,0,0,0,0,0,0,0,0,0,0,7,10,18,27,43,53,55,59,78,100,111,114,106,91,66,45,28,21,17,15,12,16,21,19,12,12,19,20,15,7,27,39,35,15,20,25,18,31,43,41,13,36,67,67,27,52,76,64,20,16,15,14,11,10,8,7,5,4,4,4,4,3,3,3,3,3,3,3,3,3,3,2,2,2,2,0,0,0,0,0,0,0,0,0,,2073,272,792,630,320,42,17
738,Upney,Nov-17, ,0,0,0,0,0,0,0,0,0,0,0,0,36,37,52,94,138,165,172,173,166,161,182,217,228,204,172,154,133,104,81,72,66,59,55,52,52,49,45,44,42,40,38,40,41,40,37,38,39,40,41,44,50,52,47,44,46,48,46,54,61,60,50,45,46,41,33,27,26,25,20,16,13,12,12,13,12,11,10,10,11,9,8,6,5,3,3,2,1,1,0,0,0,0,0,0,,4622,867,1874,1095,557,180,49
739,Upton Park,Nov-17, ,0,0,0,0,0,0,0,0,0,0,0,0,82,99,146,225,352,471,544,559,532,473,445,510,603,610,536,477,428,372,295,245,217,204,181,167,175,177,162,150,155,157,152,150,155,161,160,160,161,165,165,165,173,184,204,214,213,197,194,209,223,223,200,190,178,164,134,120,115,108,92,80,71,63,55,51,50,45,41,41,41,34,25,21,18,15,12,9,4,1,1,1,0,0,0,0,,15357,2478,5526,4114,2245,812,182
740,Uxbridge,Nov-17, ,0,0,0,0,0,0,0,0,0,0,0,0,24,23,34,57,88,117,146,178,214,268,341,387,372,292,215,160,137,128,129,124,115,116,121,123,128,134,138,144,159,171,170,170,184,186,170,164,176,193,193,205,219,236,239,280,346,399,400,461,546,616,565,489,401,345,274,223,192,164,126,103,92,87,75,65,55,52,50,47,42,38,33,28,26,21,16,12,9,5,3,0,0,0,0,0,,13974,667,2767,4134,5065,1108,233
777,Vauxhall,Nov-17, ,0,0,0,0,0,0,0,0,0,0,0,0,12,49,61,93,167,287,401,517,706,901,1132,1285,1585,1861,2010,1853,1653,1383,1096,814,693,638,579,491,457,470,465,455,454,480,477,458,449,465,461,436,438,455,461,471,508,565,611,707,826,934,983,1138,1322,1541,1693,1686,1515,1293,1096,878,722,597,481,399,350,308,277,246,233,227,223,214,214,206,196,178,172,151,136,109,88,54,27,11,12,12,9,5,,50772,1587,16279,12144,14905,4277,1580
741,Victoria,Nov-17, ,0,0,0,0,0,0,0,0,0,0,0,0,33,49,95,92,165,561,944,1324,1351,1777,2149,2607,2671,2901,2968,2897,2603,2499,2243,2003,1762,1813,1723,1609,1489,1537,1513,1537,1526,1561,1505,1484,1471,1507,1438,1408,1388,1436,1387,1450,1487,1599,1613,1806,1912,2148,2219,2557,2787,3236,3375,3446,3194,2994,2567,2221,1844,1624,1331,1209,1081,1045,939,917,872,838,752,720,927,1016,878,626,599,555,466,404,326,210,90,38,31,22,17,4,,121018,3263,28669,37049,32656,13172,6209
742,Walthamstow Central,Nov-17, ,0,0,0,0,0,0,0,0,0,0,0,0,28,62,80,96,166,230,269,320,380,407,428,528,673,719,636,517,439,359,268,194,159,144,127,117,121,124,116,106,109,114,111,104,106,109,106,101,106,109,104,101,106,105,102,110,127,134,132,140,159,163,152,139,138,130,113,90,78,73,65,55,48,46,42,37,36,38,37,33,33,33,32,28,26,22,18,13,9,6,5,4,3,3,3,2,,11961,1251,5548,2717,1617,588,240
743,Wanstead,Nov-17, ,0,0,0,0,0,0,0,0,0,0,0,0,3,12,28,36,41,53,68,89,119,159,207,268,315,306,255,203,161,122,91,78,68,63,61,60,58,57,51,49,51,52,47,43,45,45,42,38,38,38,36,35,36,49,57,60,54,54,52,58,64,66,60,58,57,55,46,39,34,29,23,20,19,18,16,15,16,17,15,14,14,14,14,13,14,12,9,6,4,3,3,2,1,1,0,0,,4802,330,2284,1179,663,236,110
745,Warren Street,Nov-17, ,0,0,0,0,0,0,0,0,0,0,0,0,0,14,13,17,23,31,35,49,63,81,94,122,159,198,209,209,195,187,180,179,171,177,182,201,218,233,229,262,300,332,326,355,378,384,346,349,372,390,376,419,476,519,532,719,875,993,960,1303,1556,1835,1813,1873,1747,1588,1317,1091,943,805,661,592,563,536,481,469,446,401,333,315,295,265,225,215,218,210,180,135,101,66,36,17,15,15,11,6,,35810,182,1876,8246,16951,6545,2010
746,Warwick Avenue,Nov-17, ,0,0,0,0,0,0,0,0,0,0,0,0,0,0,9,14,24,38,54,72,95,135,188,243,299,340,336,285,228,178,137,107,91,86,79,73,70,71,69,69,72,74,68,67,67,70,64,64,63,66,62,66,74,82,79,86,97,106,110,134,149,160,149,160,156,146,113,102,90,76,58,54,49,43,36,37,39,38,32,28,31,34,32,32,31,28,22,16,8,4,2,1,0,0,0,0,,6917,211,2571,1732,1582,580,241
747,Waterloo,Nov-17,T,0,0,0,0,0,0,0,0,0,0,0,0,4,60,61,65,254,558,1138,1999,2914,4018,5111,6143,6850,7392,7384,6539,5217,3991,3104,2505,2128,2029,1834,1596,1404,1384,1337,1336,1338,1396,1342,1289,1248,1268,1208,1180,1131,1160,1116,1140,1136,1225,1310,1492,1646,1843,1918,2200,2469,2895,3077,3250,3184,3047,2684,2319,1929,1602,1287,1133,1005,937,849,803,773,760,820,914,931,816,693,623,591,556,483,393,302,217,126,61,36,32,22,14,,147574,4139,61168,33027,30532,12812,5896
748,Watford,Nov-17, ,0,0,0,0,0,0,0,0,0,0,0,0,12,19,27,26,58,73,90,92,122,165,200,220,186,138,78,57,37,36,36,32,23,21,19,21,22,21,19,18,21,21,22,20,30,33,30,21,22,22,23,14,84,126,111,45,59,69,69,56,59,59,60,50,45,39,34,26,21,16,14,13,13,11,10,8,7,7,7,6,6,6,6,5,4,3,2,1,1,1,1,0,0,0,0,0,,3307,397,1307,809,625,133,36
751,Wembley Central,Nov-17, ,0,0,0,0,0,0,0,0,0,0,0,0,13,33,53,86,117,164,211,246,249,251,268,303,345,333,260,191,165,141,119,112,113,107,98,92,94,93,91,95,99,96,93,100,112,113,111,111,115,111,115,123,121,113,116,129,134,139,149,162,167,168,165,164,148,133,119,111,96,87,77,78,77,69,54,48,44,38,34,34,36,36,32,30,29,27,19,12,7,5,3,1,0,0,0,0,,8953,923,2737,2561,1759,736,237
752,Wembley Park,Nov-17, ,0,0,0,0,0,0,0,0,0,0,0,0,38,62,100,139,231,319,402,470,525,545,589,691,809,844,739,584,483,446,386,334,310,306,280,251,253,260,254,237,249,265,271,268,270,272,255,252,259,277,271,299,324,331,299,390,473,493,438,523,624,688,653,624,555,455,343,288,267,240,199,178,174,171,148,131,138,135,116,97,117,229,271,250,169,136,73,45,38,25,15,8,6,4,3,1,,24980,1761,6975,6703,6157,1994,1390
753,West Acton,Nov-17, ,0,0,0,0,0,0,0,0,0,0,0,0,4,7,10,15,20,27,36,59,79,89,100,134,160,149,123,115,102,75,51,43,38,32,29,28,30,29,27,25,27,28,27,27,28,28,26,25,25,25,22,20,27,52,63,56,37,36,33,42,54,59,47,38,37,34,27,22,20,18,13,10,9,8,7,8,8,8,6,5,3,4,3,4,3,3,2,2,1,0,0,0,1,0,0,0,,2754,178,1220,744,466,120,26
755,West Brompton,Nov-17, ,0,0,0,0,0,0,0,0,0,0,0,0,2,1,7,16,26,32,45,103,128,150,169,181,198,202,196,196,186,163,129,113,98,86,80,74,76,79,77,77,84,89,85,84,90,94,92,93,99,102,110,140,246,327,351,307,332,341,341,343,377,394,381,325,268,208,177,159,135,106,68,60,51,51,49,49,47,45,50,54,58,57,53,40,30,25,20,13,7,5,2,1,1,0,0,0,,10006,232,2011,3040,3646,765,312
756,West Finchley,Nov-17, ,0,0,0,0,0,0,0,0,0,0,0,0,0,9,9,14,26,33,44,64,97,129,169,216,240,217,177,147,117,86,61,51,40,36,33,31,29,27,25,26,24,23,19,20,22,22,19,18,18,17,18,18,20,20,19,20,23,24,24,25,28,28,29,32,32,26,22,18,16,14,11,9,7,6,5,5,6,6,5,5,4,4,3,2,2,2,2,1,1,0,0,0,0,0,0,0,,2897,199,1707,564,311,95,21
757,West Ham,Nov-17, ,0,0,0,0,0,0,0,0,0,0,0,0,43,46,54,64,100,133,168,194,215,209,207,231,278,298,273,222,178,146,115,94,85,84,74,66,66,70,69,63,62,63,61,60,64,66,64,63,67,68,63,61,71,81,84,93,105,109,100,96,100,105,101,97,95,92,84,78,74,71,64,58,52,45,44,47,51,44,35,28,36,39,37,28,21,17,16,14,10,6,4,2,2,1,1,1,,6946,802,2466,1668,1162,613,235
758,West Hampstead,Nov-17, ,0,0,0,0,0,0,0,0,0,0,0,0,13,17,17,40,72,135,191,286,419,566,692,903,1180,1349,1263,1037,770,595,459,366,280,249,220,193,175,174,172,164,162,165,162,153,153,155,150,144,153,157,152,145,153,160,171,183,200,228,253,292,325,387,423,456,451,445,395,332,262,213,172,138,114,103,94,90,77,74,70,76,67,67,67,72,66,64,58,45,34,22,14,5,4,3,2,1,,20776,771,9599,4145,4187,1483,591
759,West Harrow,Nov-17, ,0,0,0,0,0,0,0,0,0,0,0,0,0,15,18,27,46,53,64,80,95,99,119,154,161,137,111,90,64,43,37,34,30,31,28,25,19,19,19,21,19,19,16,18,18,18,15,13,12,11,11,14,15,18,18,18,16,19,22,25,27,32,31,26,21,18,17,13,11,10,9,7,5,6,7,7,8,5,3,3,3,4,4,4,4,4,3,2,2,0,0,0,0,0,0,0,,2270,303,1144,445,267,81,30
760,West Kensington,Nov-17, ,0,0,0,0,0,0,0,0,0,0,0,0,16,15,16,24,39,57,72,84,111,160,212,273,330,354,302,234,191,181,159,132,114,115,112,101,96,96,94,95,101,98,87,90,102,100,93,92,101,103,94,94,107,117,114,122,131,137,140,168,180,216,222,229,192,181,151,130,108,91,76,66,59,49,42,40,39,41,43,41,37,33,32,34,29,25,19,24,10,6,2,1,0,0,0,0,,8424,323,2639,2438,2077,695,252
762,West Ruislip,Nov-17, ,0,0,0,0,0,0,0,0,0,0,0,0,5,9,15,22,37,46,55,69,93,118,148,174,176,152,121,97,80,67,62,58,47,37,28,29,30,31,29,28,25,22,21,23,25,24,23,22,22,20,21,17,15,18,25,29,30,33,38,39,38,34,37,35,35,31,30,25,20,15,10,14,14,12,8,7,7,7,6,6,7,7,6,7,6,5,2,1,0,0,0,0,0,0,0,0,,2787,258,1346,611,405,126,41
754,Westbourne Park,Nov-17, ,0,0,0,0,0,0,0,0,0,0,0,0,6,12,17,23,34,47,58,74,100,140,181,232,280,297,268,233,198,164,126,103,87,83,77,76,76,77,72,70,71,74,72,74,76,79,75,73,71,71,69,69,70,80,89,106,119,129,122,144,164,171,142,160,182,177,128,98,83,69,55,49,47,45,39,34,35,35,32,31,30,28,23,22,23,23,19,14,10,6,3,2,0,0,0,0,,6923,271,2322,1837,1736,554,203
761,Westminster,Nov-17, ,0,0,0,0,0,0,0,0,0,0,0,0,4,10,20,27,30,34,40,54,64,77,86,109,142,184,205,198,186,181,179,178,190,216,234,252,273,315,351,406,462,510,522,540,561,577,559,563,590,630,631,680,757,826,847,992,1176,1310,1322,1462,1636,1727,1710,1654,1536,1302,1059,865,736,627,517,462,448,428,397,364,340,319,311,309,288,255,235,220,194,156,129,99,66,39,21,12,6,6,4,2,,38241,219,1789,12484,16759,5258,1732
764,White City,Nov-17, ,0,0,0,0,0,0,0,0,0,0,0,0,7,17,26,32,40,55,74,99,130,154,173,199,268,316,300,240,206,178,136,102,96,96,88,81,86,92,94,97,103,111,114,115,118,122,116,114,121,131,130,136,158,190,224,298,345,388,403,506,572,662,721,788,742,620,463,356,290,239,186,159,151,137,115,100,91,91,128,150,130,83,61,50,46,41,31,22,16,11,6,4,2,2,1,1,,14693,350,2402,3031,6566,1837,507
763,Whitechapel,Nov-17, ,0,0,0,0,0,0,0,0,0,0,0,0,7,15,22,34,48,65,73,91,119,155,176,213,283,361,380,347,297,263,225,194,187,198,198,209,219,225,219,229,241,249,247,260,280,286,265,270,286,309,317,351,387,428,445,489,523,592,615,736,824,885,801,774,730,655,516,446,410,370,302,295,306,322,295,267,229,200,164,152,148,139,119,110,109,104,91,75,57,38,20,8,1,0,0,0,,22590,355,3013,6794,8097,3312,1019
765,Willesden Green,Nov-17, ,0,0,0,0,0,0,0,0,0,0,0,0,42,44,55,79,124,162,202,259,336,406,479,579,719,770,688,551,476,411,326,251,222,211,193,175,182,184,166,144,146,151,146,135,138,146,144,140,145,147,134,123,142,157,147,135,146,156,150,161,179,192,180,169,164,165,152,134,122,109,94,85,82,73,63,57,57,53,48,44,43,40,35,31,28,26,21,17,12,8,5,3,1,1,1,1,,13820,967,5992,3753,1948,887,273
766,Willesden Junction,Aut-09,A,0,0,0,0,0,0,0,0,0,0,0,0,1,6,18,51,74,90,133,177,212,222,249,256,314,303,260,188,184,155,129,94,81,71,67,76,86,83,72,73,82,82,83,81,84,74,69,68,93,96,78,67,77,69,63,107,134,128,121,160,178,173,163,177,165,142,126,115,91,72,57,47,43,47,38,38,35,31,24,23,36,47,41,28,31,28,15,4,4,4,1,1,0,0,0,0,,7566,550,2566,1882,1782,546,240
767,Wimbledon,Aut-16,A,0,0,0,0,0,0,0,0,0,0,0,0,9,22,45,104,209,297,447,622,711,731,821,849,745,549,430,392,383,349,265,268,223,233,158,126,72,92,98,118,121,116,159,190,225,225,204,205,202,191,121,117,132,192,216,219,237,251,307,363,510,543,540,450,428,360,280,247,240,199,124,82,58,42,42,47,55,64,58,74,99,92,46,22,22,22,23,24,20,11,2,0,1,0,0,0,,18188,1755,6493,3955,4516,1085,384
768,Wimbledon Park,Nov-17, ,0,0,0,0,0,0,0,0,0,0,0,0,4,5,8,14,24,32,46,73,109,151,192,213,205,179,148,120,95,76,57,50,45,44,40,37,36,38,38,39,36,36,35,37,36,38,36,36,33,34,32,33,32,34,34,40,43,51,56,75,76,73,59,60,54,53,46,41,35,30,21,17,14,12,11,10,8,7,7,8,7,6,4,3,4,4,3,2,1,1,1,0,0,0,0,0,,3583,206,1595,879,687,180,36
770,Wood Green,Nov-17, ,0,0,0,0,0,0,0,0,0,0,0,0,50,89,127,186,312,418,536,662,716,632,563,609,724,744,676,565,515,445,365,284,269,259,232,220,228,223,200,189,194,203,200,197,202,202,192,192,204,211,199,204,220,227,222,238,269,288,277,298,333,350,321,303,290,268,233,205,184,160,134,121,114,103,92,87,86,83,77,79,80,89,104,115,138,149,128,68,28,13,9,7,5,4,3,2,,20042,2380,6838,5127,3435,1320,942
599,Wood Lane,Nov-17, ,0,0,0,0,0,0,0,0,0,0,0,0,7,6,8,14,15,20,29,42,56,79,96,106,116,139,154,144,118,93,76,58,51,47,46,46,46,47,49,50,53,58,62,64,68,73,76,77,75,75,76,80,85,89,93,108,124,134,136,158,187,221,227,227,212,202,175,149,125,112,95,84,76,70,63,63,63,56,52,56,55,42,27,21,18,14,10,7,5,3,2,1,0,0,0,0,,6242,141,1235,1594,2152,915,205
769,Woodford,Nov-17, ,0,0,0,0,0,0,0,0,0,0,0,0,24,45,70,96,137,181,251,306,360,416,505,584,632,583,466,370,306,254,203,171,143,130,117,114,115,111,99,93,90,88,84,83,82,80,75,71,71,68,64,63,77,90,93,87,85,87,83,80,81,90,92,88,81,72,61,53,47,40,33,28,26,25,22,20,10,11,9,9,10,9,8,9,8,5,3,3,2,2,1,1,0,0,0,0,,9442,1110,4850,2188,953,280,61
771,Woodside Park,Nov-17, ,0,0,0,0,0,0,0,0,0,0,0,0,0,15,16,30,47,64,83,130,171,217,263,338,383,360,290,232,189,146,108,91,81,73,58,51,50,51,48,47,48,49,46,43,45,46,41,38,38,36,34,49,63,60,48,53,60,59,55,59,64,71,66,61,59,57,46,35,26,22,19,18,16,15,23,17,12,11,11,10,9,8,7,7,6,4,3,2,2,1,1,0,0,0,0,0,,5311,385,2788,1196,692,200,50
,Total,,, 0 , 0 , 0 , 0 , 0 , 0 , 0 , 0 , 0 , 0 , 0 , 14 , 3727 , 6987 , 10898 , 16096 , 25092 , 34930 , 45039 , 56621 , 69751 , 82502 , 96390 , 114819 , 132694 , 140041 , 130497 , 113174 , 95904 , 81618 , 66542 , 54878 , 48697 , 47851 , 45226 , 42325 , 41654 , 42858 , 42437 , 43314 , 45407 , 47430 , 46643 , 46870 , 48218 , 49403 , 47595 , 47307 , 48761 , 50624 , 49678 , 52011 , 56484 , 61788 , 64038 , 72843 , 81122 , 88633 , 88875 , 105636 , 120982 , 136288 , 135437 , 137758 , 131090 , 120217 , 100905 , 86397 , 75509 , 65508 , 54466 , 49136 , 45922 , 43005 , 38751 , 37375 , 36290 , 34948 , 32358 , 32823 , 34706 , 35161 , 32058 , 29176 , 27075 , 24269 , 19724 , 15317 , 11443 , 7405 , 3948 , 1875 , 1396 , 1246 , 898 , 496 ,, 4693300 
