COUNTS -  2017               - Saturday - Entries,,,,,,,,,,,,,,,,,,,,,,,, 2017 ,Saturday,Entries

(C) Copyright, London Underground Limited, 2018 

Counts by Station and quarter Hour

nlc, Station, Date, Note,0200-0215,0215-0230,0230-0245,0245-0300,0300-0315,0315-0330,0330-0345,0345-0400,0400-0415,0415-0430,0430-0445,0445-0500,0500-0515,0515-0530,0530-0545,0545-0600,0600-0615,0615-0630,0630-0645,0645-0700,0700-0715,0715-0730,0730-0745,0745-0800,0800-0815,0815-0830,0830-0845,0845-0900,0900-0915,0915-0930,0930-0945,0945-1000,1000-1015,1015-1030,1030-1045,1045-1100,1100-1115,1115-1130,1130-1145,1145-1200,1200-1215,1215-1230,1230-1245,1245-1300,1300-1315,1315-1330,1330-1345,1345-1400,1400-1415,1415-1430,1430-1445,1445-1500,1500-1515,1515-1530,1530-1545,1545-1600,1600-1615,1615-1630,1630-1645,1645-1700,1700-1715,1715-1730,1730-1745,1745-1800,1800-1815,1815-1830,1830-1845,1845-1900,1900-1915,1915-1930,1930-1945,1945-2000,2000-2015,2015-2030,2030-2045,2045-2100,2100-2115,2115-2130,2130-2145,2145-2200,2200-2215,2215-2230,2230-2245,2245-2300,2300-2315,2315-2330,2330-2345,2345-2400,0000-0015,0015-0030,0030-0045,0045-0100,0100-0115,0115-0130,0130-0145,0145-0200,, Total,Early,AM Peak,Inter peak,PM Peak,Evening,Late
500,Acton Town,Nov-17, ,0,0,0,0,0,0,0,0,0,0,0,0,15,18,22,24,31,39,47,60,75,77,68,66,76,88,90,97,111,119,113,107,110,110,110,110,122,130,133,130,138,146,145,145,148,141,129,128,130,125,116,112,110,109,101,100,104,110,107,103,108,112,111,106,107,111,105,97,91,85,75,72,68,62,50,46,42,42,40,40,40,42,38,37,34,33,28,26,23,21,19,16,14,12,10,8,,6716,256,1087,2978,1281,713,401
502,Aldgate,Nov-17, ,0,0,0,0,0,0,0,0,0,0,0,0,5,5,4,4,7,11,16,19,26,29,29,28,39,43,42,41,52,63,67,67,69,72,73,72,73,71,71,76,80,80,78,84,92,95,92,88,80,73,69,70,73,77,77,79,83,86,83,82,78,79,75,75,75,78,74,69,67,62,54,49,47,43,46,57,60,52,44,40,41,45,44,41,41,41,39,34,25,16,11,0,0,0,0,0,,4397,71,526,1864,937,621,378
503,Aldgate East,Nov-17, ,0,0,0,0,0,0,0,0,0,0,0,0,7,14,18,17,22,26,34,41,52,54,54,61,79,92,97,115,155,194,212,226,243,260,257,257,257,265,259,256,262,268,269,282,299,296,278,271,279,291,291,288,286,284,276,279,293,300,295,308,320,332,313,294,281,287,278,266,255,242,220,203,182,178,177,179,168,174,172,165,149,154,170,186,211,241,282,298,253,144,55,13,5,0,0,0,,16166,179,1391,6553,3567,2315,2161
505,Alperton,Nov-17, ,0,0,0,0,0,0,0,0,0,0,0,0,6,12,19,23,31,41,57,75,81,66,52,50,52,51,47,45,44,44,41,41,42,42,44,45,48,49,51,50,51,54,55,52,55,56,55,53,58,60,56,50,50,52,52,51,53,57,59,56,60,63,63,57,51,60,64,61,48,43,38,36,35,31,26,23,19,19,18,17,14,14,13,14,13,13,10,8,5,4,2,2,1,0,0,0,,3279,264,614,1231,704,353,113
506,Amersham,Nov-17, ,0,0,0,0,0,0,0,0,0,0,0,0,3,4,4,4,4,7,8,13,11,16,16,24,23,30,30,37,33,40,38,47,43,50,44,50,45,49,41,47,40,45,40,47,37,40,31,33,24,27,21,30,30,35,29,36,32,38,31,37,34,41,34,40,32,30,19,21,15,17,13,13,9,10,9,11,8,9,6,7,6,8,6,7,6,7,5,4,2,2,1,0,0,0,0,0,,1876,47,345,914,389,127,54
507,Angel,Nov-17, ,0,0,0,0,0,0,0,0,0,0,0,0,0,0,15,23,36,40,38,40,47,55,54,61,71,92,104,114,128,156,167,173,182,206,214,232,250,276,284,302,313,327,328,343,354,369,365,357,355,364,360,382,406,413,388,387,417,442,432,435,448,451,416,415,414,405,370,348,336,321,298,266,247,239,233,227,243,273,293,338,377,390,362,360,365,367,347,311,281,203,95,8,0,0,0,0,,20944,192,1222,7757,4993,3314,3466
508,Archway,Nov-17, ,0,0,0,0,0,0,0,0,0,0,0,0,6,9,15,25,34,43,48,54,67,80,84,87,107,128,132,132,154,181,185,172,183,200,202,183,193,208,218,208,214,226,231,219,224,232,224,204,197,201,197,187,181,185,180,168,169,174,168,155,161,179,183,168,168,180,185,167,153,143,138,134,129,119,103,86,79,72,68,64,68,71,70,70,71,68,58,50,44,41,33,26,23,24,19,12,,10701,234,1509,4865,2057,1288,748
509,Arnos Grove,Nov-17, ,0,0,0,0,0,0,0,0,0,0,0,0,11,14,19,27,37,45,46,57,65,64,55,65,78,84,82,90,102,105,102,102,111,113,111,115,122,130,128,127,120,124,121,121,127,134,128,123,127,122,107,93,89,89,85,85,86,87,86,88,91,91,88,85,91,93,85,77,75,71,60,53,50,46,42,39,37,33,31,31,28,24,24,24,23,20,18,16,15,14,11,10,9,7,4,3,,5868,256,994,2752,1048,568,250
510,Arsenal,Nov-17, ,0,0,0,0,0,0,0,0,0,0,0,0,3,5,6,5,6,8,10,13,18,22,22,22,30,39,46,48,52,55,58,60,65,71,69,70,79,90,88,85,88,94,95,90,91,93,89,82,73,74,71,65,60,63,57,52,53,60,57,57,54,58,57,60,64,65,61,58,54,47,42,41,39,37,34,32,29,26,24,22,20,16,15,15,17,15,16,15,13,8,6,5,6,4,4,4,,3692,56,472,1854,704,427,179
511,Baker Street,Nov-17, ,0,0,0,0,0,0,0,0,0,0,0,0,15,15,16,20,25,32,36,41,51,63,67,68,84,102,121,131,157,182,213,227,249,275,325,374,424,440,455,472,503,530,547,573,598,621,606,598,616,616,577,566,597,624,633,661,698,736,745,757,762,750,702,694,690,668,620,571,508,448,405,372,345,331,309,289,265,245,221,267,301,275,219,222,238,238,235,205,162,122,101,73,57,45,32,19,,29088,200,1466,12480,8393,4005,2544
512,Balham,Nov-17, ,0,0,0,0,0,0,0,0,0,0,0,0,7,8,10,14,30,45,40,73,129,155,131,120,155,176,193,183,227,244,253,229,262,273,289,282,315,328,348,344,376,369,378,362,397,386,382,334,327,307,311,284,286,273,271,246,257,259,270,256,278,284,304,294,309,305,319,297,299,272,264,245,249,223,194,161,157,148,135,112,113,115,118,119,124,130,128,112,93,80,67,53,47,46,33,20,,17441,227,2195,7730,3432,2459,1398
513,Bank & Monument,Nov-17,B,0,0,0,0,0,0,0,0,0,0,0,0,18,20,24,27,37,43,55,68,94,95,88,84,111,131,144,151,169,195,237,258,283,320,351,367,397,442,486,515,551,569,600,605,621,600,588,569,563,561,572,596,614,620,629,642,649,649,670,688,697,700,675,680,673,648,612,572,515,444,403,356,341,328,307,275,266,259,250,242,258,268,278,273,292,308,306,266,237,195,139,111,119,120,82,45,,29906,292,1757,12661,7913,3986,3297
501,Barbican,Nov-17, ,0,0,0,0,0,0,0,0,0,0,0,0,4,6,7,8,10,15,16,19,22,24,22,25,31,37,42,46,52,57,64,69,74,78,79,86,93,100,101,107,117,125,138,153,159,153,141,138,141,144,136,129,133,145,152,169,175,184,183,190,186,186,171,154,136,126,117,113,109,104,89,81,81,79,72,70,67,75,87,97,81,113,138,153,115,98,69,56,41,30,16,7,0,0,0,0,,7416,85,491,2991,1921,1011,917
514,Barking,Nov-17, ,0,0,0,0,0,0,0,0,0,0,0,0,90,104,139,204,315,378,424,466,484,395,312,299,305,300,294,304,310,308,297,286,292,299,302,305,327,345,333,320,332,345,341,335,346,356,348,341,334,324,311,311,320,315,299,292,303,313,302,303,309,314,308,309,298,283,259,253,243,229,198,184,176,164,145,139,136,132,120,114,103,98,84,75,63,54,44,36,26,13,6,4,3,0,0,0,,19930,2120,3894,7773,3554,1980,609
515,Barkingside,Nov-17, ,0,0,0,0,0,0,0,0,0,0,0,0,5,7,13,20,24,32,40,40,31,24,19,21,22,24,22,22,21,23,22,20,21,24,27,27,27,27,26,27,29,31,28,28,27,27,26,26,25,21,20,22,24,22,20,22,21,20,20,22,24,23,21,20,22,21,18,16,16,16,12,10,8,8,7,6,6,6,4,4,4,4,3,4,3,3,2,2,2,2,1,1,1,0,0,1,,1440,181,271,604,248,103,33
516,Barons Court,Nov-17, ,0,0,0,0,0,0,0,0,0,0,0,0,6,8,9,10,14,18,21,26,32,38,42,49,59,74,83,90,103,118,121,120,123,132,132,127,133,146,153,144,144,145,144,138,141,146,145,136,130,128,124,120,122,125,123,123,127,129,127,125,130,134,128,123,133,140,137,122,110,99,91,79,68,62,56,52,52,51,45,43,42,42,35,35,31,31,29,25,19,17,17,18,17,13,7,5,,7011,112,929,3224,1555,808,383
517,Bayswater,Nov-17, ,0,0,0,0,0,0,0,0,0,0,0,0,6,6,5,8,10,14,15,17,24,30,33,33,39,52,72,95,118,146,168,179,179,176,163,153,142,134,121,119,117,106,99,99,106,110,113,115,114,118,114,114,117,116,112,108,121,129,125,112,112,115,110,108,112,111,108,109,109,101,90,91,89,85,77,78,73,70,64,64,62,57,50,55,64,66,61,48,33,16,6,0,0,0,0,0,,6916,81,989,2965,1372,991,518
518,Becontree,Nov-17, ,0,0,0,0,0,0,0,0,0,0,0,0,17,21,33,52,70,87,94,89,78,69,58,54,55,61,62,70,73,71,63,65,68,70,71,77,82,81,74,70,73,76,77,73,72,70,73,71,69,64,64,61,59,55,54,53,55,53,53,51,53,52,54,54,52,50,48,45,39,36,33,31,30,28,23,23,23,21,18,17,15,12,11,12,11,11,10,6,3,1,2,0,0,0,0,0,,3935,463,779,1657,620,322,94
519,Belsize Park,Nov-17, ,0,0,0,0,0,0,0,0,0,0,0,0,1,3,5,6,8,9,9,11,17,24,28,35,49,61,64,67,84,96,97,94,100,100,98,96,100,106,114,117,120,120,118,119,125,127,122,119,116,115,109,108,104,107,105,109,113,115,106,102,118,127,117,106,111,122,120,108,98,91,88,89,93,88,71,58,54,54,49,46,44,40,35,39,44,47,42,36,29,22,15,10,8,6,6,5,,6114,52,716,2674,1365,879,428
787,Bermondsey,Nov-17, ,0,0,0,0,0,0,0,0,0,0,0,0,14,17,21,29,41,54,58,67,84,101,102,107,121,135,134,134,153,187,192,178,175,194,206,204,207,218,229,234,244,251,251,247,249,253,251,242,235,233,224,212,212,216,219,215,223,226,218,206,229,247,244,224,236,245,243,228,213,203,190,183,169,154,134,123,113,100,85,80,82,84,80,78,79,80,73,63,53,43,32,26,23,20,14,10,,12706,301,1628,5421,2769,1747,840
520,Bethnal Green,Nov-17, ,0,0,0,0,0,0,0,0,0,0,0,0,27,29,36,45,59,72,81,91,116,137,136,128,152,194,211,213,248,295,298,281,291,318,322,326,340,374,382,374,376,403,410,399,402,430,432,412,409,421,402,376,374,393,380,355,353,375,370,350,347,359,342,317,311,328,324,303,284,271,249,227,218,205,189,176,168,158,146,146,152,169,175,177,184,186,173,155,145,128,108,95,88,86,68,44,,20599,440,2409,9101,4079,2437,2133
521,Blackfriars,Nov-17, ,0,0,0,0,0,0,0,0,0,0,0,0,0,6,7,9,8,15,20,32,31,42,37,43,34,50,50,71,76,99,99,114,109,132,127,145,130,162,159,179,164,175,166,188,185,202,194,200,187,195,193,193,190,202,208,225,220,229,230,244,257,267,249,227,222,231,232,218,187,174,167,151,128,118,111,102,103,100,104,107,117,114,107,102,95,85,74,63,53,38,21,3,0,0,0,0,,10303,97,746,4210,2826,1552,872
522,Blackhorse Road,Nov-17, ,0,0,0,0,0,0,0,0,0,0,0,0,29,35,48,71,99,123,160,196,206,177,149,143,162,173,165,163,183,207,197,180,183,194,188,181,192,205,200,186,190,202,201,188,198,202,193,172,168,165,157,146,156,156,144,127,137,136,136,131,141,144,147,140,140,144,142,129,121,115,104,94,89,81,69,60,54,56,55,51,49,54,48,40,38,36,32,28,24,18,15,12,11,10,9,7,,10207,761,2105,4294,1667,949,431
524,Bond Street,Nov-17, ,0,0,0,0,0,0,0,0,0,0,0,0,20,18,16,18,22,25,27,36,44,44,37,41,47,51,50,54,60,77,94,111,130,159,189,222,254,287,327,369,427,477,536,621,696,725,704,709,738,780,831,913,1016,1099,1171,1216,1300,1357,1333,1366,1516,1589,1489,1457,1468,1447,1340,1287,1239,1150,990,900,892,839,722,680,689,706,651,590,516,477,426,385,371,352,302,248,224,207,180,142,125,121,87,42,,46690,182,710,14596,16949,10048,4205
525,Borough,Nov-17, ,0,0,0,0,0,0,0,0,0,0,0,0,0,3,6,8,8,10,12,14,17,20,22,25,32,43,48,45,54,70,79,77,79,89,90,86,81,92,95,97,95,101,97,96,98,105,101,100,97,97,94,96,95,95,93,91,93,113,123,122,108,106,101,107,109,116,117,115,105,102,98,92,87,76,67,64,64,59,55,56,60,67,75,79,76,69,65,59,52,41,23,5,0,0,0,0,,5779,61,532,2260,1330,925,671
526,Boston Manor,Nov-17, ,0,0,0,0,0,0,0,0,0,0,0,0,9,8,7,10,14,18,18,21,24,26,24,23,27,32,33,35,38,39,38,38,39,42,42,45,48,53,50,51,51,52,53,54,58,55,49,45,45,43,39,39,37,37,35,34,35,39,39,37,40,44,44,41,42,43,39,33,30,30,26,21,18,19,17,16,13,12,12,14,13,12,10,11,12,9,6,6,5,3,3,2,2,1,1,0,,2378,105,377,1096,476,228,96
527,Bounds Green,Nov-17, ,0,0,0,0,0,0,0,0,0,0,0,0,14,17,28,45,63,77,94,115,123,112,97,99,117,124,123,129,149,155,147,138,144,151,149,153,165,169,163,161,165,164,156,154,157,161,153,144,143,140,127,116,115,110,105,105,115,119,117,109,112,114,116,114,122,120,111,95,89,83,78,73,74,76,76,70,64,56,48,44,44,40,36,36,35,34,29,24,18,15,13,10,9,8,7,6,,7995,453,1513,3470,1364,831,364
528,Bow Road,Nov-17, ,0,0,0,0,0,0,0,0,0,0,0,0,5,9,14,17,25,28,30,38,51,56,54,57,72,81,82,82,100,120,123,114,116,126,130,127,136,142,139,130,136,145,143,133,135,145,145,137,128,126,123,121,119,113,106,101,101,100,97,97,102,107,105,102,108,115,114,103,96,93,90,80,73,66,63,56,50,44,40,36,36,35,37,35,35,34,31,28,21,12,5,3,2,0,0,0,,6612,166,992,3102,1251,787,314
529,Brent Cross,Nov-17, ,0,0,0,0,0,0,0,0,0,0,0,0,1,3,5,10,17,24,27,29,31,31,26,26,28,35,35,35,42,48,48,44,46,47,45,45,47,47,43,45,49,50,53,50,48,49,52,51,52,49,43,41,44,44,42,43,49,50,49,46,48,49,47,43,48,53,55,46,43,40,38,33,35,35,29,23,23,22,18,14,16,16,13,10,11,11,10,7,6,5,5,3,2,1,3,3,,2728,116,429,1125,583,353,122
778,Brixton,Nov-17, ,0,0,0,0,0,0,0,0,0,0,0,0,118,128,133,139,171,222,263,300,356,397,376,342,390,457,464,457,535,627,607,536,533,607,622,606,637,715,735,708,700,744,762,754,773,804,796,743,716,709,685,644,630,631,608,574,577,589,578,565,573,591,571,564,572,607,620,604,557,533,509,475,423,399,392,374,347,318,310,305,312,346,510,618,576,432,386,364,319,278,248,232,214,224,184,120,,40770,1474,5544,16436,7011,4942,5363
530,Bromley-by-Bow,Nov-15,A,0,0,0,0,0,0,0,0,0,0,0,0,4,9,12,17,23,30,30,31,36,44,43,40,43,51,51,51,56,60,56,56,62,68,70,70,78,77,70,67,76,81,76,78,84,88,75,66,68,72,66,58,64,67,60,52,52,53,52,54,57,60,58,54,57,58,57,55,55,50,43,40,39,35,28,26,28,28,24,22,23,23,22,21,23,23,21,20,14,6,1,1,0,0,0,0,,3719,156,587,1693,667,418,198
531,Buckhurst Hill,Nov-17, ,0,0,0,0,0,0,0,0,0,0,0,0,4,4,5,6,7,9,10,12,14,15,16,18,22,24,27,31,35,36,37,40,46,48,50,51,58,61,57,52,51,53,53,61,62,58,49,49,48,43,36,38,40,36,33,34,37,40,40,39,40,42,40,38,39,41,39,34,32,30,28,26,24,20,16,16,15,14,11,12,13,13,13,12,12,9,10,9,8,5,5,4,3,2,2,1,,2373,57,315,1167,469,244,121
532,Burnt Oak,Nov-17, ,0,0,0,0,0,0,0,0,0,0,0,0,10,20,38,57,90,112,132,142,134,103,79,74,76,81,81,81,82,82,72,70,70,70,68,71,75,72,73,72,76,75,76,71,72,76,77,72,71,72,70,66,64,60,60,62,65,65,60,60,67,72,66,61,64,64,58,54,52,50,49,44,36,32,30,30,32,29,25,23,27,26,20,16,15,13,9,10,8,5,4,5,4,3,3,2,,4665,601,1015,1691,756,432,170
534,Caledonian Road,Nov-17, ,0,0,0,0,0,0,0,0,0,0,0,0,7,9,13,17,21,25,27,28,35,44,45,47,55,67,73,80,92,106,110,103,106,116,118,114,121,134,134,130,134,141,142,141,143,145,141,136,129,124,118,116,112,112,106,106,106,113,110,111,113,115,105,106,109,111,104,105,99,87,75,75,72,68,59,58,53,51,46,48,46,45,43,44,42,39,38,33,27,23,20,15,11,10,9,7,,6574,147,857,3019,1308,791,452
535,Camden Town,Nov-17, ,0,0,0,0,0,0,0,0,0,0,0,0,21,21,18,18,22,33,46,62,74,79,73,61,64,78,87,90,107,130,136,138,143,163,187,214,238,274,326,373,419,458,509,567,640,686,714,734,759,790,808,834,847,869,860,874,886,893,885,900,922,942,941,932,922,926,870,800,736,683,600,540,487,445,397,394,380,366,407,476,484,458,486,515,515,499,486,445,391,338,297,274,265,288,226,140,,37481,241,1117,13286,10819,5911,6107
788,Canada Water,Nov-17, ,0,0,0,0,0,0,0,0,0,0,0,0,27,33,41,52,63,70,77,102,135,152,147,144,166,200,215,216,245,286,296,290,299,320,320,315,331,366,388,388,400,417,413,415,430,430,406,384,376,367,339,320,330,345,333,315,317,324,315,307,321,338,331,322,323,334,340,338,324,301,281,266,248,230,215,201,184,184,205,221,275,364,416,364,323,338,301,202,128,103,70,48,43,38,27,19,,21533,465,2492,8747,3910,2860,3059
852,Canary Wharf,Nov-17, ,0,0,0,0,0,0,0,0,0,0,0,0,24,33,45,65,83,91,100,135,181,188,177,164,206,242,263,260,304,359,377,373,413,482,516,516,540,588,620,626,649,692,707,791,842,842,750,726,708,707,689,675,685,704,697,694,719,740,727,727,738,742,711,706,715,721,702,706,701,650,546,466,424,390,338,321,322,305,268,259,273,284,288,295,325,313,285,247,213,163,121,89,62,48,34,21,,36234,576,3094,15859,8654,4990,3061
884,Canning Town,Nov-17, ,0,0,0,0,0,0,0,0,0,0,0,0,65,98,114,141,169,230,273,317,335,318,255,209,223,245,229,226,262,279,259,240,259,270,268,269,289,293,282,272,280,288,289,297,313,313,286,270,275,279,268,252,252,246,235,223,230,236,234,220,223,231,232,227,232,234,226,213,204,198,180,155,148,147,139,125,116,105,99,100,103,100,86,77,74,75,68,58,49,44,42,37,34,32,22,12,,16422,1407,3080,6568,2738,1716,913
536,Cannon Street,Nov-17, ,0,0,0,0,0,0,0,0,0,0,0,0,0,4,6,9,13,16,22,24,30,40,39,36,38,49,48,46,55,60,66,59,67,63,75,68,88,83,93,80,93,90,102,98,104,94,99,90,96,88,84,77,81,76,73,75,80,76,81,79,86,90,101,89,80,72,78,68,62,54,50,43,40,39,34,31,28,27,23,28,29,30,26,27,26,22,19,16,15,9,4,1,0,0,0,0,,4360,94,566,2037,980,459,224
537,Canons Park,Nov-17, ,0,0,0,0,0,0,0,0,0,0,0,0,7,10,17,21,33,40,46,42,46,42,37,35,44,47,45,47,50,48,46,47,49,48,49,52,56,56,59,61,64,62,62,63,73,78,82,81,78,86,85,74,56,55,52,54,58,61,58,76,89,79,54,53,61,62,54,48,46,42,35,33,37,33,28,19,17,16,18,19,18,16,13,11,10,10,10,8,6,4,3,3,3,3,3,3,,3505,216,534,1535,753,343,124
539,Chalfont & Latimer,Nov-17, ,0,0,0,0,0,0,0,0,0,0,0,0,0,2,2,2,3,3,3,4,5,9,12,15,19,19,18,19,24,26,26,26,30,34,37,39,38,36,36,39,36,31,28,29,27,26,22,20,18,18,19,21,19,17,14,18,19,20,18,19,20,23,23,22,21,21,16,13,9,11,12,14,13,11,8,7,6,7,8,8,5,7,8,8,4,3,4,4,3,2,0,0,0,0,0,0,,1286,19,218,652,235,114,48
540,Chalk Farm,Nov-17, ,0,0,0,0,0,0,0,0,0,0,0,0,3,4,6,9,10,11,14,18,25,29,28,29,36,42,43,50,63,77,77,75,79,89,92,97,99,110,114,121,118,130,135,148,156,162,149,140,141,154,158,159,161,171,172,174,176,187,181,180,173,179,171,173,176,186,173,165,156,142,115,99,97,94,91,84,79,76,74,77,76,96,132,198,223,199,147,113,85,59,45,40,41,41,28,16,,8721,75,574,3229,2120,1184,1539
541,Chancery Lane,Nov-17, ,0,0,0,0,0,0,0,0,0,0,0,0,12,12,12,16,17,17,17,21,22,22,22,21,19,22,27,30,31,36,42,47,53,62,70,76,83,93,97,110,121,133,142,162,171,167,157,154,157,160,158,166,178,187,180,186,194,210,208,209,195,188,179,182,166,153,138,135,124,119,107,104,96,90,80,74,71,73,79,77,76,77,80,87,99,103,93,79,71,64,53,52,55,62,46,30,,8066,124,341,3223,2157,1094,1127
718,Charing Cross,Nov-17, ,0,0,0,0,0,0,0,0,0,0,0,0,16,12,17,24,30,42,49,75,74,85,75,92,79,98,91,113,111,135,121,139,139,170,174,198,200,233,247,275,280,317,323,362,367,404,393,407,392,414,425,465,490,525,531,554,562,586,585,668,760,800,742,709,663,605,544,522,484,458,411,389,368,364,338,316,318,349,388,509,614,615,495,398,359,341,308,246,205,153,99,65,59,54,39,21,,26272,265,1213,8285,7746,4692,4071
543,Chesham,Nov-17, ,0,0,0,0,0,0,0,0,0,0,0,0,3,1,5,6,8,4,7,5,11,10,15,10,19,15,21,13,22,18,23,16,24,20,26,19,26,20,25,19,27,20,24,18,23,17,19,13,17,14,18,13,18,16,21,15,19,16,22,18,24,18,23,16,20,11,13,7,11,7,8,4,7,6,6,2,5,3,3,2,5,4,4,3,5,4,4,2,2,1,1,1,0,0,0,0,,1011,39,193,472,207,64,36
544,Chigwell,Nov-17, ,0,0,0,0,0,0,0,0,0,0,0,0,0,0,0,0,3,3,4,3,4,3,3,3,4,4,5,5,6,5,5,5,7,8,6,7,6,7,7,9,8,7,7,9,10,8,7,8,8,7,7,6,6,7,8,9,8,8,7,7,7,8,8,6,5,4,4,4,4,3,3,3,4,3,3,3,2,1,1,2,2,2,1,1,2,2,1,1,1,1,0,0,0,0,0,0,,366,13,52,179,76,32,14
545,Chiswick Park,Nov-17, ,0,0,0,0,0,0,0,0,0,0,0,0,1,2,2,4,4,5,5,9,11,13,11,13,15,19,19,20,24,27,28,29,31,33,33,34,37,39,38,40,41,43,41,47,52,50,45,45,44,42,41,43,40,37,35,37,40,43,40,40,39,43,43,45,47,49,43,35,32,31,27,24,22,20,16,13,13,13,12,13,15,14,11,10,11,12,11,8,5,3,1,1,0,0,0,0,,2074,32,229,968,507,236,102
546,Chorleywood,Nov-17, ,0,0,0,0,0,0,0,0,0,0,0,0,0,1,2,3,4,3,3,3,3,5,6,6,6,10,10,9,7,11,12,13,10,10,9,13,13,13,11,13,12,12,11,12,10,11,11,11,7,8,7,9,8,9,8,9,10,12,11,11,10,11,12,12,10,10,8,7,5,5,3,5,5,5,1,2,1,1,1,1,2,2,2,3,2,1,2,2,1,2,0,0,0,0,0,0,,542,19,98,247,124,35,19
547,Clapham Common,Nov-17, ,0,0,0,0,0,0,0,0,0,0,0,0,11,13,16,21,25,30,34,40,53,62,63,63,77,87,92,100,127,148,153,148,164,183,187,192,215,232,233,247,270,276,274,267,276,279,271,246,234,238,231,213,204,206,202,201,198,199,192,197,199,208,201,202,215,231,226,212,197,190,186,177,163,149,134,131,126,120,110,118,128,134,133,137,171,210,213,175,142,122,113,110,112,107,79,49,,13320,190,1173,5541,2480,1801,2135
548,Clapham North,Nov-17, ,0,0,0,0,0,0,0,0,0,0,0,0,11,13,13,14,20,27,32,39,50,65,65,62,65,81,84,88,104,128,131,129,131,145,146,149,154,176,178,176,169,178,171,174,173,182,172,162,150,155,152,147,141,142,123,115,111,126,123,128,124,147,145,151,145,162,163,170,158,153,140,137,120,109,96,94,87,84,79,77,81,86,85,88,94,99,98,92,85,76,67,62,62,64,51,36,,9237,169,1052,3761,1695,1334,1226
549,Clapham South,Nov-17, ,0,0,0,0,0,0,0,0,0,0,0,0,5,6,8,12,16,21,27,37,48,58,62,68,85,101,112,121,145,161,168,168,179,184,185,188,202,219,227,231,233,234,225,214,214,223,218,201,182,180,172,167,159,152,144,147,157,154,145,140,151,162,160,156,162,175,175,164,158,157,153,149,141,129,117,106,92,77,67,63,62,67,68,68,61,67,65,62,55,49,37,29,28,25,17,10,,10189,132,1297,4680,1901,1409,770
550,Cockfosters,Nov-17, ,0,0,0,0,0,0,0,0,0,0,0,0,5,6,6,8,10,13,14,19,20,20,19,26,30,34,39,48,56,60,62,69,75,77,79,84,84,79,75,72,73,69,68,74,80,77,67,60,53,46,41,40,45,49,48,44,49,55,53,48,51,52,50,49,50,44,36,30,27,24,20,20,17,16,14,15,14,12,10,12,12,14,11,10,8,9,9,7,6,4,4,5,4,2,1,1,,2998,81,483,1559,567,201,107
551,Colindale,Nov-17, ,0,0,0,0,0,0,0,0,0,0,0,0,9,15,24,40,61,78,93,113,119,104,86,88,99,105,107,115,128,135,131,126,136,142,139,133,144,144,144,139,152,158,156,155,161,162,147,144,146,148,135,131,133,133,126,119,119,120,122,127,129,126,116,115,115,115,108,103,97,92,93,95,99,88,83,83,84,75,65,56,57,56,54,49,47,41,34,28,20,14,11,10,9,8,6,4,,8076,433,1343,3427,1415,1010,448
552,Colliers Wood,Nov-17, ,0,0,0,0,0,0,0,0,0,0,0,0,14,16,21,29,47,62,77,93,108,106,92,89,101,114,113,119,137,146,140,134,144,154,154,150,157,169,164,156,163,170,166,160,164,158,147,138,139,140,136,130,131,130,124,121,123,126,123,126,131,133,127,126,128,131,132,124,115,104,99,86,82,72,65,57,53,53,53,49,44,43,43,40,38,36,32,26,22,19,17,13,10,9,7,6,,8146,359,1399,3565,1530,888,405
553,Covent Garden,Nov-17, ,0,0,0,0,0,0,0,0,0,0,0,0,3,5,5,7,7,6,7,11,22,39,50,41,25,17,19,29,36,40,49,62,75,88,106,129,142,148,156,190,223,243,260,280,303,321,345,365,381,402,424,465,490,504,502,533,579,630,651,696,783,816,766,721,719,690,636,623,630,600,530,499,490,468,431,424,418,402,373,487,764,937,802,573,476,467,434,377,303,234,165,120,94,86,56,27,,27532,51,429,7075,8310,5752,5915
554,Croxley,Nov-17, ,0,0,0,0,0,0,0,0,0,0,0,0,2,3,4,4,4,3,5,7,8,8,8,10,13,14,15,15,15,16,17,17,17,19,20,19,17,16,17,19,20,21,22,22,22,20,18,17,16,14,11,10,10,11,13,13,14,14,15,14,14,14,15,16,16,15,19,20,17,11,9,7,5,5,4,4,4,4,4,4,4,4,3,3,4,3,2,2,2,2,2,0,0,0,0,0,,887,32,156,404,186,78,31
555,Dagenham East,Nov-17, ,0,0,0,0,0,0,0,0,0,0,0,0,15,18,27,40,54,55,60,64,60,47,39,43,43,43,47,54,58,62,69,74,73,70,68,69,67,64,64,69,71,72,70,73,72,67,60,58,56,52,48,44,44,41,41,45,46,40,35,61,75,72,50,49,43,41,39,38,34,28,23,24,26,25,21,19,19,18,16,14,12,10,9,10,11,11,8,5,3,2,2,0,0,0,0,0,,3369,333,639,1458,589,267,83
556,Dagenham Heathway,Nov-17, ,0,0,0,0,0,0,0,0,0,0,0,0,29,38,59,89,126,144,148,146,136,114,94,88,94,101,103,98,101,101,102,104,111,114,114,120,118,115,111,115,117,122,123,122,119,117,112,107,104,104,100,98,96,94,91,87,88,87,90,89,87,90,92,92,86,80,74,70,66,61,57,52,48,48,44,41,39,37,34,33,31,27,25,23,20,17,15,12,10,6,3,1,1,0,0,0,,6422,779,1236,2631,1025,560,191
557,Debden,Nov-17, ,0,0,0,0,0,0,0,0,0,0,0,0,5,5,6,10,14,16,18,20,19,18,17,19,22,27,27,28,29,32,32,32,33,36,38,41,44,47,49,52,50,48,49,53,55,54,50,45,41,35,33,35,34,34,33,34,35,34,32,34,39,39,36,36,36,34,30,25,25,23,19,18,20,19,14,12,12,11,10,11,11,12,11,9,7,6,5,4,3,2,2,2,1,1,1,0,,2100,94,302,1023,410,194,77
558,Dollis Hill,Nov-17, ,0,0,0,0,0,0,0,0,0,0,0,0,10,12,16,19,30,44,54,66,74,74,64,65,71,77,77,79,91,98,92,83,89,96,94,89,96,98,92,84,88,92,93,91,95,100,100,101,101,97,85,86,89,87,75,73,79,84,80,78,81,83,75,74,78,80,73,66,64,62,57,53,49,46,40,40,41,40,32,28,28,28,25,23,21,19,19,17,13,10,10,9,8,7,6,5,,5118,251,945,2191,931,552,248
560,Ealing Broadway,Nov-17, ,0,0,0,0,0,0,0,0,0,0,0,0,31,37,54,79,114,139,165,204,224,207,181,184,213,221,225,234,269,275,264,261,280,301,302,306,324,353,360,359,375,385,390,407,427,421,394,379,376,372,345,327,333,333,319,308,319,316,312,308,326,332,330,337,345,338,319,296,272,257,236,210,184,171,147,134,130,127,119,113,112,103,95,87,80,75,67,54,41,36,31,26,22,18,13,12,,18907,823,2758,8476,3878,2100,872
561,Ealing Common,Nov-17, ,0,0,0,0,0,0,0,0,0,0,0,0,5,7,8,12,17,27,32,41,42,42,39,41,45,49,47,47,54,62,59,55,56,60,60,61,67,71,70,69,70,75,78,79,81,81,73,66,65,68,62,58,58,61,58,55,56,57,60,61,60,65,68,68,66,65,60,53,52,46,45,41,39,32,28,22,20,20,22,22,21,20,19,18,18,17,14,11,9,9,7,6,3,1,0,0,,3634,149,582,1602,739,389,173
562,Earl's Court,Nov-17, ,0,0,0,0,0,0,0,0,0,0,0,0,23,22,26,38,48,54,63,82,100,121,131,144,168,211,248,307,384,472,504,533,544,551,514,500,493,479,447,429,428,423,410,409,418,428,407,409,407,421,446,475,458,418,396,400,405,403,382,406,446,468,429,398,410,426,413,380,365,349,366,360,319,267,245,229,208,190,171,175,182,177,163,170,182,182,157,130,116,105,80,54,38,33,21,10,,24399,356,3323,10710,4966,3244,1800
563,East Acton,Nov-17, ,0,0,0,0,0,0,0,0,0,0,0,0,3,8,15,22,26,31,37,46,53,53,47,46,57,65,65,64,77,85,80,70,73,79,77,74,83,93,89,81,88,92,90,84,84,83,83,83,88,87,78,71,75,76,70,69,75,81,79,74,70,72,69,65,62,63,60,55,52,51,48,41,42,44,42,33,29,27,25,23,25,25,22,18,18,17,15,13,10,8,7,5,4,4,4,3,,4380,188,762,1950,825,457,198
565,East Finchley,Nov-17, ,0,0,0,0,0,0,0,0,0,0,0,0,2,5,10,15,21,28,37,48,55,60,58,67,85,99,101,111,130,140,129,123,132,144,146,145,154,165,168,165,165,173,171,171,178,184,171,150,136,133,126,119,117,115,111,101,100,103,104,101,110,119,113,113,124,136,135,125,112,103,96,86,80,79,80,78,73,65,60,53,48,43,42,39,39,41,39,30,22,16,13,9,6,6,6,5,,7616,166,1158,3540,1383,965,404
566,East Ham,Nov-17, ,0,0,0,0,0,0,0,0,0,0,0,0,55,73,129,212,328,414,463,468,431,356,287,262,273,274,258,245,270,273,260,240,251,251,248,241,257,264,265,257,262,275,285,279,276,280,281,282,293,287,270,260,278,272,256,240,250,256,250,240,242,248,241,241,233,224,207,199,182,172,157,146,142,135,127,123,126,117,102,92,83,79,69,72,81,99,108,96,61,25,6,1,0,0,0,0,,17213,2142,3429,6410,2831,1621,780
567,East Putney,Nov-17, ,0,0,0,0,0,0,0,0,0,0,0,0,2,4,6,7,9,10,15,25,36,41,41,49,61,74,77,87,98,108,105,105,114,126,126,130,142,153,161,166,169,166,162,161,166,166,154,142,137,131,117,115,116,110,100,102,104,109,118,123,121,120,120,116,125,132,129,107,98,95,90,76,62,54,48,42,35,31,29,29,27,26,23,26,26,28,25,22,15,11,8,4,2,0,0,0,,6648,78,882,3332,1424,689,243
564,Eastcote,Nov-17, ,0,0,0,0,0,0,0,0,0,0,0,0,4,7,9,10,14,15,17,21,24,24,24,28,31,36,39,43,47,49,49,52,53,62,67,72,71,74,70,72,74,74,73,74,75,72,68,63,61,59,53,47,44,44,40,42,45,49,43,44,48,49,42,42,44,44,41,39,36,32,26,22,22,21,18,17,16,13,11,15,14,12,11,14,13,10,9,8,7,4,2,1,0,0,0,0,,2931,97,446,1504,530,249,105
568,Edgware,Nov-17, ,0,0,0,0,0,0,0,0,0,0,0,0,6,9,20,28,43,52,66,72,77,70,62,60,63,66,63,71,78,85,82,85,85,89,91,94,98,105,105,100,101,109,111,109,105,106,102,98,94,97,90,82,81,86,85,87,92,89,82,87,95,94,93,97,95,92,88,85,81,82,77,71,67,66,58,47,43,42,41,38,36,36,33,31,29,26,20,14,11,8,7,6,6,5,4,4,,5546,296,862,2310,1089,713,276
774,Edgware Road (Bak),Nov-17, ,0,0,0,0,0,0,0,0,0,0,0,0,0,0,5,6,7,8,8,11,14,16,16,17,20,24,30,33,36,44,52,59,61,66,67,70,76,77,76,78,82,79,84,95,101,99,94,95,95,97,90,86,91,103,102,96,92,93,94,100,104,102,93,94,101,110,106,104,97,92,81,79,72,69,63,60,55,52,49,49,51,52,48,51,50,45,38,33,24,12,4,0,0,0,0,0,,4885,45,361,2060,1193,818,408
569,Edgware Road (Cir),Nov-17, ,0,0,0,0,0,0,0,0,0,0,0,0,6,5,6,9,12,13,14,17,22,27,29,34,39,47,53,59,69,83,85,88,97,115,117,120,118,126,123,114,110,116,122,119,120,126,124,122,126,129,126,125,126,124,125,121,117,116,118,119,127,134,124,120,123,128,119,117,110,106,98,98,90,84,75,76,73,68,59,63,66,64,57,59,59,58,50,46,34,26,14,7,1,0,0,0,,6611,82,635,2891,1462,1000,541
570,Elephant & Castle,Nov-17, ,0,0,0,0,0,0,0,0,0,0,0,0,8,37,67,84,107,133,139,162,190,211,189,184,190,250,268,282,302,370,354,333,321,368,354,354,343,389,391,405,380,414,417,450,435,463,429,436,419,452,423,416,403,433,416,412,396,421,407,408,386,408,394,418,431,459,421,401,372,367,342,339,312,288,253,245,238,238,225,216,209,216,203,208,220,248,217,175,133,100,47,5,0,0,0,0,,23949,737,3123,9723,4950,3435,1981
571,Elm Park,Nov-17, ,0,0,0,0,0,0,0,0,0,0,0,0,11,18,24,28,29,36,38,44,44,42,38,39,42,46,51,51,53,56,55,55,58,62,66,71,74,74,71,69,73,78,78,76,76,74,66,58,51,48,47,47,44,43,46,52,55,51,45,44,47,49,47,45,45,42,39,35,34,29,27,24,21,19,20,21,19,14,11,10,11,12,12,11,11,12,8,6,3,2,1,0,0,0,0,0,,3184,228,572,1502,544,249,89
542,Embankment,Nov-17, ,0,0,0,0,0,0,0,0,0,0,0,0,10,11,14,20,27,33,40,64,72,83,74,75,63,75,73,86,93,118,119,138,145,166,170,190,200,218,228,247,265,284,297,329,350,356,362,378,374,376,394,425,448,475,491,507,531,580,608,687,755,813,777,735,678,643,619,589,553,497,446,422,422,420,388,372,376,418,422,564,726,817,718,631,548,495,428,363,301,238,154,88,70,69,51,27,,28002,219,1069,7675,8015,5300,5724
572,Epping,Nov-17, ,0,0,0,0,0,0,0,0,0,0,0,0,9,8,10,16,21,22,26,33,39,38,46,52,61,59,66,73,84,82,92,103,120,124,126,127,133,131,121,113,109,109,112,108,103,93,86,76,76,73,73,72,74,74,75,77,79,72,70,69,75,69,68,63,67,63,58,49,47,40,35,30,31,27,24,21,20,18,18,18,17,15,14,14,13,12,10,9,7,5,3,3,2,2,0,0,,4582,145,795,2385,802,329,126
574,Euston,Nov-17, ,0,0,0,0,0,0,0,0,0,0,0,0,5,18,29,35,20,51,79,131,154,194,193,232,314,409,461,525,666,776,837,865,1002,1087,1130,1048,1122,1128,1177,1091,1166,1107,1176,1168,1250,1122,1088,970,969,896,872,809,832,853,834,786,807,812,831,796,891,907,955,924,971,961,981,927,898,772,686,675,804,734,606,451,574,544,462,373,490,443,393,394,340,269,237,237,155,138,96,78,56,47,35,23,,52450,368,5626,24683,10763,7579,3431
575,Euston Square,Nov-17, ,0,0,0,0,0,0,0,0,0,0,0,0,2,3,5,7,7,8,14,16,24,27,30,32,47,60,71,70,76,84,98,94,102,109,121,111,118,124,131,122,131,143,151,156,172,172,162,146,147,142,134,135,150,156,148,155,171,175,163,165,182,186,174,166,173,169,160,150,151,138,117,115,133,130,110,95,98,92,75,68,80,86,81,79,69,58,50,44,31,22,13,3,1,0,0,0,,8086,62,713,3338,2034,1322,617
576,Fairlop,Nov-17, ,0,0,0,0,0,0,0,0,0,0,0,0,3,4,9,14,17,18,21,22,20,16,14,14,14,15,16,19,18,17,15,18,19,21,21,24,23,24,26,30,30,29,26,27,27,29,27,27,24,24,23,25,25,23,23,27,40,44,36,27,28,29,25,21,22,20,17,13,12,14,13,11,8,9,8,8,7,7,6,6,6,5,4,4,6,7,6,5,3,2,2,2,1,1,1,0,,1394,108,196,604,322,109,55
577,Farringdon,Nov-17, ,0,0,0,0,0,0,0,0,0,0,0,0,38,64,83,70,51,43,44,43,48,49,38,27,29,35,37,39,44,48,49,55,60,66,72,79,79,82,86,92,92,115,130,146,137,134,120,123,125,126,125,136,144,149,148,151,161,167,159,162,171,176,160,153,140,131,121,115,109,106,111,108,100,94,95,93,96,94,92,98,114,122,119,123,138,148,146,123,99,75,45,16,0,0,0,0,,7931,436,498,2717,1816,1196,1268
578,Finchley Central,Nov-17, ,0,0,0,0,0,0,0,0,0,0,0,0,2,6,9,13,21,26,30,43,55,57,51,60,79,96,100,99,112,128,128,113,114,126,129,123,139,150,154,139,147,155,157,147,153,149,138,127,132,122,106,108,117,111,107,101,109,107,101,107,120,120,103,102,102,114,119,117,100,105,100,94,89,95,95,99,91,72,55,57,64,65,54,56,51,42,33,24,23,26,21,8,5,5,4,5,,7238,150,1078,3151,1321,1052,486
579,Finchley Road,Nov-17, ,0,0,0,0,0,0,0,0,0,0,0,0,5,6,9,11,14,18,25,34,43,48,47,49,64,81,87,93,110,131,137,137,139,155,164,165,170,186,196,195,200,206,204,207,221,244,243,240,238,231,211,202,207,205,191,184,195,205,201,198,211,220,213,207,210,215,207,196,183,172,152,144,143,134,116,110,107,103,93,93,92,96,87,84,98,123,128,107,78,53,33,21,17,17,13,9,,11037,122,1027,4804,2478,1550,1056
580,Finsbury Park,Nov-17, ,0,0,0,0,0,0,0,0,0,0,0,0,62,66,77,86,104,129,160,189,234,272,287,311,361,417,434,452,548,645,662,601,723,782,796,696,797,842,852,759,849,925,956,854,858,862,849,750,721,724,671,597,623,650,619,575,653,701,751,716,730,694,729,701,779,789,840,744,692,611,615,569,493,408,384,373,368,338,330,292,288,278,270,267,313,324,295,242,201,156,134,128,117,103,74,51,,41968,873,5224,18330,8827,5473,3241
581,Fulham Broadway,Nov-17, ,0,0,0,0,0,0,0,0,0,0,0,0,2,2,4,6,9,11,13,19,27,33,36,41,48,56,66,77,93,105,113,119,136,152,168,180,204,221,234,263,272,269,246,257,253,246,229,234,264,273,254,245,276,301,289,282,277,268,245,238,241,237,218,209,206,207,186,173,156,166,159,145,132,131,122,102,93,91,88,91,95,98,110,116,130,184,217,175,92,52,34,19,8,0,0,0,,12139,66,814,5748,2705,1476,1330
582,Gants Hill,Nov-17, ,0,0,0,0,0,0,0,0,0,0,0,0,20,30,53,70,91,111,137,154,146,115,91,92,108,114,118,117,124,129,128,129,128,132,124,122,131,138,135,126,132,135,137,137,140,138,127,123,125,118,104,98,102,110,106,101,95,101,106,121,123,121,108,107,102,102,93,85,78,75,72,66,62,59,57,49,46,43,43,41,41,39,35,32,32,28,21,16,15,13,12,11,10,7,6,7,,7326,666,1411,2969,1264,691,325
583,Gloucester Road,Nov-17, ,0,0,0,0,0,0,0,0,0,0,0,0,11,10,10,15,18,21,24,38,54,64,63,70,85,110,127,157,197,243,276,301,313,323,317,300,285,283,272,270,274,277,268,267,269,279,275,268,261,260,252,263,285,303,290,293,297,305,298,306,318,328,325,333,348,352,342,326,303,265,245,242,238,225,199,172,146,143,138,139,142,145,138,143,153,149,131,111,93,71,49,30,22,21,16,8,,16396,147,1747,6747,3878,2455,1422
584,Golders Green,Nov-17, ,0,0,0,0,0,0,0,0,0,0,0,0,6,8,14,21,28,34,43,59,73,79,67,66,84,104,108,115,134,152,158,150,152,160,161,157,168,176,171,171,184,189,178,177,188,193,184,173,170,167,165,156,156,158,151,147,150,156,143,143,157,165,151,143,145,152,147,146,138,139,130,124,115,108,95,91,86,82,74,72,65,60,54,58,58,51,42,41,36,28,23,21,17,12,10,8,,9191,213,1290,4052,1798,1254,584
585,Goldhawk Road,Nov-17, ,0,0,0,0,0,0,0,0,0,0,0,0,1,3,4,3,3,5,8,11,14,16,17,17,20,23,24,27,34,37,40,41,45,45,41,42,48,51,46,46,49,54,51,50,47,50,43,40,41,46,48,45,43,40,37,37,39,41,39,40,41,40,37,38,41,45,42,39,33,28,24,23,22,23,22,21,18,18,16,15,15,16,16,16,19,18,15,12,11,8,4,1,1,0,0,0,,2330,38,310,1085,482,263,152
586,Goodge Street,Nov-17, ,0,0,0,0,0,0,0,0,0,0,0,0,2,2,3,2,4,4,6,7,10,8,7,7,10,13,13,15,21,27,31,31,35,40,43,45,48,50,52,58,66,77,84,90,97,107,103,100,101,108,111,115,120,132,132,129,136,149,151,161,174,173,159,157,155,147,137,144,138,118,95,91,88,78,69,71,73,74,76,79,78,83,89,98,98,91,71,61,56,48,34,22,18,18,17,13,,6054,30,193,2043,1843,1050,895
587,Grange Hill,Nov-17, ,0,0,0,0,0,0,0,0,0,0,0,0,0,0,0,2,5,7,8,8,9,7,7,10,13,11,10,10,11,9,8,9,12,12,11,12,13,12,11,12,13,14,15,13,13,13,14,11,10,9,9,9,10,9,9,9,9,9,9,9,8,8,7,7,8,7,6,7,5,4,4,5,5,4,4,3,3,2,3,3,3,2,2,1,1,1,1,1,1,1,0,0,0,0,0,0,,572,30,114,275,94,45,14
588,Great Portland Street,Nov-17, ,0,0,0,0,0,0,0,0,0,0,0,0,4,4,5,6,7,8,8,11,14,17,19,20,23,29,35,36,37,44,55,61,60,63,64,62,63,66,68,77,83,86,86,95,97,97,92,95,96,97,90,89,89,93,95,104,109,116,115,113,115,117,104,98,100,98,92,90,81,78,75,74,62,59,56,60,57,54,48,50,48,52,55,59,62,62,59,51,43,30,18,10,0,0,0,0,,5020,53,390,2007,1267,754,549
590,Green Park,Nov-17, ,0,0,0,0,0,0,0,0,0,0,0,0,41,37,34,36,38,39,38,52,65,67,57,58,63,65,65,72,86,104,122,149,170,191,208,223,229,262,308,361,418,447,448,464,504,508,492,499,524,573,591,634,678,740,770,822,869,885,873,892,955,999,975,961,969,960,888,818,747,681,584,537,487,458,413,408,405,403,396,405,434,449,451,468,491,488,440,389,372,361,331,292,274,273,196,97,,35126,315,973,11064,11044,5924,5806
589,Greenford,Nov-17, ,0,0,0,0,0,0,0,0,0,0,0,0,12,21,30,44,82,102,131,152,156,115,79,68,84,90,80,75,78,78,76,81,85,80,72,75,82,89,90,87,84,85,85,85,90,91,87,80,85,83,80,75,74,70,68,71,72,76,72,72,76,80,76,73,73,69,65,60,56,50,40,38,39,34,27,27,25,20,19,20,20,19,19,17,16,14,13,8,5,2,2,1,0,0,0,0,,4982,574,1060,1953,864,395,136
591,Gunnersbury,Nov-17, ,0,0,0,0,0,0,0,0,0,0,0,0,0,2,4,9,16,20,26,39,45,39,33,38,45,45,45,50,60,61,58,57,64,68,71,72,77,79,81,83,93,96,90,88,91,92,87,85,78,74,67,66,67,69,63,68,75,78,68,70,76,85,84,84,84,85,76,67,61,57,51,50,47,42,34,30,27,23,21,21,21,21,21,20,20,17,12,8,5,4,2,2,0,0,0,0,,4110,116,576,1869,932,464,153
592,Hainault,Nov-17, ,0,0,0,0,0,0,0,0,0,0,0,0,20,25,39,56,70,86,98,95,81,64,53,54,60,63,61,65,65,65,61,62,65,68,71,76,76,74,70,73,74,74,75,78,76,72,70,66,61,59,55,51,48,47,46,50,53,55,53,53,53,57,56,52,49,49,47,44,41,36,30,27,26,26,22,20,19,18,18,19,17,15,12,12,11,13,10,8,5,4,4,4,4,2,2,1,,3865,489,754,1575,621,302,124
593,Hammersmith (Dis),Nov-17, ,0,0,0,0,0,0,0,0,0,0,0,0,27,31,37,46,60,74,83,98,124,145,153,167,210,252,267,266,305,355,384,388,419,446,446,450,481,497,488,494,531,557,571,588,610,614,589,561,546,538,535,529,529,527,526,515,522,539,526,515,585,681,668,599,575,593,569,535,509,477,451,423,399,367,329,291,253,287,326,330,407,605,692,539,369,326,242,206,163,135,103,81,62,53,37,21,,31449,456,3016,12587,6907,4442,4041
773,Hammersmith (H&C),Nov-17, ,0,0,0,0,0,0,0,0,0,0,0,0,6,6,7,10,13,21,29,43,55,71,70,68,73,97,107,109,112,130,143,153,163,181,184,178,180,194,193,193,204,227,234,240,238,238,232,236,236,233,222,210,195,197,196,194,186,199,193,184,195,223,219,199,195,207,202,186,165,150,136,129,118,108,92,85,75,76,86,83,67,87,134,142,116,89,69,48,39,22,7,0,0,0,0,0,,10832,135,1188,4998,2388,1303,820
594,Hampstead,Nov-17, ,0,0,0,0,0,0,0,0,0,0,0,0,1,1,2,3,3,4,5,8,12,14,16,19,24,28,31,36,43,51,55,56,58,60,64,69,76,79,79,85,99,111,103,103,109,115,109,105,101,103,106,109,104,104,106,113,115,115,112,120,127,131,120,124,130,135,124,111,95,81,71,66,62,56,53,48,46,42,43,47,53,54,54,59,73,86,84,62,44,34,26,17,12,9,5,3,,5531,27,385,2270,1464,710,675
595,Hanger Lane,Nov-17, ,0,0,0,0,0,0,0,0,0,0,0,0,0,10,18,25,26,34,55,77,85,77,62,53,52,54,56,63,73,76,71,68,73,79,76,71,74,74,70,66,68,69,74,82,88,81,70,67,70,70,63,61,67,69,62,61,65,68,62,59,62,70,68,63,61,58,52,48,46,43,41,39,37,32,26,26,25,21,17,20,21,20,17,18,17,15,13,11,7,3,2,1,0,0,0,0,,3994,245,790,1705,736,373,145
596,Harlesden,Nov-17, ,0,0,0,0,0,0,0,0,0,0,0,0,2,6,10,17,23,26,28,39,48,48,41,41,42,41,40,44,49,45,40,37,39,37,37,42,52,52,47,47,52,53,53,52,54,55,54,51,54,57,54,53,59,56,53,52,59,55,50,49,57,55,48,50,54,53,46,46,44,41,35,34,35,35,33,34,30,31,27,26,21,21,17,19,22,21,14,11,7,3,1,0,0,0,0,0,,3066,151,516,1215,622,405,157
597,Harrow & Wealdstone,Nov-17, ,0,0,0,0,0,0,0,0,0,0,0,0,11,13,26,35,61,66,87,83,86,68,76,68,77,72,85,80,86,74,79,73,79,73,90,88,88,73,86,83,86,77,92,93,97,83,91,89,90,74,74,71,74,64,70,68,70,58,65,65,73,68,75,66,69,62,69,60,58,52,53,46,41,45,46,39,26,24,23,22,19,18,14,13,12,11,10,9,6,4,0,0,0,0,0,0,,4650,382,924,1953,800,475,116
598,Harrow-on-the-Hill,Nov-17, ,0,0,0,0,0,0,0,0,0,0,0,0,6,17,33,56,89,108,122,144,150,133,111,112,122,137,132,129,135,146,142,144,150,154,155,162,176,187,194,203,213,218,215,225,238,234,221,226,238,238,220,212,207,215,209,204,206,220,223,227,222,217,209,218,223,218,197,172,152,142,131,115,99,93,83,78,74,74,72,71,69,62,55,49,52,56,53,41,29,21,15,7,2,0,0,0,,11329,575,1593,4914,2552,1184,511
779,Hatton Cross,Nov-17, ,0,0,0,0,0,0,0,0,0,0,0,0,26,28,30,27,34,34,41,43,54,49,47,39,44,50,55,55,64,70,63,58,65,70,69,67,71,77,80,80,79,83,79,75,72,77,73,65,60,62,64,58,56,57,57,52,54,57,59,56,63,65,62,52,53,57,54,49,46,41,33,31,28,26,23,24,24,22,18,19,20,21,23,24,20,15,12,9,5,5,6,6,5,6,6,0,,3758,263,648,1648,681,335,183
780,Heathrow Terminals 123,Nov-17, ,0,0,0,0,0,0,0,0,0,0,0,0,17,21,28,37,42,43,50,69,93,127,168,181,168,158,178,194,207,217,220,214,207,212,206,191,179,185,199,210,207,204,204,207,202,204,209,212,201,181,171,180,185,182,183,186,176,168,166,170,167,175,171,158,132,132,151,159,150,147,154,158,155,149,144,153,162,169,170,186,178,147,106,95,106,120,118,94,61,32,12,3,2,2,2,2,,12041,307,2125,4707,1925,1897,1080
781,Heathrow Terminal 4,Nov-17, ,0,0,0,0,0,0,0,0,0,0,0,0,3,4,4,7,10,12,12,21,38,56,57,57,60,66,57,50,44,43,34,31,32,32,29,28,33,32,33,32,32,37,48,58,64,65,61,61,64,70,69,63,51,45,40,40,45,54,56,59,61,62,62,68,72,78,79,77,73,75,73,68,56,46,46,55,52,45,39,46,48,44,27,21,18,16,8,4,1,0,0,0,0,0,0,0,,3419,73,593,1119,773,674,187
783,Heathrow Terminal 5,Nov-17, ,0,0,0,0,0,0,0,0,0,0,0,0,11,20,33,39,37,31,35,45,54,55,57,64,73,80,89,97,101,97,91,85,79,82,91,96,90,85,84,88,94,99,108,119,117,114,113,130,129,132,121,119,111,109,102,104,104,99,90,99,101,101,90,103,108,102,83,86,91,87,85,91,94,87,87,95,98,91,79,90,92,87,65,63,48,34,15,12,8,5,1,1,1,0,0,0,,6383,251,943,2516,1166,1075,432
601,Hendon Central,Nov-17, ,0,0,0,0,0,0,0,0,0,0,0,0,6,8,21,35,55,70,99,125,141,119,91,84,106,115,109,107,123,127,118,112,125,126,121,120,134,135,129,122,127,139,140,141,148,157,139,130,133,137,124,117,116,120,112,104,108,111,105,100,111,117,116,108,112,117,114,104,99,93,88,81,78,76,71,66,60,54,51,52,58,61,57,49,43,41,38,34,29,23,19,15,12,9,7,6,,7560,419,1352,3096,1323,869,501
602,High Barnet,Nov-17, ,0,0,0,0,0,0,0,0,0,0,0,0,3,6,7,13,17,21,22,30,35,37,35,45,53,59,60,66,67,65,61,63,70,68,64,68,81,91,95,93,91,92,90,90,90,85,78,71,68,63,63,61,61,57,52,49,54,58,59,63,70,72,70,72,79,75,64,57,55,53,51,48,43,41,35,29,26,23,22,24,25,24,23,24,23,24,23,19,12,8,8,6,5,4,3,1,,4031,119,646,1791,793,450,232
605,High Street Kensington,Nov-17, ,0,0,0,0,0,0,0,0,0,0,0,0,3,4,5,6,9,11,13,15,18,22,27,32,38,46,53,60,78,102,117,127,138,152,159,165,177,190,196,201,208,223,238,254,264,278,270,270,270,282,286,312,339,354,348,357,382,410,407,409,414,407,381,382,397,377,324,289,275,249,211,188,174,156,135,135,133,116,94,102,117,126,121,123,117,107,86,72,57,40,20,10,0,0,0,0,,14260,66,720,5931,4579,1968,996
603,Highbury & Islington,Nov-17, ,0,0,0,0,0,0,0,0,0,0,0,0,17,22,26,29,42,55,66,79,99,108,109,116,141,167,186,193,218,260,280,274,278,309,327,331,360,388,400,399,416,441,468,497,512,505,475,463,476,476,449,420,411,406,417,410,404,397,402,403,420,457,459,442,435,454,448,416,392,378,356,316,282,260,246,227,220,221,226,251,307,371,384,350,330,321,317,265,211,149,118,101,92,91,69,46,,24555,336,2151,10034,5137,3375,3522
604,Highgate,Nov-17, ,0,0,0,0,0,0,0,0,0,0,0,0,2,3,6,9,12,17,22,27,32,38,42,45,62,75,80,78,94,107,107,100,102,109,113,115,124,130,128,124,137,148,145,137,146,152,144,125,117,111,105,97,98,101,99,93,90,93,95,98,104,107,108,108,114,121,121,109,98,90,76,66,64,60,48,44,46,43,40,40,41,43,43,44,39,39,36,34,24,17,13,14,11,7,6,5,,6257,98,860,2900,1268,715,416
606,Hillingdon,Nov-17, ,0,0,0,0,0,0,0,0,0,0,0,0,3,4,6,6,7,8,11,12,12,14,17,20,24,27,30,32,36,37,40,44,48,50,51,51,54,57,56,58,60,60,60,61,61,55,48,44,41,39,38,36,36,37,39,36,31,30,32,31,30,34,39,36,32,29,29,26,24,20,18,16,16,15,13,10,10,9,8,7,8,9,7,6,5,6,4,4,3,2,2,0,1,1,0,0,,2169,57,333,1176,379,166,58
607,Holborn,Nov-17, ,0,0,0,0,0,0,0,0,0,0,0,0,28,27,27,27,26,25,28,40,47,44,37,39,54,64,71,81,104,127,146,166,196,213,219,224,235,238,252,305,340,349,357,422,451,446,432,451,450,456,468,496,533,562,580,606,649,676,705,756,851,895,845,739,656,585,542,535,514,468,407,385,386,392,357,353,342,322,312,339,545,682,645,458,420,411,368,317,276,243,203,175,176,189,143,72,,28823,228,980,9281,8434,4577,5323
608,Holland Park,Nov-17, ,0,0,0,0,0,0,0,0,0,0,0,0,2,2,3,3,5,5,7,8,10,10,10,13,18,22,23,25,30,39,43,46,48,54,54,54,55,56,60,64,69,76,80,101,110,106,89,92,90,78,71,77,84,82,76,84,93,94,84,85,88,85,79,81,84,85,78,74,64,57,45,45,43,40,32,31,30,29,24,21,20,21,22,25,28,29,29,23,17,14,12,10,10,9,8,6,,3888,35,289,1810,1010,461,283
609,Holloway Road,Nov-17, ,0,0,0,0,0,0,0,0,0,0,0,0,6,8,11,12,16,21,23,28,33,40,40,47,55,65,67,72,82,97,100,98,102,117,123,129,133,141,144,146,149,165,167,163,165,178,176,166,158,160,155,149,147,146,135,127,127,132,129,127,133,144,134,124,131,147,142,126,108,102,91,83,73,70,68,66,61,54,51,49,49,56,54,49,43,47,46,44,39,32,26,21,19,16,13,10,,7498,125,796,3541,1596,876,564
610,Hornchurch,Nov-17, ,0,0,0,0,0,0,0,0,0,0,0,0,3,7,11,18,18,21,22,24,21,25,27,31,30,31,31,31,33,33,37,41,42,43,49,57,59,56,49,43,50,53,56,50,52,50,50,46,43,38,34,34,37,36,33,29,32,34,31,32,36,40,37,38,37,33,28,24,21,20,19,21,20,17,14,13,10,11,11,9,10,13,12,11,13,16,12,6,1,2,1,0,0,0,0,0,,2269,124,371,1089,402,186,97
611,Hounslow Central,Nov-17, ,0,0,0,0,0,0,0,0,0,0,0,0,19,27,39,46,55,64,76,76,75,60,52,52,60,64,62,63,61,64,65,68,67,69,70,77,78,78,76,77,77,84,92,104,101,94,84,79,72,70,67,65,66,64,59,58,60,59,56,55,68,78,78,68,68,67,60,55,50,44,37,32,30,26,24,26,28,25,21,20,20,19,16,12,11,11,10,7,5,5,5,6,4,4,3,3,,4252,402,746,1828,772,363,141
612,Hounslow East,Nov-17, ,0,0,0,0,0,0,0,0,0,0,0,0,21,29,40,51,65,70,85,100,98,74,61,63,73,78,74,73,76,75,70,69,71,72,74,77,81,81,81,81,82,87,93,101,98,94,87,86,77,74,70,70,64,62,60,68,71,72,70,71,72,83,92,91,83,78,73,70,66,56,49,44,41,37,35,34,33,33,29,27,25,23,19,15,13,12,11,9,8,5,4,3,4,3,2,2,,4804,461,884,1891,926,484,158
613,Hounslow West,Nov-17, ,0,0,0,0,0,0,0,0,0,0,0,0,30,35,41,50,53,58,62,68,66,63,62,61,57,58,64,68,68,69,69,71,74,77,77,84,88,86,80,79,83,90,93,95,102,98,83,72,69,70,68,64,64,64,65,71,75,66,55,54,54,53,53,52,51,49,48,48,44,41,35,31,32,30,27,25,29,25,21,19,19,17,17,16,15,12,12,10,9,8,6,6,5,6,5,4,,4253,397,776,1896,658,359,167
614,Hyde Park Corner,Nov-17, ,0,0,0,0,0,0,0,0,0,0,0,0,3,3,4,5,5,5,6,10,14,14,12,12,12,12,13,17,20,23,23,26,32,39,45,51,62,72,83,94,106,118,143,195,208,181,146,157,169,167,168,176,187,189,194,204,210,213,217,217,217,213,212,207,215,214,192,160,152,144,123,99,89,86,76,67,61,57,56,57,62,63,62,60,62,64,58,50,43,36,28,22,20,19,16,10,,7654,41,198,3186,2487,1067,675
615,Ickenham,Nov-17, ,0,0,0,0,0,0,0,0,0,0,0,0,1,1,1,2,3,3,5,7,9,7,8,9,11,12,14,16,17,19,21,22,23,24,26,29,30,31,32,30,31,32,32,31,33,33,30,27,26,23,20,22,23,21,18,17,17,18,17,16,18,21,20,19,19,18,14,13,10,10,9,9,7,7,6,6,5,4,4,5,8,8,7,4,4,3,3,3,3,2,1,0,0,0,0,0,,1170,23,165,644,210,82,46
616,Kennington,Nov-17, ,0,0,0,0,0,0,0,0,0,0,0,0,10,11,13,16,20,25,27,33,39,51,53,53,57,71,77,79,86,105,111,111,116,122,120,120,128,131,132,127,122,128,131,137,128,128,125,126,123,117,112,105,102,103,98,94,93,97,98,97,100,106,107,108,111,118,119,115,111,106,102,94,84,74,65,60,58,57,52,48,53,59,58,56,55,54,50,49,44,39,31,32,28,29,22,15,,6777,155,893,2875,1269,911,674
617,Kensal Green,Nov-17, ,0,0,0,0,0,0,0,0,0,0,0,0,1,3,4,8,12,13,13,18,26,27,25,27,37,42,42,45,51,54,53,57,60,61,60,61,59,62,65,66,65,66,69,69,69,65,59,61,66,61,50,50,57,56,52,44,45,48,52,52,51,48,46,49,50,48,46,44,41,41,39,35,32,29,26,24,23,22,21,22,21,21,20,21,22,25,26,23,15,6,2,0,0,0,0,0,,3147,72,486,1453,579,355,202
618,Kensington (Olympia),Aut-11,A,0,0,0,0,0,0,0,0,0,0,0,0,0,0,0,0,2,7,9,7,5,6,5,6,5,8,9,10,13,23,24,12,22,35,36,26,37,55,52,52,63,93,95,105,101,100,91,130,145,153,145,161,165,138,198,265,269,230,245,228,190,207,233,255,225,187,173,178,167,168,178,153,135,144,152,170,149,122,59,24,4,13,18,19,25,17,10,1,2,1,0,0,0,0,0,0,,6965,25,126,2463,2620,1621,110
619,Kentish Town,Nov-17, ,0,0,0,0,0,0,0,0,0,0,0,0,8,10,13,16,18,22,24,31,39,49,53,55,60,68,76,80,96,107,111,104,113,126,134,135,132,143,149,157,157,166,167,168,165,174,171,159,149,153,150,148,145,145,141,141,143,143,144,145,156,164,162,158,159,161,162,163,157,144,128,111,102,94,86,82,82,78,72,72,82,107,153,175,160,124,99,81,77,68,50,35,31,27,19,14,,8998,142,898,3588,1860,1208,1302
620,Kenton,Nov-17, ,0,0,0,0,0,0,0,0,0,0,0,0,3,7,15,23,31,44,55,59,56,52,44,36,33,32,33,32,33,35,31,28,29,34,35,35,36,35,33,32,34,34,35,37,40,39,35,37,39,37,32,32,31,32,30,29,29,32,31,30,29,32,30,28,28,29,29,29,27,21,17,19,22,21,16,14,13,13,10,10,10,10,8,6,6,6,6,5,5,3,2,0,0,0,0,0,,2130,237,445,822,356,203,67
621,Kew Gardens,Nov-17, ,0,0,0,0,0,0,0,0,0,0,0,0,0,1,1,3,3,4,7,10,12,13,18,23,27,28,30,36,43,50,51,56,63,72,75,75,77,79,83,85,93,97,92,96,103,109,102,107,106,104,102,114,120,131,141,152,164,171,173,185,195,181,160,156,150,130,105,89,81,75,66,60,54,48,44,46,50,50,43,35,31,26,21,19,21,19,16,11,8,4,2,1,0,0,0,0,,5484,29,387,2378,1859,652,179
622,Kilburn,Nov-17, ,0,0,0,0,0,0,0,0,0,0,0,0,12,21,28,36,49,66,76,87,105,111,100,93,113,137,142,132,156,185,184,164,170,186,188,180,186,203,206,193,185,195,203,197,199,208,212,204,212,206,186,167,176,175,163,154,162,172,168,158,156,161,160,155,162,167,165,160,158,149,136,127,120,108,97,84,77,74,72,69,66,72,78,81,77,75,72,61,48,39,36,30,24,21,18,12,,10578,375,1622,4554,1946,1271,810
623,Kilburn Park,Nov-17, ,0,0,0,0,0,0,0,0,0,0,0,0,0,2,6,10,13,15,17,21,28,32,28,29,37,46,46,47,59,70,72,69,74,80,83,81,83,86,88,88,93,98,96,90,91,95,97,94,92,86,81,76,77,82,80,75,71,73,69,72,72,73,68,69,70,79,77,74,68,64,57,53,54,49,44,37,39,39,36,31,34,34,32,30,30,32,27,23,15,10,4,2,0,0,0,0,,4424,84,563,2066,867,571,273
625,King's Cross St. Pancras,Nov-17, ,0,0,0,0,0,0,0,0,0,0,0,0,89,91,108,111,146,183,225,253,303,409,430,496,540,780,895,1073,1239,1580,1742,1864,2027,2301,2351,2388,2430,2531,2483,2570,2503,2450,2327,2397,2358,2339,2167,2114,2088,2096,2006,2001,1954,1933,1896,1938,1966,2024,1949,1988,2081,2159,2076,2089,2087,2169,2173,2084,1792,1610,1511,1472,1403,1341,1283,1233,1209,1153,1180,1165,1094,974,923,889,890,954,920,807,621,452,315,262,242,232,168,92,,117237,1206,11351,53648,24845,16352,9835
624,Kingsbury,Nov-17, ,0,0,0,0,0,0,0,0,0,0,0,0,8,18,34,57,97,142,161,158,135,104,78,75,77,71,66,68,74,78,78,79,77,78,81,86,94,100,102,98,96,94,94,95,99,99,99,108,123,124,107,88,79,83,87,85,81,85,92,98,96,90,82,81,79,76,70,69,64,59,55,55,49,42,36,37,35,34,29,30,29,29,24,22,18,17,15,14,12,11,10,7,5,5,5,4,,5685,675,983,2276,999,525,227
626,Knightsbridge,Nov-17, ,0,0,0,0,0,0,0,0,0,0,0,0,6,4,5,7,9,11,10,15,21,23,17,20,25,26,25,26,32,34,52,60,80,99,118,150,192,233,275,311,343,381,412,447,458,470,463,501,534,554,537,579,652,705,731,760,792,813,817,845,876,923,918,924,935,958,917,820,734,675,603,602,379,421,343,331,485,531,373,177,148,154,127,118,136,144,115,98,92,77,51,36,31,30,24,17,,28003,67,361,9985,10538,5654,1398
627,Ladbroke Grove,Nov-17, ,0,0,0,0,0,0,0,0,0,0,0,0,1,3,4,5,8,12,12,12,17,21,24,26,37,45,50,46,50,58,63,71,85,95,101,115,131,149,162,184,209,230,236,257,277,278,259,251,242,241,233,237,244,247,231,217,212,218,221,224,222,213,200,198,196,180,157,139,119,100,81,73,71,66,56,46,46,53,55,47,36,34,31,35,36,41,38,33,24,17,10,5,0,0,0,0,,9009,57,508,4911,2380,813,340
628,Lambeth North,Nov-17, ,0,0,0,0,0,0,0,0,0,0,0,0,0,3,5,6,6,11,14,16,18,21,21,22,29,36,40,48,63,76,84,90,93,92,88,89,91,90,86,88,94,93,92,99,105,108,103,101,100,107,106,108,112,117,117,118,117,116,119,123,119,110,99,114,121,114,90,83,70,60,54,53,45,42,35,38,37,36,31,29,28,29,26,24,22,23,20,16,12,7,3,1,0,0,0,0,,5072,61,548,2397,1325,530,211
629,Lancaster Gate,Nov-17, ,0,0,0,0,0,0,0,0,0,0,0,0,4,5,6,6,5,6,8,15,21,25,25,28,37,47,57,75,104,132,156,170,173,170,167,161,143,138,138,144,139,137,131,129,133,138,136,129,125,127,129,136,149,158,149,147,149,158,157,165,169,174,163,155,159,165,157,143,132,117,99,86,80,76,68,62,57,57,57,58,55,55,54,61,66,65,53,44,39,30,26,22,22,18,13,7,,7851,55,877,3426,1914,949,630
630,Latimer Road,Nov-17, ,0,0,0,0,0,0,0,0,0,0,0,0,1,2,2,3,6,7,5,5,8,11,11,11,13,17,19,23,27,32,32,30,30,33,34,35,34,34,35,40,48,52,47,42,45,48,43,41,45,49,43,38,37,37,35,37,44,47,42,41,43,46,41,44,45,47,40,36,35,31,26,27,36,32,23,17,18,16,13,11,11,12,12,13,16,18,17,15,11,6,3,2,0,0,0,0,,2164,31,234,962,516,285,136
631,Leicester Square,Nov-17, ,0,0,0,0,0,0,0,0,0,0,0,0,76,70,66,73,70,59,47,55,59,55,42,40,43,45,43,48,59,70,82,98,127,155,177,194,223,257,281,318,351,391,443,532,597,647,700,779,812,838,864,966,1056,1139,1143,1160,1233,1353,1417,1486,1625,1744,1702,1605,1517,1490,1449,1441,1442,1413,1374,1352,1363,1363,1367,1371,1354,1359,1429,1735,2196,2455,2297,1957,1747,1664,1543,1363,1196,1026,820,664,615,609,446,241,,71173,516,684,14150,18062,16922,20839
632,Leyton,Nov-17, ,0,0,0,0,0,0,0,0,0,0,0,0,30,50,74,118,183,247,301,341,375,339,284,222,230,237,245,250,288,305,286,257,262,276,273,270,284,295,287,277,278,296,291,289,300,323,309,287,289,317,312,294,281,286,268,263,275,279,265,289,352,366,316,273,276,277,264,242,231,215,203,187,177,155,138,129,130,120,105,102,105,99,84,75,73,71,59,43,40,39,32,21,21,18,16,12,,17743,1344,3318,6907,3474,1892,808
633,Leytonstone,Nov-17, ,0,0,0,0,0,0,0,0,0,0,0,0,21,31,39,65,109,137,159,197,230,213,170,148,169,192,191,187,207,221,208,197,216,228,226,224,237,248,245,244,245,258,256,250,247,254,252,238,233,228,212,195,197,198,193,185,188,192,189,187,190,190,182,182,192,195,189,175,164,153,141,132,126,119,103,90,85,79,73,73,78,77,68,61,58,62,57,47,37,33,31,30,28,27,22,18,,12923,758,2333,5509,2251,1338,734
634,Liverpool Street,Nov-17, ,0,0,0,0,0,0,0,0,0,0,0,0,48,53,65,70,83,95,119,158,203,225,215,206,214,251,312,362,494,554,604,637,722,805,799,804,873,969,940,912,937,1010,1039,1122,1171,1147,1043,997,1020,1031,1007,987,1045,1077,1076,1099,1158,1172,1120,1072,1085,1092,1071,1048,1079,1065,996,934,909,872,776,682,633,606,562,549,550,554,505,479,501,521,524,527,551,574,566,513,476,437,371,343,329,371,285,201,,56259,691,4277,23632,12892,7677,7090
635,London Bridge,Nov-17, ,0,0,0,0,0,0,0,0,0,0,0,0,31,37,45,73,106,118,157,225,296,339,343,356,373,449,482,552,599,715,737,815,820,891,900,1010,1049,1148,1178,1225,1247,1351,1420,1494,1507,1537,1521,1551,1507,1503,1465,1523,1523,1544,1510,1574,1574,1641,1637,1741,1745,1780,1699,1744,1683,1655,1538,1487,1357,1263,1161,1092,1003,921,829,794,751,747,708,744,798,831,780,777,805,801,717,649,576,450,325,243,239,213,147,78,,78569,792,6056,31998,19924,11370,8429
636,Loughton,Nov-17, ,0,0,0,0,0,0,0,0,0,0,0,0,4,7,10,13,13,16,20,26,30,30,28,29,34,37,40,45,53,58,61,59,59,61,69,80,88,91,89,86,84,88,92,93,90,88,84,79,76,71,65,63,65,64,61,63,65,65,59,63,67,69,67,74,78,75,66,60,54,47,42,38,36,31,28,23,23,23,23,20,20,21,22,20,17,13,11,11,11,8,6,5,4,4,3,3,,3837,109,504,1849,808,388,179
637,Maida Vale,Nov-17, ,0,0,0,0,0,0,0,0,0,0,0,0,0,0,3,4,5,6,9,13,16,18,19,23,28,31,35,43,55,62,60,61,65,71,72,72,72,76,78,79,82,92,89,88,90,95,87,82,80,79,76,72,72,72,65,59,57,59,60,63,66,66,65,63,66,71,77,68,58,52,53,49,44,40,37,32,28,24,21,19,21,25,25,24,23,25,23,19,14,8,2,0,0,0,0,0,,3803,40,451,1865,781,457,209
638,Manor House,Nov-17, ,0,0,0,0,0,0,0,0,0,0,0,0,14,22,33,45,60,79,92,109,132,143,129,115,135,159,160,158,185,210,194,171,176,199,199,189,196,218,214,197,194,209,207,202,219,234,223,199,194,196,190,186,191,191,175,159,164,172,168,154,163,172,169,158,166,173,172,160,153,143,133,127,120,111,100,92,82,77,73,68,63,67,76,81,77,71,60,52,45,38,30,23,22,23,20,14,,11134,454,1891,4757,1991,1279,762
639,Mansion House,Nov-17, ,0,0,0,0,0,0,0,0,0,0,0,0,0,1,1,1,1,1,2,3,5,5,4,4,5,6,6,6,9,13,16,17,20,23,26,27,29,34,39,42,44,46,48,51,56,61,60,60,59,59,58,61,64,64,73,76,81,79,79,74,75,75,70,69,71,69,58,54,52,50,39,33,30,32,29,25,23,24,26,27,28,29,31,33,30,22,16,15,14,11,7,0,0,0,0,0,,2766,10,96,1180,854,390,236
640,Marble Arch,Nov-17, ,0,0,0,0,0,0,0,0,0,0,0,0,12,11,12,18,22,26,26,31,35,45,45,47,46,51,54,64,78,98,106,116,134,155,157,156,170,184,189,199,221,228,240,271,309,307,292,302,322,328,330,355,377,392,403,423,430,431,465,501,516,499,484,469,483,484,464,447,430,397,356,337,326,318,298,279,270,256,222,267,284,296,245,241,199,175,154,140,124,100,87,82,78,69,47,24,,19161,158,785,6444,5673,3756,2345
641,Marylebone,Nov-17, ,0,0,0,0,0,0,0,0,0,0,0,0,0,0,2,2,1,16,20,18,34,55,51,45,86,120,127,106,150,187,237,227,275,301,374,333,375,347,391,315,365,343,370,297,318,317,311,223,229,224,252,210,247,226,243,202,254,242,280,239,299,285,331,283,341,311,329,255,267,235,271,245,241,174,171,143,151,107,119,103,117,92,96,78,86,72,67,43,32,17,3,1,0,0,0,0,,14952,59,1425,7088,3449,2227,704
642,Mile End,Nov-17, ,0,0,0,0,0,0,0,0,0,0,0,0,24,27,32,40,56,68,73,81,108,128,130,132,159,195,209,206,231,268,282,273,283,303,302,301,323,369,377,374,379,395,391,384,389,391,384,364,363,363,349,329,340,342,316,289,296,311,297,286,293,308,296,285,294,307,296,270,258,254,236,209,196,188,174,156,147,135,124,135,139,128,115,117,117,107,102,93,86,71,59,56,55,50,35,21,,18224,401,2321,8400,3539,2212,1351
643,Mill Hill East,Aut-08,A,0,0,0,0,0,0,0,0,0,0,0,0,0,0,5,4,5,3,9,10,9,11,12,10,12,21,23,27,25,24,19,25,20,16,10,11,14,19,21,20,15,16,28,34,26,24,42,44,29,13,19,26,33,32,22,8,6,9,11,11,18,26,28,18,13,21,23,18,15,22,20,14,10,8,8,9,13,7,9,8,11,11,12,5,1,3,3,4,5,6,0,0,0,0,0,0,,1202,36,218,542,202,143,61
646,Moor Park,Nov-17, ,0,0,0,0,0,0,0,0,0,0,0,0,0,1,1,1,1,2,3,3,4,4,5,6,7,8,8,8,8,9,9,11,10,12,11,11,11,13,13,13,13,14,15,16,21,21,18,12,11,11,12,12,11,10,8,9,12,13,12,13,14,12,14,16,16,13,12,9,9,7,7,6,6,5,3,2,2,2,1,2,2,3,3,4,4,3,1,1,1,1,1,0,0,0,0,0,,639,12,87,308,156,52,24
645,Moorgate,Nov-13,A,0,0,0,0,0,0,0,0,0,0,0,2,3,5,7,9,12,14,16,21,25,23,17,18,21,25,27,33,40,43,45,47,56,64,70,69,71,76,79,84,92,101,99,113,122,119,108,112,116,108,101,110,124,130,124,149,159,156,139,144,139,128,123,129,133,119,103,97,94,84,66,62,64,61,47,43,44,48,51,84,113,109,71,57,58,61,56,50,41,28,11,1,0,0,0,0,,5823,89,364,2397,1569,748,656
647,Morden,Nov-17, ,0,0,0,0,0,0,0,0,0,0,0,0,36,48,56,80,97,124,131,160,170,172,147,145,157,179,185,191,196,193,189,192,193,197,192,202,214,223,220,226,227,224,218,226,226,227,206,192,179,177,166,161,159,158,153,151,156,170,179,175,180,192,194,187,191,193,180,162,150,143,130,119,110,108,101,92,81,72,66,62,63,62,59,54,53,47,40,34,34,28,26,23,22,22,15,6,,11546,732,2116,4717,2159,1234,588
648,Mornington Crescent,Nov-17, ,0,0,0,0,0,0,0,0,0,0,0,0,6,6,6,6,7,8,7,8,12,14,14,15,20,24,25,27,30,34,35,37,42,48,47,44,46,49,52,54,62,67,71,76,81,87,83,81,83,90,91,95,101,112,119,127,131,139,131,128,125,121,97,85,84,85,81,76,71,68,65,60,53,49,47,43,45,47,51,50,49,46,46,52,55,54,50,51,46,40,34,32,29,36,31,20,,4752,54,287,1808,1283,649,671
649,Neasden,Nov-17, ,0,0,0,0,0,0,0,0,0,0,0,0,9,13,23,32,47,66,83,91,94,88,72,65,71,70,62,60,70,74,70,64,66,66,61,60,64,69,65,64,66,68,70,67,71,74,75,72,76,74,70,66,68,71,70,68,67,70,69,68,68,74,75,75,70,68,64,58,54,53,52,44,40,39,36,33,33,34,33,29,25,21,19,17,18,18,16,14,12,8,6,5,5,3,3,3,,4364,364,860,1641,826,480,193
650,Newbury Park,Nov-17, ,0,0,0,0,0,0,0,0,0,0,0,0,23,32,59,68,103,113,141,132,135,107,103,95,104,109,113,114,118,125,121,118,120,121,118,121,134,133,129,125,133,129,122,117,125,127,118,109,104,98,88,82,76,74,73,77,82,87,87,86,88,87,82,80,81,77,75,76,68,59,52,51,45,40,33,32,32,31,28,26,24,23,20,17,14,18,17,14,9,8,7,6,5,3,3,3,,6362,671,1362,2653,988,497,191
653,North Acton,Nov-17, ,0,0,0,0,0,0,0,0,0,0,0,0,5,11,16,23,27,36,43,60,73,76,60,54,61,77,76,77,89,106,104,96,97,108,109,111,117,124,116,115,123,129,127,130,139,135,127,134,144,138,117,112,117,117,106,101,107,111,102,96,102,108,105,111,113,109,102,99,92,83,75,68,67,62,54,47,46,44,40,40,42,42,37,33,32,31,29,27,22,16,14,11,8,7,5,5,,6407,221,949,2893,1265,718,361
654,North Ealing,Nov-17, ,0,0,0,0,0,0,0,0,0,0,0,0,0,1,1,1,4,4,4,4,5,5,7,9,10,10,12,14,17,20,19,17,16,18,17,19,20,24,24,24,22,21,22,25,26,24,21,21,21,19,15,14,14,16,16,17,17,16,14,14,14,14,13,13,15,16,15,14,13,13,10,8,8,9,8,5,4,5,5,5,5,5,4,4,3,3,3,2,1,0,0,1,0,0,0,0,,939,19,145,476,175,93,31
789,North Greenwich,Nov-17, ,0,0,0,0,0,0,0,0,0,0,0,0,63,92,95,122,128,189,197,273,297,306,244,235,261,307,320,315,345,368,361,347,361,391,406,423,431,443,440,472,508,524,512,515,508,507,510,506,491,481,464,440,452,460,442,445,486,523,496,490,483,516,529,559,560,562,534,497,461,434,411,404,402,376,352,348,346,325,351,394,454,600,891,1285,1543,1388,913,527,384,304,221,160,122,97,60,32,,35817,1159,3706,11132,6235,4604,8981
656,North Harrow,Nov-17, ,0,0,0,0,0,0,0,0,0,0,0,0,0,0,9,14,18,20,20,22,22,23,23,27,27,27,26,29,29,29,27,28,30,31,31,28,30,32,34,34,33,33,32,34,38,38,38,36,35,32,30,28,27,25,24,24,25,29,29,26,25,27,29,31,30,26,25,23,22,20,19,18,16,14,13,13,11,10,9,7,7,8,7,6,5,6,5,4,2,2,2,2,0,0,0,0,,1730,103,317,757,325,172,56
659,North Wembley,Nov-17, ,0,0,0,0,0,0,0,0,0,0,0,0,2,10,16,17,21,29,33,35,34,34,31,30,32,34,34,31,30,29,30,30,33,33,30,27,30,33,33,32,36,40,39,35,37,40,38,34,35,35,34,30,31,31,32,30,30,31,30,31,31,32,30,32,30,28,24,27,26,23,19,18,19,18,18,15,12,10,9,9,11,10,9,8,7,6,5,3,2,2,1,0,0,0,0,0,,1966,163,379,808,356,196,64
655,Northfields,Nov-17, ,0,0,0,0,0,0,0,0,0,0,0,0,14,16,17,18,23,28,31,44,59,56,42,46,62,68,66,70,80,80,73,72,75,78,78,79,84,85,85,82,86,93,94,88,89,95,93,85,81,75,65,59,57,59,58,57,60,63,62,61,69,76,70,68,73,76,69,63,60,57,53,45,37,33,31,28,25,23,22,20,19,18,19,20,19,16,14,13,10,8,8,8,7,5,4,2,,4279,191,774,1880,810,434,190
657,Northolt,Nov-17, ,0,0,0,0,0,0,0,0,0,0,0,0,14,32,50,57,76,94,111,121,122,104,81,82,96,95,89,99,110,106,100,94,96,97,101,102,105,106,109,106,105,104,106,110,116,122,117,114,106,99,88,84,88,89,84,77,78,80,79,77,77,81,81,83,79,78,71,68,60,53,47,47,47,42,36,32,32,33,30,27,26,28,24,20,17,17,15,10,4,1,1,1,1,0,0,0,,5747,555,1178,2431,932,486,165
660,Northwick Park,Nov-17, ,0,0,0,0,0,0,0,0,0,0,0,0,0,6,14,26,44,58,64,62,55,44,37,47,56,60,54,54,53,56,54,56,56,57,55,55,58,58,55,56,63,64,62,64,66,64,60,62,63,61,55,53,54,52,48,49,56,59,61,65,69,67,64,64,64,62,56,53,49,45,41,46,47,46,40,37,33,30,26,22,16,15,16,14,12,11,11,7,5,3,3,2,0,0,0,0,,3607,274,626,1390,740,462,115
661,Northwood,Nov-17, ,0,0,0,0,0,0,0,0,0,0,0,0,0,3,6,9,11,12,13,12,15,19,23,23,30,34,37,36,40,39,39,41,43,45,46,50,53,55,54,53,56,60,63,69,68,67,60,58,53,52,45,40,40,40,38,43,47,45,39,44,48,50,48,48,48,50,48,43,35,30,25,24,26,26,18,14,14,14,11,11,12,12,12,12,10,9,8,6,5,3,2,2,0,0,0,0,,2592,66,376,1251,558,248,93
662,Northwood Hills,Nov-17, ,0,0,0,0,0,0,0,0,0,0,0,0,0,3,7,10,15,16,18,18,20,21,20,19,21,24,27,29,31,31,31,34,35,34,34,39,41,39,37,39,39,39,38,40,45,48,44,37,34,32,29,28,29,27,26,27,28,28,28,30,32,34,33,34,35,35,31,25,24,24,23,18,17,16,13,13,14,12,10,8,8,8,7,9,9,9,8,8,6,5,3,1,0,0,0,0,,1901,87,308,860,373,192,81
663,Notting Hill Gate,Nov-17, ,0,0,0,0,0,0,0,0,0,0,0,0,8,9,11,12,15,20,26,34,44,49,53,57,73,84,100,108,130,157,177,184,192,216,238,263,295,344,381,416,448,505,528,583,618,630,593,581,583,570,549,557,579,588,573,568,581,589,567,552,563,574,531,505,507,522,492,449,415,375,316,268,253,242,215,188,179,180,174,167,162,165,158,164,174,177,158,137,121,102,79,55,47,48,34,17,,23951,135,1216,11398,6432,2972,1798
664,Oakwood,Nov-17, ,0,0,0,0,0,0,0,0,0,0,0,0,17,14,10,12,15,20,22,29,32,35,36,37,39,43,49,55,61,62,60,61,67,69,73,71,72,70,77,81,81,79,77,79,82,82,75,66,59,55,59,60,57,54,54,54,58,60,64,64,67,65,63,61,66,65,56,47,47,43,36,27,28,27,25,21,20,19,16,18,18,18,14,12,9,9,8,7,6,5,5,5,5,4,3,2,,3555,139,570,1653,736,327,130
665,Old Street,Nov-17, ,0,0,0,0,0,0,0,0,0,0,0,0,0,0,20,26,35,42,47,61,72,80,79,98,116,136,143,159,194,237,265,274,296,316,332,339,348,373,381,386,407,451,453,462,473,468,426,402,395,406,405,391,390,410,419,434,458,482,480,470,491,505,489,467,488,498,470,437,428,427,404,363,345,345,323,304,315,329,326,349,403,432,444,458,520,540,567,547,539,368,208,0,0,0,0,0,,26666,231,1853,9563,5735,4258,5026
667,Osterley,Nov-17, ,0,0,0,0,0,0,0,0,0,0,0,0,7,8,10,14,18,20,22,27,31,30,27,28,35,39,39,38,44,45,47,47,49,48,53,57,60,56,55,53,56,56,54,56,59,60,52,46,44,44,39,39,42,41,37,37,39,39,36,37,39,42,41,41,41,41,35,30,29,30,26,21,17,17,15,15,15,15,11,12,11,10,9,8,7,7,6,5,3,2,3,3,2,1,1,1,,2532,126,450,1193,461,223,79
668,Oval,Nov-17, ,0,0,0,0,0,0,0,0,0,0,0,0,11,12,16,20,27,33,40,45,52,60,61,57,64,78,86,91,108,125,127,122,127,142,143,140,138,152,155,155,159,163,164,163,164,167,167,161,151,147,140,134,137,142,138,125,122,124,129,130,138,134,129,123,137,149,154,141,133,124,118,109,101,100,96,82,67,66,64,64,61,63,61,67,69,71,66,59,45,38,34,31,25,27,24,19,,8303,204,1031,3574,1610,1124,760
669,Oxford Circus,Nov-17, ,0,0,0,0,0,0,0,0,0,0,0,0,45,44,45,49,45,46,53,71,80,78,68,71,77,85,88,99,118,150,175,220,271,331,371,432,485,552,641,761,858,964,1072,1184,1258,1329,1413,1554,1705,1753,1820,1964,2171,2367,2517,2676,2826,2989,2943,2885,2986,3194,3124,2981,2861,2866,2688,2656,2582,2458,2126,2009,2068,2009,1734,1597,1589,1486,1279,1296,1414,1519,1420,1281,1159,1108,1042,932,843,714,581,448,392,374,269,142,,103026,398,1309,30449,34999,22233,13638
670,Paddington,Nov-17, ,0,0,0,0,0,0,0,0,0,0,0,0,20,27,34,44,56,84,110,134,157,231,296,331,367,425,490,540,680,870,1014,1023,1013,1063,1074,1089,1139,1233,1231,1118,1077,1095,1146,1041,1015,1021,1036,956,877,869,836,795,747,780,786,755,740,802,812,782,757,806,827,828,800,831,795,760,692,681,625,600,572,538,479,414,383,395,402,375,338,291,293,294,294,235,198,185,168,109,43,3,0,0,0,0,,48872,509,6424,23792,9540,6156,2451
671,Park Royal,Nov-17, ,0,0,0,0,0,0,0,0,0,0,0,0,2,2,2,2,5,6,8,11,15,15,14,16,17,18,18,19,22,24,24,24,27,32,31,31,30,30,28,29,34,33,30,30,35,34,29,29,34,35,31,30,32,33,35,36,37,37,39,48,52,48,36,34,37,43,41,36,32,32,29,26,24,26,25,23,23,28,32,37,45,49,40,32,26,26,21,17,10,8,7,6,4,0,0,0,,2138,38,226,758,488,337,291
672,Parsons Green,Nov-17, ,0,0,0,0,0,0,0,0,0,0,0,0,2,2,2,4,7,10,13,15,19,22,26,31,40,43,47,56,72,81,80,83,93,103,104,111,120,130,129,131,139,151,160,174,176,161,137,136,139,135,127,132,132,121,108,110,114,122,122,123,128,129,121,118,133,140,130,117,104,98,95,88,77,65,57,46,42,40,40,45,49,44,38,41,45,49,52,48,35,21,12,7,0,0,0,0,,6549,55,600,3159,1497,797,441
673,Perivale,Nov-17, ,0,0,0,0,0,0,0,0,0,0,0,0,0,8,11,17,25,38,52,63,64,54,39,35,38,39,39,42,48,45,39,36,43,43,43,43,49,45,43,45,49,50,48,50,51,50,50,53,51,47,44,44,43,43,40,39,42,48,46,43,44,43,39,35,36,36,34,30,27,25,24,22,20,18,16,15,14,13,12,13,13,11,8,7,7,7,8,7,4,2,1,0,0,0,0,0,,2608,214,518,1106,476,219,75
674,Piccadilly Circus,Nov-17, ,0,0,0,0,0,0,0,0,0,0,0,0,32,31,31,33,33,32,34,47,52,46,34,35,41,43,42,49,63,74,84,104,128,153,178,216,249,291,317,349,392,451,509,573,632,677,732,789,819,853,927,1020,1102,1148,1184,1216,1288,1373,1447,1565,1663,1756,1736,1696,1626,1616,1577,1542,1519,1465,1354,1308,1314,1322,1296,1289,1278,1236,1293,1522,1746,1901,1824,1643,1456,1407,1298,1142,974,733,486,354,341,354,251,120,,66956,273,667,14905,18885,16196,16030
776,Pimlico,Nov-17, ,0,0,0,0,0,0,0,0,0,0,0,0,8,7,9,13,20,23,25,30,37,48,52,58,68,90,99,111,130,165,182,185,182,191,195,186,183,187,194,192,195,199,201,202,208,210,205,200,204,210,210,208,200,202,203,213,224,228,212,210,226,233,215,229,229,210,171,167,155,145,131,126,116,106,101,95,87,77,77,76,76,71,66,60,63,63,60,53,47,36,25,20,17,15,11,8,,10677,135,1225,4780,2554,1292,691
675,Pinner,Nov-17, ,0,0,0,0,0,0,0,0,0,0,0,0,0,3,5,8,10,12,12,13,16,19,21,25,31,36,38,43,48,52,51,53,54,55,56,58,60,58,58,61,68,68,66,67,72,70,62,65,65,57,46,48,52,52,46,46,50,52,49,49,54,56,55,55,56,59,57,51,43,38,36,31,26,22,20,19,16,14,12,13,13,13,12,12,12,11,9,8,7,5,3,3,0,0,0,0,,2947,63,433,1410,643,290,108
676,Plaistow,Nov-17, ,0,0,0,0,0,0,0,0,0,0,0,0,15,24,39,56,87,114,138,151,149,124,99,94,102,108,106,107,121,127,121,109,115,119,122,112,110,111,109,106,110,119,115,111,110,110,107,105,108,109,103,100,104,104,94,92,93,95,94,92,93,95,97,92,97,99,92,83,79,78,72,66,60,55,49,47,48,47,40,36,33,33,29,28,27,32,31,28,19,12,6,2,1,0,0,0,,6676,624,1367,2605,1122,677,281
677,Preston Road,Nov-17, ,0,0,0,0,0,0,0,0,0,0,0,0,2,8,16,31,50,62,71,73,73,62,51,44,50,56,57,56,58,59,57,55,57,59,58,59,62,62,62,63,65,64,63,62,64,63,61,61,70,75,69,58,54,54,52,51,50,52,56,53,53,55,59,52,52,56,56,49,44,39,38,36,36,31,25,22,21,22,19,16,12,12,13,13,12,10,9,7,7,5,4,1,1,0,0,0,,3557,313,678,1468,643,349,106
678,Putney Bridge,Nov-17, ,0,0,0,0,0,0,0,0,0,0,0,0,2,2,4,5,8,11,15,21,24,25,27,32,39,45,52,59,69,73,83,86,93,92,94,97,104,108,117,127,131,126,120,127,150,168,165,162,176,179,155,123,109,106,102,107,115,118,117,133,141,122,107,132,168,166,135,114,106,104,103,95,81,75,71,60,47,49,48,45,43,42,38,39,48,49,42,29,18,13,9,7,0,0,0,0,,6549,68,614,3038,1568,884,377
680,Queen's Park,Nov-17, ,0,0,0,0,0,0,0,0,0,0,0,0,1,6,10,13,17,27,29,33,41,49,50,56,68,80,89,94,105,109,108,107,112,119,116,118,122,133,127,130,137,142,136,139,149,155,146,129,126,128,119,108,104,108,102,98,97,100,101,107,113,108,100,100,105,111,110,104,90,84,77,74,67,61,50,48,46,44,43,47,44,39,34,34,33,31,27,25,19,10,3,1,0,0,0,0,,6382,136,956,3003,1256,731,300
679,Queensbury,Nov-17, ,0,0,0,0,0,0,0,0,0,0,0,0,11,28,48,82,141,209,233,214,171,126,87,67,68,71,71,69,71,70,65,60,58,59,57,60,69,73,68,66,73,75,75,73,74,75,77,83,86,85,76,70,65,63,60,60,62,64,63,64,67,68,65,61,64,64,58,52,49,47,42,40,39,37,32,29,26,23,21,20,21,19,17,14,13,12,11,8,6,4,3,3,4,3,2,2,,4941,966,996,1680,752,405,142
681,Queensway,Nov-17, ,0,0,0,0,0,0,0,0,0,0,0,0,6,8,9,10,12,15,18,24,31,33,33,37,50,69,85,105,136,175,199,216,229,227,213,208,210,199,184,187,196,194,184,196,205,209,209,212,201,201,207,218,228,236,226,229,231,240,227,241,251,246,224,227,242,240,230,220,205,184,171,176,168,149,132,129,125,121,118,114,108,101,97,109,123,122,101,86,78,62,42,34,33,29,17,8,,12040,102,1169,5008,2819,1792,1150
682,Ravenscourt Park,Nov-17, ,0,0,0,0,0,0,0,0,0,0,0,0,0,2,3,4,5,7,8,10,13,14,14,17,22,25,26,29,35,42,43,44,46,50,53,56,61,64,64,62,61,66,67,71,73,73,67,62,60,55,54,50,48,46,48,49,50,53,49,47,49,54,52,50,50,50,49,50,49,46,38,33,30,30,30,33,33,31,31,28,24,21,28,30,35,40,41,29,15,8,4,2,0,0,0,0,,3061,39,324,1406,603,412,277
683,Rayners Lane,Nov-17, ,0,0,0,0,0,0,0,0,0,0,0,0,6,13,21,26,42,49,57,60,66,58,57,65,70,71,70,76,72,73,70,72,75,80,79,83,86,91,89,90,91,91,88,89,95,98,94,89,85,79,74,69,69,65,63,62,66,66,64,64,66,67,63,61,64,66,60,51,49,48,41,39,38,35,26,23,21,22,22,20,18,16,17,15,15,13,14,11,8,6,4,3,1,1,0,0,,4352,274,820,1974,758,384,142
684,Redbridge,Nov-17, ,0,0,0,0,0,0,0,0,0,0,0,0,8,12,18,27,36,44,50,58,60,54,49,49,51,56,59,64,67,69,65,66,71,75,71,71,73,73,68,66,72,74,70,68,72,72,72,69,66,62,59,53,53,55,55,51,52,50,48,48,51,53,57,56,57,53,55,48,45,37,32,30,29,27,23,20,19,20,19,18,16,16,14,14,10,11,11,9,7,5,5,4,4,3,2,2,,3633,253,709,1591,628,319,133
685,Regent's Park,Nov-17, ,0,0,0,0,0,0,0,0,0,0,0,0,0,0,2,1,1,2,2,4,6,6,6,8,12,17,18,18,18,22,26,28,28,30,32,36,40,41,41,45,47,51,55,61,65,66,64,61,61,56,56,67,74,68,70,83,92,97,96,93,86,87,84,85,81,73,58,54,48,41,34,33,32,31,30,27,24,21,20,21,23,21,18,18,20,19,17,13,11,6,3,0,0,0,0,0,,3012,12,185,1298,986,362,169
686,Richmond,Aut-14,A,0,0,0,0,0,0,0,0,0,0,0,0,5,8,14,16,16,20,30,41,55,68,90,113,133,144,151,171,179,188,175,219,192,191,182,237,206,203,183,174,151,142,178,234,232,173,132,146,117,96,77,94,95,138,157,180,195,295,368,445,576,581,659,496,599,544,670,502,415,235,162,120,110,100,97,88,94,86,78,74,65,61,51,40,21,18,55,91,100,64,36,17,0,0,0,0,,13954,150,1686,3910,5930,1659,619
687,Rickmansworth,Nov-17, ,0,0,0,0,0,0,0,0,0,0,0,0,0,4,6,6,4,6,9,10,13,13,18,21,26,27,29,28,29,29,33,35,39,37,41,41,46,43,49,47,48,44,48,46,44,41,42,38,35,30,32,34,33,32,35,38,37,35,38,40,45,44,42,38,40,35,33,27,23,19,23,21,21,18,15,12,12,13,12,10,10,10,11,10,11,11,10,8,7,5,3,1,0,0,0,0,,2059,45,301,963,454,199,97
688,Roding Valley,Aut-06,A,0,0,0,0,0,0,0,0,0,0,0,0,0,0,0,1,1,0,0,1,2,2,1,2,3,6,6,5,5,6,4,3,3,4,8,9,7,8,7,4,7,9,7,1,2,2,3,3,6,7,4,3,3,3,5,6,4,0,1,5,5,3,3,4,4,3,4,3,4,2,1,0,0,0,0,0,0,0,0,0,0,0,0,0,0,0,0,0,0,0,0,0,0,0,0,0,,215,3,45,121,39,7,0
690,Royal Oak,Nov-17, ,0,0,0,0,0,0,0,0,0,0,0,0,3,3,3,5,6,8,8,7,11,15,17,19,24,25,22,25,33,38,38,36,38,38,38,39,44,48,46,48,52,55,54,55,57,57,52,51,53,53,45,43,47,49,44,43,49,52,49,48,49,48,46,51,56,53,47,48,51,47,38,34,33,30,28,29,29,24,21,22,26,25,25,22,22,21,23,19,14,8,4,1,0,0,0,0,,2687,43,303,1149,596,386,210
691,Ruislip,Nov-17, ,0,0,0,0,0,0,0,0,0,0,0,0,3,3,4,5,8,8,9,11,14,16,17,18,18,23,25,27,29,35,35,38,41,41,41,45,50,50,49,51,52,52,50,50,49,52,51,48,43,42,40,42,41,40,35,36,37,36,32,38,45,48,42,44,40,35,29,28,25,24,18,24,27,23,12,10,11,12,11,9,10,11,12,12,10,9,8,6,5,6,4,2,1,0,0,0,,2193,51,295,1091,454,206,96
692,Ruislip Gardens,Nov-17, ,0,0,0,0,0,0,0,0,0,0,0,0,2,4,5,7,9,12,13,13,13,12,13,11,12,12,15,19,19,18,19,22,23,23,23,23,26,29,29,26,29,31,30,27,28,28,28,27,25,22,20,18,15,16,17,17,16,16,17,19,21,19,18,16,16,15,14,14,12,12,8,8,7,7,6,5,5,4,4,4,4,4,3,3,3,2,3,3,0,0,0,0,0,0,0,0,,1138,65,185,580,201,82,25
693,Ruislip Manor,Nov-17, ,0,0,0,0,0,0,0,0,0,0,0,0,2,3,5,6,10,13,14,14,13,15,14,18,22,23,23,25,28,30,31,32,34,37,38,41,43,44,43,45,47,50,52,51,52,54,53,46,43,41,39,34,31,30,30,31,32,35,33,33,34,38,34,35,33,34,28,28,24,23,21,23,23,23,22,18,14,12,11,13,13,11,10,12,13,10,7,6,6,5,3,1,0,1,0,0,,2072,67,274,1009,397,227,98
694,Russell Square,Nov-17, ,0,0,0,0,0,0,0,0,0,0,0,0,5,7,9,10,12,14,16,22,32,37,39,45,67,92,111,130,167,205,233,257,270,260,229,206,192,182,170,179,193,205,203,214,215,216,206,217,215,215,197,224,248,267,250,252,262,278,268,271,281,292,278,267,249,242,236,223,199,183,166,154,155,160,155,151,144,131,114,107,102,102,99,109,109,106,88,71,52,41,34,24,18,15,10,7,,12688,95,1415,5225,3147,1819,987
698,Seven Sisters,Nov-17, ,0,0,0,0,0,0,0,0,0,0,0,0,70,103,134,178,264,364,446,498,516,470,379,324,334,368,353,339,371,410,399,353,350,374,380,362,382,400,391,363,376,382,390,390,405,404,397,378,382,386,368,336,345,358,347,321,339,350,335,310,328,339,334,318,322,329,323,300,294,299,283,254,238,235,221,198,186,182,175,158,147,148,150,148,141,135,126,111,95,82,71,59,50,48,37,23,,23861,2057,4616,8967,3927,2723,1571
700,Shepherd's Bush (Cen),Nov-17, ,0,0,0,0,0,0,0,0,0,0,0,0,14,16,20,28,39,53,73,99,135,157,147,131,139,165,177,196,231,264,270,264,286,320,334,316,336,369,380,375,398,431,438,438,459,497,516,509,516,534,555,556,572,601,620,626,653,682,694,697,743,756,752,713,735,738,727,673,648,623,582,538,520,501,455,413,400,382,360,371,427,436,398,376,373,329,263,204,169,136,110,83,69,60,42,24,,31455,342,2276,10982,8563,5793,3499
775,Shepherd's Bush (H&C),Nov-17, ,0,0,0,0,0,0,0,0,0,0,0,0,2,3,4,7,10,15,17,21,28,34,31,31,35,41,42,45,54,65,63,58,65,71,74,74,79,81,81,75,80,84,82,79,84,87,88,95,95,95,89,87,82,88,88,89,86,91,86,178,233,212,113,98,96,97,91,84,77,71,67,63,58,57,55,50,43,39,41,43,41,40,43,44,42,41,34,23,17,14,8,2,1,0,0,0,,5077,79,527,1992,1465,664,350
702,Sloane Square,Nov-17, ,0,0,0,0,0,0,0,0,0,0,0,0,3,4,6,7,9,14,17,22,29,35,36,42,53,63,69,73,87,102,112,120,136,156,161,168,182,207,231,252,277,299,331,377,410,406,380,364,364,371,366,373,395,413,410,428,484,512,489,473,494,504,469,469,492,492,444,425,448,411,313,229,218,207,173,154,153,143,143,173,194,167,128,115,126,126,108,87,76,54,34,0,0,0,0,0,,18087,82,821,7457,5747,2765,1215
703,Snaresbrook,Nov-17, ,0,0,0,0,0,0,0,0,0,0,0,0,5,6,6,6,9,13,16,18,19,19,19,24,30,34,37,42,44,46,47,48,49,52,56,58,60,64,63,64,64,66,65,68,68,65,62,61,59,56,48,47,46,44,37,39,45,47,42,39,41,44,44,44,45,45,44,41,37,32,30,29,29,25,21,17,15,14,13,12,12,12,13,14,14,11,9,8,8,7,6,6,5,3,2,2,,2776,79,409,1361,521,274,132
704,South Ealing,Nov-17, ,0,0,0,0,0,0,0,0,0,0,0,0,9,10,13,15,19,23,28,37,46,44,34,37,46,56,56,62,69,72,66,65,74,79,78,75,82,85,86,83,86,85,84,85,94,95,84,77,77,75,71,69,71,70,64,63,67,69,63,65,92,108,99,79,83,82,73,63,60,58,65,68,61,45,39,36,35,33,28,22,20,21,19,21,20,21,20,18,12,9,8,7,7,6,5,3,,4409,154,653,1892,943,550,217
707,South Harrow,Nov-17, ,0,0,0,0,0,0,0,0,0,0,0,0,10,8,11,20,26,32,40,42,40,39,40,40,42,41,39,38,42,41,39,38,39,38,39,42,43,42,42,44,44,43,46,48,46,41,41,42,44,43,38,38,37,37,32,31,32,34,34,35,36,38,37,33,28,29,30,29,27,24,21,19,19,17,15,13,13,13,13,14,13,10,9,9,7,7,7,5,4,4,3,2,0,0,0,0,,2331,189,479,980,395,208,80
708,South Kensington,Nov-17, ,0,0,0,0,0,0,0,0,0,0,0,0,10,11,13,19,22,25,29,41,52,62,60,68,93,125,139,150,169,196,213,239,258,278,293,317,351,394,443,500,569,650,707,764,812,845,864,884,910,918,930,927,949,980,1017,1096,1208,1313,1334,1364,1434,1542,1573,1568,1435,1147,842,714,665,583,500,458,453,428,386,351,367,366,323,352,462,528,469,386,368,343,303,231,194,141,93,58,47,43,33,21,,42818,170,1566,16656,15474,5232,3720
709,South Kenton,Aut-07,A,0,0,0,0,0,0,0,0,0,0,0,0,1,1,2,7,13,14,11,18,24,20,10,11,16,22,24,23,15,12,14,21,20,21,20,17,26,30,26,17,19,25,28,26,20,26,33,28,16,16,25,29,20,12,11,15,13,10,13,19,13,17,20,16,7,8,5,7,13,10,1,2,6,5,17,28,26,8,8,20,25,18,8,7,8,6,4,3,3,2,2,1,0,0,0,0,,1184,67,212,526,148,144,87
710,South Ruislip,Nov-17, ,0,0,0,0,0,0,0,0,0,0,0,0,3,7,9,11,12,17,19,25,26,26,23,22,24,25,27,31,34,34,35,39,39,38,42,50,50,46,45,47,46,45,44,50,52,54,49,55,57,51,35,31,32,32,31,31,30,30,29,31,33,32,30,34,37,33,28,28,26,23,19,19,17,14,10,10,11,11,9,8,9,7,8,8,10,9,9,6,3,2,1,0,0,0,0,0,,2125,103,346,1052,375,177,72
711,South Wimbledon,Nov-17, ,0,0,0,0,0,0,0,0,0,0,0,0,6,8,10,15,20,24,30,45,50,48,42,45,53,62,63,66,72,77,74,72,77,81,79,80,90,94,92,93,103,106,101,95,101,103,97,92,93,93,89,84,89,91,88,78,82,85,86,86,90,99,100,102,105,108,104,97,95,86,78,73,81,81,77,64,57,51,47,44,44,41,38,38,38,36,37,37,30,23,21,21,17,15,11,7,,5503,158,724,2189,1144,834,454
712,South Woodford,Nov-17, ,0,0,0,0,0,0,0,0,0,0,0,0,4,7,14,16,19,24,33,41,41,38,36,37,44,57,64,62,65,70,72,79,89,92,93,99,105,109,109,107,107,106,99,100,105,104,90,83,76,82,81,86,76,72,65,72,69,72,74,82,80,79,72,74,73,82,73,55,44,49,54,53,47,41,30,28,26,28,26,28,33,28,24,26,29,26,23,19,15,12,12,10,9,8,7,6,,4656,158,665,2207,885,454,287
705,Southfields,Nov-17, ,0,0,0,0,0,0,0,0,0,0,0,0,5,5,8,15,20,24,25,33,41,52,58,63,75,89,94,103,118,123,115,123,138,141,137,146,160,176,179,175,170,168,166,173,194,191,167,149,152,145,121,107,105,108,103,101,106,110,108,102,109,112,108,102,106,107,94,85,86,100,105,103,92,80,63,61,61,54,37,34,34,31,26,24,25,24,21,16,11,7,6,3,1,0,0,0,,7115,135,1054,3572,1249,876,229
706,Southgate,Nov-17, ,0,0,0,0,0,0,0,0,0,0,0,0,8,10,16,22,35,43,55,62,65,59,59,66,74,79,85,89,97,98,99,107,113,111,107,118,128,138,138,139,135,134,127,133,141,138,124,122,122,112,103,97,94,91,88,83,90,92,87,85,97,102,96,87,92,90,90,84,83,73,68,61,57,55,51,46,43,41,37,38,45,42,37,33,34,26,21,16,14,12,10,10,9,8,5,3,,6134,251,977,2836,1092,653,325
784,Southwark,Nov-17, ,0,0,0,0,0,0,0,0,0,0,0,0,14,13,16,22,29,35,41,49,58,67,68,68,74,82,81,88,104,133,144,149,153,164,164,165,157,160,156,168,171,179,177,205,231,227,205,205,207,199,190,190,199,214,223,246,258,255,238,247,248,252,245,258,258,252,234,226,211,195,178,170,153,137,128,138,144,139,132,137,143,141,129,133,143,143,121,100,81,69,55,48,42,42,31,20,,12164,219,1116,4555,2971,1862,1441
695,St. James's Park,Nov-17, ,0,0,0,0,0,0,0,0,0,0,0,0,1,2,2,4,6,8,11,17,22,24,22,24,28,36,39,42,49,63,76,84,90,97,100,107,118,127,125,132,147,156,153,191,225,218,174,156,152,156,165,170,173,184,195,207,206,202,210,220,208,185,172,166,153,142,134,132,120,110,98,84,70,63,56,48,47,44,39,36,40,42,37,40,46,46,39,30,23,14,9,0,0,0,0,0,,7589,51,509,3718,2130,815,366
696,St. John's Wood,Nov-17, ,0,0,0,0,0,0,0,0,0,0,0,0,5,4,4,5,8,9,11,15,20,26,27,32,42,56,62,66,80,92,93,84,90,106,117,120,127,136,140,151,165,178,176,190,202,214,203,192,184,176,158,149,165,177,162,154,166,175,163,163,168,164,150,154,158,162,145,130,114,107,96,94,92,91,87,76,62,51,48,45,44,44,43,43,49,48,40,29,25,17,13,12,12,9,8,9,,7879,61,680,3832,1898,963,445
697,St. Paul's,Nov-17, ,0,0,0,0,0,0,0,0,0,0,0,0,9,7,6,8,10,11,14,20,26,22,17,15,20,31,41,46,44,48,54,64,74,91,101,108,115,129,149,168,193,207,221,236,252,254,253,265,277,281,279,289,313,331,333,344,355,373,395,410,389,368,361,381,375,334,292,282,265,230,194,169,158,158,149,145,144,136,123,131,144,140,131,135,135,116,94,82,78,69,62,57,56,51,37,21,,13501,85,428,5263,4315,2002,1408
713,Stamford Brook,Nov-17, ,0,0,0,0,0,0,0,0,0,0,0,0,1,2,3,5,6,7,8,10,13,16,19,24,32,37,36,35,41,47,46,47,51,55,58,55,54,56,62,64,67,66,62,64,70,67,60,57,59,56,51,49,52,49,40,35,43,52,48,49,54,58,54,52,55,53,50,45,44,41,35,35,34,34,31,27,23,20,20,19,21,19,17,17,16,16,13,14,10,7,2,2,0,0,0,0,,2924,42,393,1359,613,363,154
714,Stanmore,Nov-17, ,0,0,0,0,0,0,0,0,0,0,0,0,9,11,15,25,32,34,36,41,36,37,43,50,55,60,62,67,74,78,78,85,90,95,95,97,102,104,99,102,107,106,96,95,99,103,94,84,78,75,65,58,57,63,61,61,61,66,65,66,74,78,74,73,78,79,75,68,60,51,44,39,38,35,28,24,21,18,19,20,20,18,17,16,14,13,12,11,11,11,10,7,8,7,5,3,,4451,203,725,2086,857,397,183
715,Stepney Green,Nov-17, ,0,0,0,0,0,0,0,0,0,0,0,0,4,7,10,15,21,27,30,37,45,53,51,55,63,74,74,79,93,109,110,108,113,121,122,118,122,127,128,128,139,145,139,132,134,134,130,127,127,128,125,127,132,129,118,113,113,111,103,102,107,112,108,105,109,111,105,97,96,99,96,90,88,84,77,70,60,53,49,52,53,48,40,41,47,52,48,43,34,23,12,8,0,0,0,0,,6769,151,914,3058,1283,914,449
716,Stockwell,Nov-17, ,0,0,0,0,0,0,0,0,0,0,0,0,39,42,42,41,48,72,89,103,128,151,149,146,163,183,191,200,222,260,277,257,256,283,308,290,284,292,304,305,318,328,319,311,321,321,303,290,282,275,263,249,241,246,239,218,213,225,224,215,213,222,223,226,229,241,249,239,221,213,212,202,181,161,147,141,132,118,110,108,109,108,112,109,104,105,107,97,80,70,59,58,54,51,36,24,,15597,476,2327,6846,2719,1946,1283
717,Stonebridge Park,Nov-17, ,0,0,0,0,0,0,0,0,0,0,0,0,5,9,17,23,28,36,49,60,61,51,39,39,44,44,38,39,41,41,35,33,34,35,35,34,34,34,37,36,38,38,40,40,42,42,42,42,44,44,45,44,45,41,40,39,41,44,41,43,53,61,55,47,44,43,37,34,35,33,27,28,32,28,19,17,18,18,16,14,14,14,14,15,15,16,16,13,9,4,2,0,0,0,0,0,,2637,227,505,945,543,285,132
719,Stratford,Nov-17, ,0,0,0,0,0,0,0,0,0,0,0,0,132,174,221,310,432,574,687,842,909,829,679,591,607,628,619,603,705,793,777,725,788,875,927,953,1063,1153,1174,1174,1270,1377,1436,1454,1520,1598,1634,1614,1655,1728,1743,1756,1815,1894,1889,1920,1996,2051,2009,1992,2056,2109,2039,1956,1902,1900,1804,1716,1761,1904,1906,1693,1492,1342,1260,1302,1314,1196,967,897,865,795,696,715,741,646,475,363,292,239,205,172,161,138,108,60,,93482,3372,8465,34410,23530,17034,6671
720,Sudbury Hill,Nov-17, ,0,0,0,0,0,0,0,0,0,0,0,0,5,7,13,21,32,44,54,54,51,43,36,32,34,34,32,30,29,29,27,28,27,28,30,31,32,33,33,31,32,34,37,38,38,37,34,31,29,31,32,32,30,31,29,27,28,29,32,31,32,30,30,28,29,28,27,23,22,20,17,15,17,16,12,11,12,11,9,9,10,10,8,6,6,8,6,4,3,2,3,3,2,1,0,0,,1992,230,405,767,347,171,72
721,Sudbury Town,Nov-17, ,0,0,0,0,0,0,0,0,0,0,0,0,3,7,11,18,27,33,35,41,45,40,34,35,39,38,34,34,37,35,33,31,30,30,31,31,31,30,32,34,35,35,35,34,34,34,32,30,28,26,24,24,26,26,24,24,28,30,27,27,32,35,34,31,29,27,25,23,23,21,18,16,16,15,13,12,11,8,8,10,10,8,6,6,8,8,6,4,4,3,2,1,1,0,0,0,,1916,175,435,720,348,171,67
723,Swiss Cottage,Nov-17, ,0,0,0,0,0,0,0,0,0,0,0,0,5,5,6,8,11,16,20,30,39,46,44,45,58,77,81,79,90,113,123,129,134,146,145,145,147,154,155,157,161,163,166,190,206,197,171,160,156,155,150,141,146,151,140,132,140,150,144,177,203,196,151,138,144,149,153,149,141,125,111,104,102,92,76,61,53,65,85,81,64,58,60,60,63,68,63,53,38,31,25,21,17,16,13,9,,8442,101,924,3768,1894,1096,659
724,Temple,Nov-17, ,0,0,0,0,0,0,0,0,0,0,0,0,0,2,2,2,2,3,5,6,6,6,7,7,7,8,9,12,13,14,16,19,22,26,28,31,33,37,38,56,67,69,66,86,95,88,77,81,87,89,89,88,92,97,108,118,126,128,127,132,156,166,155,133,121,110,100,101,100,91,71,60,58,64,58,54,52,52,56,61,110,145,138,86,69,76,81,77,63,41,17,2,0,0,0,0,,5051,22,124,1668,1555,777,905
725,Theydon Bois,Nov-17, ,0,0,0,0,0,0,0,0,0,0,0,0,2,2,1,3,4,5,7,9,8,5,6,8,10,11,13,15,15,16,16,17,19,20,20,22,23,25,24,23,23,23,23,24,26,24,23,25,27,26,21,19,18,20,20,26,32,34,33,33,32,30,25,22,21,21,17,15,14,11,10,12,14,13,9,7,8,9,8,7,7,7,6,6,5,5,5,4,3,3,3,2,0,0,0,0,,1210,33,140,544,315,122,56
726,Tooting Bec,Nov-17, ,0,0,0,0,0,0,0,0,0,0,0,0,7,8,11,15,21,28,38,53,65,70,67,80,97,109,110,120,138,150,155,150,161,171,175,175,187,197,197,200,217,227,223,208,206,205,199,180,179,175,170,152,151,144,138,131,134,137,133,129,133,144,149,148,156,161,158,153,155,157,149,137,122,109,98,92,85,79,70,68,65,66,58,57,58,61,59,54,47,37,33,27,22,18,16,13,,9607,181,1311,4368,1735,1321,691
727,Tooting Broadway,Nov-17, ,0,0,0,0,0,0,0,0,0,0,0,0,19,34,48,65,86,121,146,173,188,189,164,169,209,237,229,229,253,269,264,259,278,297,305,311,331,349,350,346,366,389,391,382,388,392,383,365,353,346,338,330,329,329,309,298,307,316,309,308,312,314,312,316,318,326,312,298,279,271,261,261,249,223,187,167,159,160,149,144,143,144,138,132,136,134,120,105,104,101,83,66,55,53,40,27,,19445,692,2659,8255,3748,2510,1581
728,Tottenham Court Road,Nov-17, ,0,0,0,0,0,0,0,0,0,0,0,0,42,38,35,33,28,27,30,40,44,51,54,59,61,65,64,73,89,115,130,148,172,202,213,228,265,310,338,371,406,447,494,570,632,673,705,727,750,779,834,902,976,1029,1053,1119,1179,1218,1208,1243,1492,1629,1568,1375,1371,1344,1263,1173,1130,1087,991,898,880,873,835,804,803,773,711,782,1346,1591,1368,927,937,931,875,792,706,631,537,465,426,427,317,178,,54505,273,953,14195,16063,10567,12454
729,Tottenham Hale,Nov-17, ,0,0,0,0,0,0,0,0,0,0,0,0,18,27,36,43,61,77,93,115,126,111,91,91,109,124,123,116,129,146,142,132,134,146,151,157,165,173,167,157,160,175,177,175,181,190,184,174,174,180,181,174,175,178,170,166,168,172,170,175,181,182,175,169,168,176,179,171,157,144,131,126,132,132,110,84,76,76,68,59,64,66,61,53,53,48,41,34,28,21,16,14,13,10,8,6,,9891,470,1440,4064,2086,1295,536
730,Totteridge & Whetstone,Nov-17, ,0,0,0,0,0,0,0,0,0,0,0,0,1,3,5,7,11,14,16,18,21,22,22,25,30,36,37,44,46,44,38,39,43,48,47,44,48,52,51,49,52,49,46,50,57,57,49,45,42,40,37,37,38,36,35,34,35,38,37,39,40,43,39,40,42,47,44,39,34,35,35,32,28,28,27,27,24,26,24,23,20,21,19,17,14,12,12,10,7,5,5,3,2,2,2,2,,2544,75,404,1086,483,343,153
731,Tower Hill,Nov-17, ,0,0,0,0,0,0,0,0,0,0,0,0,0,15,15,18,34,49,68,77,114,115,113,86,105,113,134,152,202,251,296,317,349,390,424,448,467,472,469,479,503,511,520,512,514,518,531,518,517,517,528,537,552,571,580,606,632,672,686,702,688,670,635,618,604,603,578,514,443,386,353,322,296,265,234,216,13,12,12,13,13,13,15,15,14,11,9,9,10,7,4,1,0,0,0,0,,24595,276,1998,12033,7602,2565,121
733,Tufnell Park,Nov-17, ,0,0,0,0,0,0,0,0,0,0,0,0,1,3,4,7,9,12,14,20,27,32,32,35,42,48,51,57,74,85,86,83,87,94,95,92,92,105,110,107,107,110,114,109,109,106,107,101,97,94,86,81,81,80,76,74,72,75,73,72,77,86,87,83,88,91,91,83,73,69,65,59,54,51,44,42,43,40,34,40,59,71,71,71,71,60,45,33,27,23,19,15,12,11,9,9,,5234,70,652,2314,978,614,606
734,Turnham Green,Nov-17, ,0,0,0,0,0,0,0,0,0,0,0,0,5,7,11,12,15,18,20,24,30,36,37,41,50,60,64,70,80,88,90,91,102,112,112,115,129,135,133,142,154,151,145,151,160,153,147,139,134,127,120,115,115,116,110,109,112,109,103,107,115,120,115,125,135,139,124,108,93,82,72,62,57,51,44,43,49,49,43,43,48,44,42,47,53,53,46,41,35,30,20,14,11,9,6,5,,6579,112,737,3126,1412,688,504
735,Turnpike Lane,Nov-17, ,0,0,0,0,0,0,0,0,0,0,0,0,28,42,57,83,122,144,175,228,256,219,173,164,187,201,198,204,232,254,235,213,224,245,242,233,251,268,265,239,241,247,243,231,241,246,236,235,236,238,219,212,216,228,216,208,217,223,208,193,195,199,194,188,200,208,201,187,179,169,150,139,131,123,107,97,100,103,92,82,80,80,77,78,75,67,62,55,45,34,31,28,24,22,16,10,,13744,879,2536,5660,2413,1472,784
736,Upminster,Aut-05,A,0,0,0,0,0,0,0,0,0,0,0,0,2,6,10,28,34,33,32,40,37,50,59,67,81,103,99,96,102,90,89,117,156,160,164,179,185,162,150,143,183,179,177,140,137,131,131,99,68,79,87,96,90,85,61,73,68,75,72,89,97,107,89,91,70,46,16,36,46,50,45,43,36,34,23,17,15,25,41,43,31,16,15,21,22,20,15,17,13,8,3,0,0,0,0,0,,5745,185,990,3115,856,418,181
737,Upminster Bridge,Nov-17, ,0,0,0,0,0,0,0,0,0,0,0,0,2,3,3,5,5,7,8,9,7,8,10,13,14,15,15,16,16,17,15,15,16,17,15,16,15,15,15,17,16,16,18,20,19,19,16,13,8,8,9,10,9,8,7,9,11,12,10,11,13,13,11,10,10,10,10,10,8,6,6,6,5,4,3,4,3,4,4,6,5,4,2,3,3,4,3,3,0,0,0,0,0,0,0,0,,751,42,161,331,131,59,27
738,Upney,Nov-17, ,0,0,0,0,0,0,0,0,0,0,0,0,15,14,20,34,52,62,68,68,58,44,37,40,40,41,38,44,49,49,42,41,46,52,55,55,56,56,51,49,51,53,53,51,53,51,51,51,52,47,43,40,40,40,39,39,43,47,44,40,40,44,42,40,39,37,32,30,28,26,23,21,18,17,16,15,13,12,11,11,12,12,10,7,7,6,5,3,2,1,1,0,0,0,0,0,,2785,333,523,1174,478,211,66
739,Upton Park,Nov-17, ,0,0,0,0,0,0,0,0,0,0,0,0,39,43,69,106,158,207,255,282,283,240,184,166,183,187,180,179,190,195,187,175,165,166,167,171,181,185,183,181,190,193,190,189,189,192,189,201,207,206,197,200,203,198,186,179,184,186,179,173,178,181,173,173,171,165,149,141,139,136,125,109,98,84,70,63,62,58,54,53,54,48,38,30,31,30,25,15,8,4,2,1,1,0,0,0,,11407,1159,2349,4508,2053,1051,287
740,Uxbridge,Nov-17, ,0,0,0,0,0,0,0,0,0,0,0,0,13,12,13,18,24,27,33,45,51,49,52,60,70,73,79,79,86,91,101,106,115,126,136,148,155,167,172,181,188,198,205,208,216,213,206,196,194,192,184,183,183,185,182,182,186,188,185,180,182,184,175,168,162,147,123,113,108,103,89,78,70,70,62,58,50,46,44,44,41,37,36,35,31,26,22,20,17,11,6,0,0,0,0,0,,8494,185,897,4315,1993,822,282
777,Vauxhall,Nov-17, ,0,0,0,0,0,0,0,0,0,0,0,0,67,73,73,86,110,133,143,172,215,245,237,237,262,317,347,355,398,455,483,464,473,480,504,499,537,559,585,552,581,605,636,681,753,730,654,578,570,540,540,514,545,536,527,476,506,506,522,484,519,516,578,624,655,646,652,664,639,584,528,470,440,361,324,275,274,243,232,209,212,217,220,217,226,216,206,187,168,130,99,79,74,73,53,32,,32387,857,4015,13655,6872,4579,2409
741,Victoria,Nov-17, ,0,0,0,0,0,0,0,0,0,0,0,0,46,52,51,59,114,210,240,276,390,587,634,650,661,815,892,985,1039,1227,1328,1398,1435,1502,1531,1629,1678,1763,1723,1739,1707,1803,1816,1875,1874,1904,1821,1747,1662,1642,1552,1552,1528,1541,1468,1490,1457,1498,1472,1482,1564,1708,1710,1630,1523,1481,1453,1475,1353,1251,1130,1077,978,941,849,808,767,761,718,668,846,1061,985,712,602,590,517,473,416,309,231,169,133,77,69,25,,88605,1048,10606,39982,18453,11301,7215
742,Walthamstow Central,Nov-17, ,0,0,0,0,0,0,0,0,0,0,0,0,40,37,38,51,77,111,131,154,157,141,105,102,119,127,115,113,130,139,129,120,130,137,137,141,156,166,160,155,163,168,169,164,172,172,170,161,164,164,158,151,151,147,137,138,143,147,138,141,144,148,140,135,133,134,123,114,109,105,94,87,83,82,75,67,58,56,55,54,53,56,54,51,50,51,44,36,29,28,24,28,30,34,23,15,,9038,639,1497,3731,1640,925,606
743,Wanstead,Nov-17, ,0,0,0,0,0,0,0,0,0,0,0,0,4,4,7,8,11,14,16,18,21,22,23,26,30,31,32,38,45,50,53,56,59,63,65,70,76,85,85,81,82,84,83,82,85,81,73,73,75,70,59,55,54,51,47,48,53,56,53,53,56,57,52,52,58,59,53,50,46,41,37,34,30,26,23,22,23,22,20,19,18,17,18,21,23,20,18,15,12,10,11,10,8,5,3,1,,3400,82,427,1686,652,343,210
745,Warren Street,Nov-17, ,0,0,0,0,0,0,0,0,0,0,0,0,11,12,12,14,19,25,22,26,36,42,37,39,57,80,91,85,81,91,100,106,110,127,138,141,134,141,157,166,171,189,201,211,218,228,222,226,230,236,228,227,242,262,271,289,308,315,307,314,325,330,314,315,319,321,304,296,275,255,227,208,201,213,218,203,170,155,146,159,173,191,178,162,155,158,148,131,110,92,76,71,71,73,51,27,,13816,141,845,4765,3768,2430,1867
746,Warwick Avenue,Nov-17, ,0,0,0,0,0,0,0,0,0,0,0,0,0,0,5,4,6,8,9,11,17,23,25,28,33,42,47,51,55,64,67,69,74,79,83,85,88,90,87,89,95,102,101,102,101,102,97,98,96,98,88,87,90,97,92,89,89,98,95,97,100,99,88,93,97,101,95,89,80,79,74,65,57,52,48,46,44,40,34,34,35,40,43,44,45,46,42,32,19,8,2,1,0,0,0,0,,4925,43,521,2210,1141,653,357
747,Waterloo,Nov-17,T,0,0,0,0,0,0,0,0,0,0,0,0,30,36,41,37,70,105,136,182,243,297,304,374,445,579,634,718,817,955,1002,1077,1146,1277,1305,1386,1415,1583,1606,1629,1652,1812,1819,1879,1944,2012,1871,1786,1639,1589,1510,1565,1531,1542,1487,1585,1625,1695,1697,1802,1870,1981,2008,2114,2133,2145,1913,1894,1799,1724,1525,1393,1247,1185,1044,964,881,829,744,803,860,910,835,786,713,727,686,627,518,423,314,239,183,169,115,69,,91841,637,7445,38570,22877,14138,8174
748,Watford,Nov-17, ,0,0,0,0,0,0,0,0,0,0,0,0,3,6,9,8,11,15,17,15,15,16,19,21,22,22,20,18,18,20,24,26,28,27,28,29,32,34,32,33,32,32,33,34,35,32,31,27,24,23,22,21,19,22,26,27,26,26,26,33,47,51,43,32,34,31,27,21,19,18,24,27,23,15,13,11,8,8,9,8,8,8,8,6,7,7,6,4,4,4,4,0,0,0,0,0,,1654,84,241,683,397,183,66
751,Wembley Central,Nov-17, ,0,0,0,0,0,0,0,0,0,0,0,0,7,22,35,47,60,88,102,110,114,106,90,84,92,92,91,90,96,93,90,86,95,96,100,99,106,107,106,110,116,120,118,122,133,136,133,137,144,138,133,128,125,116,118,123,130,129,130,140,153,147,140,146,155,147,140,135,120,113,108,100,87,84,79,71,65,61,55,49,42,36,30,49,66,59,30,20,16,10,5,0,0,1,0,1,,7503,471,1124,2859,1692,992,365
752,Wembley Park,Nov-17, ,0,0,0,0,0,0,0,0,0,0,0,0,24,38,65,88,122,160,190,215,220,204,169,157,187,213,210,202,231,255,253,242,242,256,268,265,295,320,321,303,326,337,329,351,382,372,325,305,321,341,328,303,310,327,310,320,348,339,309,416,545,579,492,428,387,368,344,292,303,366,373,337,299,276,216,248,267,237,166,148,144,148,180,580,841,695,253,125,107,81,53,34,31,27,18,11,,22413,902,2543,7557,4847,3236,3328
753,West Acton,Nov-17, ,0,0,0,0,0,0,0,0,0,0,0,0,4,5,5,5,7,8,9,12,17,17,18,19,24,28,27,27,33,37,37,35,35,32,32,35,41,44,42,38,39,52,61,60,54,52,46,43,45,47,42,38,40,39,34,32,37,40,36,33,41,45,39,30,32,33,29,27,26,28,23,20,17,16,13,11,11,12,10,8,7,9,9,7,6,6,4,3,4,5,4,3,3,2,2,1,,2089,55,319,1023,422,195,75
755,West Brompton,Nov-17, ,0,0,0,0,0,0,0,0,0,0,0,0,2,2,4,7,8,9,12,18,23,25,26,28,34,38,41,47,66,78,79,70,74,83,81,74,77,87,87,87,86,95,99,99,93,90,83,78,77,79,86,94,95,89,81,80,79,78,75,78,89,96,94,92,98,96,106,108,95,71,57,57,56,58,52,55,51,43,41,44,39,34,33,37,38,38,30,18,10,5,4,4,0,0,0,1,,4731,62,555,2054,1089,680,291
756,West Finchley,Nov-17, ,0,0,0,0,0,0,0,0,0,0,0,0,0,2,3,4,4,6,8,10,12,13,13,16,20,24,28,28,30,29,28,24,27,28,32,32,37,38,36,32,33,34,31,34,36,36,31,29,27,25,25,24,23,21,19,19,20,22,21,21,25,28,27,26,25,23,22,23,30,35,34,24,19,16,16,15,14,12,9,7,7,7,8,8,7,5,6,4,4,3,2,0,1,1,1,1,,1590,37,265,709,283,231,65
757,West Ham,Nov-17, ,0,0,0,0,0,0,0,0,0,0,0,0,13,16,20,29,41,52,55,69,74,75,61,60,62,71,69,71,78,86,80,76,78,83,83,85,91,98,99,100,100,99,94,95,101,103,97,89,87,89,92,100,102,95,80,81,89,97,92,86,90,98,97,92,90,91,90,88,78,74,78,78,62,50,43,40,35,34,35,37,39,38,34,28,29,31,30,24,20,15,11,7,6,5,4,3,,5447,295,863,2221,1100,644,324
758,West Hampstead,Nov-17, ,0,0,0,0,0,0,0,0,0,0,0,0,4,6,8,13,22,34,41,59,84,104,102,94,104,119,131,141,169,195,201,190,190,211,219,218,224,245,247,243,248,260,267,281,311,338,339,323,321,306,271,228,219,221,224,220,225,236,235,224,219,222,224,228,246,258,251,227,210,192,172,158,148,133,114,107,99,94,86,84,80,86,89,88,94,100,98,75,68,56,49,33,31,24,18,10,,13386,187,1634,6174,2795,1597,999
759,West Harrow,Nov-17, ,0,0,0,0,0,0,0,0,0,0,0,0,0,6,12,16,17,17,23,27,25,24,22,22,22,25,29,29,25,20,22,23,26,32,45,48,41,31,27,32,35,30,24,32,36,35,35,33,30,29,34,31,25,20,24,28,28,30,29,29,27,17,15,16,32,33,27,17,13,12,14,16,13,11,12,14,11,13,10,9,9,10,8,9,8,7,7,5,3,2,0,1,0,0,0,0,,1686,118,288,763,300,148,69
760,West Kensington,Nov-17, ,0,0,0,0,0,0,0,0,0,0,0,0,6,6,7,9,13,19,20,22,28,34,34,41,50,58,60,67,79,93,101,106,111,116,109,108,111,120,115,110,109,113,114,115,118,117,113,114,113,110,104,102,104,105,103,101,100,100,96,95,100,105,100,98,109,119,117,106,104,102,95,82,72,64,56,52,51,58,59,51,43,36,42,50,54,42,34,30,24,16,10,5,2,0,0,0,,5987,102,751,2655,1245,846,388
762,West Ruislip,Nov-17, ,0,0,0,0,0,0,0,0,0,0,0,0,2,5,7,5,11,9,14,11,11,12,14,16,19,24,26,32,41,35,40,50,57,44,42,45,48,49,50,49,46,44,45,51,58,73,70,72,68,55,40,32,26,28,29,24,22,24,27,29,31,31,29,31,37,34,28,22,22,18,16,23,24,17,11,11,17,8,10,7,9,9,9,8,6,6,5,2,1,0,0,0,0,0,0,0,,2113,64,320,1145,345,184,55
754,Westbourne Park,Nov-17, ,0,0,0,0,0,0,0,0,0,0,0,0,3,5,7,8,9,11,12,18,26,32,32,33,36,41,42,46,51,62,61,60,58,64,66,70,72,78,83,85,86,93,96,95,100,105,96,90,98,105,98,94,93,87,81,84,90,90,87,85,84,84,77,73,76,83,80,76,67,64,61,60,53,49,41,39,42,46,41,34,31,29,31,33,37,35,37,33,28,19,11,4,0,0,0,0,,4582,73,522,2077,985,597,328
761,Westminster,Nov-17, ,0,0,0,0,0,0,0,0,0,0,0,0,6,8,13,17,20,23,21,25,29,31,29,36,51,65,67,75,86,103,112,137,161,193,221,253,302,358,416,481,541,597,631,685,718,715,682,670,672,682,707,734,740,775,837,896,906,886,867,856,864,855,857,849,832,778,716,650,592,527,455,389,373,366,336,295,276,262,236,234,237,232,228,229,217,188,185,174,145,93,64,51,47,41,30,18,,31057,133,821,13667,9916,4341,2179
764,White City,Nov-17, ,0,0,0,0,0,0,0,0,0,0,0,0,7,10,12,15,16,22,28,39,47,51,48,48,53,60,61,60,71,78,74,66,69,70,69,65,77,92,99,96,107,134,148,173,177,163,129,121,122,122,119,120,129,146,146,164,170,162,138,206,237,214,147,153,154,152,141,130,127,118,111,106,108,98,82,73,74,72,62,55,57,63,63,59,53,44,35,27,20,16,16,14,10,10,9,7,,7316,149,717,2857,2004,1086,503
763,Whitechapel,Nov-17, ,0,0,0,0,0,0,0,0,0,0,0,0,4,8,11,17,23,32,34,42,49,58,55,57,78,101,115,115,118,126,139,139,143,150,157,153,165,173,178,181,196,202,211,228,249,255,239,237,243,239,222,232,253,259,246,258,266,266,252,265,275,271,252,242,233,233,219,216,210,205,179,179,194,210,196,174,146,127,119,117,118,112,107,105,108,112,110,104,81,51,23,12,0,0,0,0,,12479,171,1150,5069,2990,2056,1043
765,Willesden Green,Nov-17, ,0,0,0,0,0,0,0,0,0,0,0,0,15,19,26,36,52,67,77,91,113,124,115,104,129,151,154,155,194,216,207,196,210,216,207,197,211,222,212,194,206,216,208,197,213,223,212,200,202,201,181,170,181,183,165,154,162,167,156,150,153,164,159,151,153,160,163,156,151,145,137,125,113,106,93,81,76,79,72,67,67,68,62,56,56,52,43,35,32,29,23,18,17,15,12,8,,10754,383,1858,4781,1894,1245,593
766,Willesden Junction,Aut-07,A,0,0,0,0,0,0,0,0,0,0,0,1,2,5,6,9,13,17,16,49,101,142,107,76,64,88,79,63,68,79,75,54,55,81,93,89,67,82,85,85,80,98,105,85,101,123,122,87,86,86,74,81,92,93,87,78,90,85,94,85,94,82,79,86,95,87,63,62,64,69,66,69,68,60,51,46,42,44,48,52,41,31,28,31,31,26,27,25,13,1,0,0,0,0,0,0,,5164,118,996,2115,1002,679,254
767,Wimbledon,Aut-13,A,0,0,0,0,0,0,0,0,0,0,0,2,4,9,18,29,38,35,62,153,198,195,161,177,201,241,234,249,305,344,363,369,370,367,380,379,344,351,367,403,376,358,359,390,416,350,261,222,251,244,206,216,238,258,218,220,207,245,241,255,259,287,254,232,247,241,205,176,187,167,141,113,107,107,95,94,86,82,79,70,70,62,82,89,100,81,83,81,83,60,42,28,0,0,0,0,,15969,350,3037,7544,2849,1328,861
768,Wimbledon Park,Nov-17, ,0,0,0,0,0,0,0,0,0,0,0,0,0,2,2,5,8,9,7,9,12,15,15,19,25,30,30,33,38,43,44,45,49,50,48,51,57,59,60,62,62,61,62,65,67,64,65,67,71,63,53,41,41,39,37,40,44,45,42,46,44,42,37,35,33,33,31,32,34,34,32,33,33,31,25,19,16,16,14,12,12,13,13,16,21,25,23,17,11,6,3,0,0,0,0,0,,2648,42,349,1334,464,299,160
770,Wood Green,Nov-17, ,0,0,0,0,0,0,0,0,0,0,0,0,27,38,58,95,142,175,200,265,299,260,189,176,199,206,194,192,213,220,204,193,211,224,219,215,239,246,236,227,240,253,259,259,267,271,250,240,252,266,252,257,271,270,241,235,250,257,247,250,268,264,251,240,245,237,225,212,202,188,163,149,146,148,133,119,110,113,108,108,102,114,128,180,226,267,236,165,82,50,43,38,33,31,25,17,,15815,1000,2545,5900,2946,1687,1737
599,Wood Lane,Nov-17, ,0,0,0,0,0,0,0,0,0,0,0,0,2,2,3,5,6,9,12,15,20,28,30,26,23,24,24,26,27,31,34,35,32,34,36,38,36,44,49,50,50,60,65,69,71,72,70,72,71,68,73,81,91,93,94,102,110,112,103,161,218,211,145,117,119,113,106,95,91,87,82,78,74,62,55,54,60,52,44,44,46,39,32,25,21,15,13,10,9,5,3,2,0,0,0,0,,4516,54,328,1521,1610,783,220
769,Woodford,Nov-17, ,0,0,0,0,0,0,0,0,0,0,0,0,7,12,19,29,39,53,65,80,83,76,66,73,87,94,96,103,117,121,122,126,137,140,139,142,160,174,174,164,156,154,157,165,171,167,151,136,129,123,113,107,106,106,102,100,104,102,96,102,111,112,105,107,113,117,112,97,91,86,79,68,62,57,48,40,22,27,26,22,22,25,24,20,17,14,12,10,9,9,8,6,5,4,3,2,,6937,304,1164,3373,1278,628,190
771,Woodside Park,Nov-17, ,0,0,0,0,0,0,0,0,0,0,0,0,3,3,5,7,10,15,18,24,28,29,24,31,42,50,44,45,53,59,56,54,52,54,55,57,60,62,58,58,67,69,67,64,67,64,62,57,59,55,49,48,48,45,41,42,48,47,45,43,52,55,51,47,50,55,52,47,43,40,35,31,27,24,20,19,20,15,16,13,14,16,19,18,17,13,11,8,7,6,3,3,2,2,2,1,,2997,85,515,1360,592,303,142
,Total,,, 0 , 0 , 0 , 0 , 0 , 0 , 0 , 0 , 0 , 0 , 0 , 5 , 3173 , 4150 , 5554 , 7391 , 10030 , 12682 , 14913 , 17794 , 20141 , 20571 , 18907 , 19017 , 21590 , 24918 , 26126 , 27658 , 31637 , 35892 , 37109 , 37439 , 39727 , 42841 , 43917 , 44719 , 47132 , 50065 , 50865 , 51376 , 53482 , 56053 , 57147 , 58937 , 61195 , 61854 , 59574 , 58007 , 57740 , 57761 , 56259 , 56192 , 57603 , 59030 , 58320 , 59002 , 61194 , 63436 , 62882 , 64002 , 67367 , 69625 , 67379 , 65547 , 65411 , 64854 , 61534 , 58021 , 54713 , 51323 , 46861 , 43516 , 41142 , 38851 , 35316 , 33239 , 32244 , 31096 , 29308 , 29982 , 32975 , 34767 , 33358 , 31891 , 31482 , 30336 , 26957 , 23025 , 19293 , 15250 , 11409 , 8621 , 7533 , 7156 , 5298 , 3145 ,, 3256834 
