nlc, Station, Date, Note,0200-0215,0215-0230,0230-0245,0245-0300,0300-0315,0315-0330,0330-0345,0345-0400,0400-0415,0415-0430,0430-0445,0445-0500,0500-0515,0515-0530,0530-0545,0545-0600,0600-0615,0615-0630,0630-0645,0645-0700,0700-0715,0715-0730,0730-0745,0745-0800,0800-0815,0815-0830,0830-0845,0845-0900,0900-0915,0915-0930,0930-0945,0945-1000,1000-1015,1015-1030,1030-1045,1045-1100,1100-1115,1115-1130,1130-1145,1145-1200,1200-1215,1215-1230,1230-1245,1245-1300,1300-1315,1315-1330,1330-1345,1345-1400,1400-1415,1415-1430,1430-1445,1445-1500,1500-1515,1515-1530,1530-1545,1545-1600,1600-1615,1615-1630,1630-1645,1645-1700,1700-1715,1715-1730,1730-1745,1745-1800,1800-1815,1815-1830,1830-1845,1845-1900,1900-1915,1915-1930,1930-1945,1945-2000,2000-2015,2015-2030,2030-2045,2045-2100,2100-2115,2115-2130,2130-2145,2145-2200,2200-2215,2215-2230,2230-2245,2245-2300,2300-2315,2315-2330,2330-2345,2345-2400,0000-0015,0015-0030,0030-0045,0045-0100,0100-0115,0115-0130,0130-0145,0145-0200,, Total,Early,AM Peak,Inter peak,PM Peak,Evening,Late
500,Acton Town,Nov-17, ,0,0,0,0,0,0,0,0,0,0,0,0,10,11,12,15,18,20,27,34,49,62,69,59,46,43,44,49,47,47,48,54,52,52,51,53,57,65,66,69,75,76,77,86,92,89,90,91,89,89,93,93,91,98,102,105,97,105,110,122,116,123,130,134,133,130,133,132,129,118,113,116,110,99,93,88,87,86,95,92,96,91,95,91,98,97,97,89,81,74,72,75,67,59,45,34,,6617,147,617,1901,1465,1226,1261
502,Aldgate,Nov-17, ,0,0,0,0,0,0,0,0,0,0,0,0,4,4,3,5,9,13,26,37,45,46,52,44,37,31,39,46,50,54,64,66,67,71,83,82,81,79,85,87,87,83,87,90,94,90,93,96,97,88,95,97,103,95,100,94,100,94,101,98,113,111,119,124,138,139,133,122,113,107,101,101,105,96,88,79,77,73,83,77,68,59,67,66,67,68,73,58,42,29,17,4,0,0,0,0,,5909,101,574,2124,1392,1100,618
503,Aldgate East,Nov-17, ,0,0,0,0,0,0,0,0,0,0,0,0,0,4,5,7,9,17,28,37,47,63,71,65,52,49,62,81,92,101,126,142,130,125,150,166,157,156,178,195,189,183,201,212,211,211,232,233,225,224,233,235,229,227,227,224,223,243,258,262,252,269,288,298,313,326,334,326,308,290,281,277,252,239,231,214,191,184,181,173,168,171,177,174,170,166,163,154,152,151,121,71,31,0,0,0,,13893,107,951,4753,3392,2821,1869
505,Alperton,Nov-17, ,0,0,0,0,0,0,0,0,0,0,0,0,0,2,2,3,5,11,20,19,18,21,26,23,23,24,28,34,36,29,28,32,33,30,35,39,38,39,41,44,43,51,52,59,57,61,59,68,71,81,81,83,70,65,65,72,72,71,67,63,58,63,61,62,56,62,66,65,57,55,53,55,46,41,38,41,34,27,27,32,34,38,39,35,33,37,39,36,33,28,21,15,8,2,0,1,,3392,62,322,1337,766,506,399
506,Amersham,Nov-17, ,0,0,0,0,0,0,0,0,0,0,0,0,0,0,1,0,1,1,3,3,6,4,6,6,9,10,11,13,11,10,11,15,15,17,16,15,15,18,16,20,19,24,20,24,19,22,22,25,20,20,19,21,20,23,17,26,26,33,26,35,32,35,32,49,51,54,44,55,51,48,30,37,29,31,25,36,28,27,16,25,21,25,16,29,27,37,30,40,33,38,25,18,9,0,0,0,,1797,9,112,473,472,383,348
507,Angel,Nov-17, ,0,0,0,0,0,0,0,0,0,0,0,0,0,0,4,10,18,28,41,56,66,93,119,123,97,104,161,207,229,255,333,370,348,307,322,324,302,289,317,341,347,342,365,384,384,380,393,420,407,364,333,348,347,316,319,335,330,325,358,405,421,427,459,475,473,469,555,604,599,516,467,436,421,392,355,309,272,243,225,202,189,185,192,193,185,181,196,192,175,144,101,42,6,1,0,0,,22368,157,2157,8334,5301,4437,1982
508,Archway,Nov-17, ,0,0,0,0,0,0,0,0,0,0,0,0,8,6,5,7,10,11,17,25,41,48,60,56,49,44,55,58,56,57,66,68,66,69,77,81,79,80,87,90,90,94,102,111,113,116,120,124,124,126,129,126,125,133,138,143,144,155,164,165,167,181,197,200,191,193,210,211,202,194,193,175,161,150,138,132,127,123,120,125,124,130,142,155,147,140,138,130,129,112,104,74,62,49,46,33,,9023,89,658,2543,2178,1840,1715
509,Arnos Grove,Nov-17, ,0,0,0,0,0,0,0,0,0,0,0,0,6,6,6,4,6,9,15,22,28,32,35,34,28,25,28,33,34,34,32,31,30,31,33,34,36,37,43,45,45,46,53,62,67,65,65,69,70,70,75,89,89,85,86,94,93,98,102,111,115,119,119,132,132,124,115,113,104,94,93,93,92,77,74,74,73,61,66,70,63,60,67,80,81,79,60,58,62,59,54,51,41,27,24,23,,5100,74,374,1419,1373,971,889
510,Arsenal,Nov-17, ,0,0,0,0,0,0,0,0,0,0,0,0,3,1,1,1,1,2,3,4,4,6,8,10,9,10,12,15,16,18,23,27,31,32,33,36,37,39,40,43,39,39,41,43,42,42,47,51,49,45,47,53,54,54,55,56,57,58,65,66,63,60,69,70,67,66,70,67,58,52,51,52,48,41,38,37,40,39,38,35,36,36,48,52,51,40,45,44,38,32,32,29,20,12,12,15,,3071,16,158,1048,778,529,542
511,Baker Street,Nov-17, ,0,0,0,0,0,0,0,0,0,0,0,0,11,16,26,34,37,52,81,107,128,168,224,253,256,289,383,439,464,510,610,630,591,563,614,619,595,568,625,635,619,595,617,613,606,598,604,580,549,527,544,540,529,492,487,464,452,418,420,407,421,427,450,428,417,398,388,360,334,319,308,282,255,237,223,194,173,162,159,152,144,141,154,161,158,145,138,119,104,84,70,58,52,42,31,24,,27901,364,4354,13774,4986,2798,1625
512,Balham,Nov-17, ,0,0,0,0,0,0,0,0,0,0,0,0,8,8,8,7,14,23,35,46,63,75,89,85,79,81,103,110,111,111,126,133,135,137,154,164,172,178,195,199,208,208,211,212,225,234,235,231,228,228,229,236,235,239,256,269,261,280,303,314,298,319,324,340,324,332,331,329,314,307,284,260,251,241,222,205,198,192,192,182,181,197,209,228,234,235,219,209,196,183,165,118,88,78,66,39,,15581,149,1166,5018,3755,2848,2645
513,Bank & Monument,Nov-17,B,0,0,0,0,0,0,0,0,0,0,0,0,12,14,22,32,45,78,124,165,193,257,326,336,276,251,280,305,302,349,422,464,464,478,510,520,508,516,560,585,560,554,568,574,580,583,579,551,534,530,538,546,519,503,489,472,435,460,490,493,486,530,561,567,554,542,524,499,461,434,399,380,331,298,264,252,241,239,218,198,196,225,239,224,182,167,153,143,120,113,110,99,76,60,43,20,,29100,492,3761,12821,6141,3715,2170
501,Barbican,Nov-17, ,0,0,0,0,0,0,0,0,0,0,0,0,0,1,3,6,9,16,28,41,53,71,85,78,63,61,85,90,93,101,132,141,134,122,124,127,121,122,130,135,133,138,151,163,167,162,161,163,156,139,135,137,137,132,129,129,126,118,115,121,126,129,143,146,151,155,172,178,165,140,115,105,97,86,72,65,60,55,53,50,49,52,52,46,44,42,42,40,36,25,16,11,0,0,0,0,,7702,104,1053,3347,1680,1063,455
514,Barking,Nov-17, ,0,0,0,0,0,0,0,0,0,0,0,0,7,5,15,26,46,65,89,100,103,116,139,145,136,136,165,175,181,178,186,182,173,157,162,182,198,188,203,216,230,222,247,270,296,328,366,373,353,331,324,327,335,339,348,353,362,372,394,392,393,401,416,393,389,380,395,375,371,340,337,314,299,273,265,251,244,226,222,205,191,186,189,186,175,183,182,169,142,122,103,78,52,24,5,0,,18712,353,1842,6521,4662,3347,1987
515,Barkingside,Nov-17, ,0,0,0,0,0,0,0,0,0,0,0,0,0,3,2,2,1,1,2,2,4,5,6,8,9,8,7,9,10,12,9,8,8,8,7,8,9,10,9,10,12,14,15,15,16,22,29,31,27,23,23,27,30,28,28,27,29,32,32,31,32,30,31,35,38,32,29,29,29,28,24,25,23,23,19,21,21,20,19,18,17,17,18,17,17,16,17,16,16,13,13,7,5,5,8,7,,1403,13,95,436,380,270,209
516,Barons Court,Nov-17, ,0,0,0,0,0,0,0,0,0,0,0,0,7,5,4,8,9,11,13,16,20,31,42,45,45,45,47,47,52,61,68,70,67,65,67,73,75,74,75,73,68,65,70,78,81,89,91,92,90,90,88,85,89,92,96,95,97,101,106,110,114,119,128,127,122,120,120,114,109,100,91,81,80,79,81,77,71,73,75,74,73,84,93,91,82,84,84,82,74,75,63,59,56,52,34,22,,6051,73,573,1928,1378,991,1108
517,Bayswater,Nov-17, ,0,0,0,0,0,0,0,0,0,0,0,0,2,2,2,2,3,5,7,9,10,11,14,17,19,22,25,26,32,39,45,48,55,61,71,72,75,75,78,86,91,99,98,105,99,108,105,101,98,109,112,116,115,115,111,113,110,121,128,132,120,128,138,158,158,159,158,153,152,145,142,129,132,120,115,106,103,88,85,82,81,81,96,90,78,62,65,54,45,38,29,15,3,2,0,0,,6409,32,308,2268,1663,1399,739
518,Becontree,Nov-17, ,0,0,0,0,0,0,0,0,0,0,0,0,0,0,0,6,10,11,8,10,12,15,17,18,15,17,18,20,20,22,23,24,25,26,26,26,28,32,33,35,38,40,42,45,58,68,79,75,70,69,69,69,72,78,80,77,74,73,76,83,85,82,83,84,87,80,79,69,74,76,71,64,60,56,50,49,50,44,45,42,39,34,34,33,37,41,45,39,33,26,26,23,15,6,2,0,,3595,45,221,1260,955,681,433
519,Belsize Park,Nov-17, ,0,0,0,0,0,0,0,0,0,0,0,0,2,3,3,5,6,7,15,32,48,58,65,60,51,49,63,68,64,58,72,78,69,55,64,70,66,65,68,74,71,73,75,82,80,85,91,92,85,85,86,85,83,85,86,85,84,88,91,91,98,103,108,112,111,104,102,113,117,113,101,91,80,73,65,60,58,60,62,61,60,61,71,77,77,65,60,56,54,52,46,32,20,18,17,17,,5596,73,734,1860,1205,941,783
787,Bermondsey,Nov-17, ,0,0,0,0,0,0,0,0,0,0,0,0,7,15,21,27,31,46,59,71,84,98,100,85,76,75,89,89,83,80,101,114,114,114,123,134,140,146,163,177,184,188,198,204,213,222,226,217,216,205,211,215,220,206,210,214,210,214,226,237,232,228,247,249,252,239,253,247,239,218,205,195,179,170,165,158,137,131,135,135,126,138,153,156,151,154,150,142,129,115,102,83,73,57,52,43,,12536,277,1074,4460,2834,2067,1824
520,Bethnal Green,Nov-17, ,0,0,0,0,0,0,0,0,0,0,0,0,18,18,19,24,35,49,62,76,94,112,119,110,94,99,117,124,115,120,155,171,164,154,174,186,192,195,212,223,233,237,260,267,275,269,284,273,263,251,275,284,293,293,305,291,288,315,340,348,336,362,400,411,397,392,414,412,396,371,378,366,341,317,322,282,263,269,280,252,232,239,255,262,256,254,259,245,239,203,185,161,155,132,102,64,,19079,301,1430,5853,4415,3837,3243
521,Blackfriars,Nov-17, ,0,0,0,0,0,0,0,0,0,0,0,0,0,3,10,16,22,27,39,46,60,76,91,89,80,72,76,82,81,89,102,111,110,113,118,123,125,133,143,140,137,139,157,162,167,157,159,155,155,154,166,164,165,157,168,166,168,156,155,154,158,166,172,175,169,165,156,144,133,125,116,102,91,85,84,77,66,62,61,61,59,70,81,80,65,57,51,40,30,27,19,10,0,0,0,0,,8295,163,1009,3533,1938,1063,589
522,Blackhorse Road,Nov-17, ,0,0,0,0,0,0,0,0,0,0,0,0,12,12,11,9,14,22,28,29,32,37,42,38,32,31,38,42,40,41,46,49,46,49,57,63,62,66,71,76,78,85,99,109,120,135,146,143,133,130,139,156,159,159,160,162,162,175,184,190,197,202,216,222,222,212,219,209,190,174,167,160,151,158,153,144,130,131,127,123,117,125,135,140,136,148,156,143,127,101,96,95,94,62,47,46,,9194,137,468,2603,2410,1808,1768
524,Bond Street,Nov-17, ,0,0,0,0,0,0,0,0,0,0,0,0,9,14,35,56,67,109,186,228,235,280,385,414,403,413,502,520,520,577,738,788,741,730,860,922,906,900,1010,1073,1099,1125,1200,1199,1195,1207,1227,1166,1096,1078,1108,1130,1121,1117,1094,1036,961,907,886,864,832,806,804,774,712,664,641,596,532,474,427,380,331,281,245,208,179,158,151,132,117,116,125,113,93,81,80,74,63,50,42,38,30,26,16,12,,45840,704,5775,25340,9447,3498,1076
525,Borough,Nov-17, ,0,0,0,0,0,0,0,0,0,0,0,0,0,2,2,3,3,5,9,12,14,20,30,34,38,46,62,72,77,76,82,79,79,73,77,80,86,87,94,100,103,106,114,125,127,124,117,118,116,118,119,112,103,102,109,100,96,97,101,95,96,103,107,110,111,112,115,121,122,119,124,121,107,92,85,79,74,76,73,70,64,65,68,73,67,63,64,70,67,57,34,15,0,0,0,0,,6268,36,630,2489,1264,1142,707
526,Boston Manor,Nov-17, ,0,0,0,0,0,0,0,0,0,0,0,0,2,2,3,2,4,6,7,7,10,14,16,15,15,17,16,14,14,15,15,14,15,15,14,14,14,13,16,17,18,19,21,26,28,28,24,27,30,33,31,32,29,30,30,35,37,41,38,41,37,41,47,58,53,47,44,45,45,44,44,38,35,32,33,31,29,30,34,32,29,32,35,31,30,33,30,26,24,19,19,17,16,8,11,11,,2094,33,175,559,529,427,371
527,Bounds Green,Nov-17, ,0,0,0,0,0,0,0,0,0,0,0,0,7,7,7,8,6,8,14,20,22,29,33,34,31,31,36,39,39,39,39,37,35,37,41,45,44,47,50,58,59,67,75,83,86,91,97,102,99,97,99,106,106,113,117,128,124,131,136,152,161,165,166,171,184,172,169,159,152,135,129,125,114,109,98,94,94,92,94,90,90,89,94,110,120,119,101,97,99,92,78,65,47,31,29,33,,6878,77,409,1882,1890,1326,1294
528,Bow Road,Nov-17, ,0,0,0,0,0,0,0,0,0,0,0,0,1,2,3,5,8,11,15,20,22,25,25,23,17,20,29,39,46,49,49,47,46,45,44,49,53,57,58,63,62,61,61,66,67,75,83,84,81,83,87,87,88,88,88,92,101,106,105,108,111,115,114,118,122,125,126,122,117,117,112,108,98,102,92,95,86,94,86,87,82,88,94,105,109,109,106,105,105,94,80,52,32,0,0,0,,5852,65,391,1668,1373,1194,1161
529,Brent Cross,Nov-17, ,0,0,0,0,0,0,0,0,0,0,0,0,3,3,2,2,5,8,10,10,11,13,16,18,18,16,22,26,27,22,22,21,21,20,23,25,29,31,31,28,30,31,31,31,35,39,46,45,44,40,44,42,46,47,46,43,40,42,44,47,48,52,54,52,48,44,46,46,45,39,36,33,33,31,30,28,28,27,28,31,30,30,33,39,40,35,32,33,32,26,21,19,17,14,12,11,,2499,43,232,848,563,389,424
778,Brixton,Nov-17, ,0,0,0,0,0,0,0,0,0,0,0,0,41,37,38,42,41,53,78,107,152,199,204,167,136,146,186,198,188,187,223,241,239,234,258,288,293,296,322,342,359,385,434,448,482,505,542,533,515,527,547,557,557,580,612,628,637,668,741,769,763,798,854,892,926,953,980,970,947,909,919,906,838,763,724,705,666,614,571,550,566,588,624,637,651,647,663,643,619,561,431,375,310,334,212,140,,40211,437,2227,10483,9951,9112,8001
530,Bromley-by-Bow,Nov-15,A,0,0,0,0,0,0,0,0,0,0,0,0,3,6,8,10,11,14,18,23,23,25,27,24,15,12,14,16,18,25,28,28,24,23,23,27,27,29,29,30,25,31,36,39,35,39,42,43,38,43,42,41,41,50,50,47,47,55,55,57,59,68,71,71,74,80,84,79,79,78,76,64,57,54,54,52,50,50,48,45,45,51,56,58,54,51,50,52,53,49,43,29,17,0,0,0,,3317,93,255,854,800,707,608
531,Buckhurst Hill,Nov-17, ,0,0,0,0,0,0,0,0,0,0,0,0,1,2,0,0,2,3,5,7,8,11,15,14,12,11,14,15,14,11,14,16,16,14,17,18,18,17,18,22,24,26,25,25,27,29,33,29,29,30,38,42,42,37,34,34,38,43,39,38,45,52,51,55,53,51,42,46,42,40,34,35,37,33,31,29,27,24,23,23,21,23,24,29,32,34,31,27,23,24,23,19,17,15,10,7,,2109,20,155,644,553,378,359
532,Burnt Oak,Nov-17, ,0,0,0,0,0,0,0,0,0,0,0,0,5,4,4,3,5,8,9,11,17,20,23,23,22,20,22,23,26,27,29,30,32,32,32,32,36,38,43,44,46,46,53,60,76,89,110,115,105,83,85,85,84,84,93,95,91,91,93,100,94,96,97,100,94,91,90,85,81,75,72,69,67,63,58,53,52,48,44,44,47,46,48,54,55,51,48,45,45,43,40,34,26,20,17,17,,4413,49,282,1598,1122,726,636
534,Caledonian Road,Nov-17, ,0,0,0,0,0,0,0,0,0,0,0,0,4,5,10,12,14,16,26,31,35,37,41,46,42,40,37,36,36,40,48,47,45,43,49,48,47,49,57,57,55,57,65,67,68,74,82,82,78,77,82,85,83,83,85,88,84,89,92,98,96,106,118,127,125,127,126,125,121,114,104,111,110,96,87,87,85,81,84,83,82,81,92,90,86,78,80,76,74,71,63,46,32,26,28,29,,5719,118,485,1606,1313,1163,1034
535,Camden Town,Nov-17, ,0,0,0,0,0,0,0,0,0,0,0,0,13,14,12,18,32,50,62,81,106,126,134,119,109,120,167,184,217,266,370,460,527,574,665,728,740,769,834,891,921,929,943,980,1016,1002,999,994,963,947,949,958,938,898,868,848,836,793,784,742,712,710,735,708,704,688,684,641,637,578,563,544,539,487,446,428,405,368,336,328,322,326,339,355,354,343,340,325,291,247,208,157,117,95,64,31,,41851,282,2378,20881,8737,5659,3914
788,Canada Water,Nov-17, ,0,0,0,0,0,0,0,0,0,0,0,0,18,25,29,27,31,36,43,60,97,133,134,100,69,73,97,107,98,103,127,141,138,135,152,164,169,176,204,225,239,260,293,314,349,412,466,454,410,384,395,413,418,423,431,452,440,435,450,470,463,457,479,467,445,424,455,443,417,381,373,351,322,306,298,286,267,255,245,226,221,235,254,262,257,249,245,262,255,227,215,196,169,126,108,79,,21539,269,1279,7476,5428,3727,3360
852,Canary Wharf,Nov-17, ,0,0,0,0,0,0,0,0,0,0,0,0,25,38,56,68,78,141,228,305,364,403,391,325,256,236,274,284,268,293,380,398,375,367,421,442,452,460,528,555,566,559,606,609,607,619,651,636,622,619,638,646,640,630,656,679,668,663,701,719,726,717,754,775,785,756,775,768,711,642,622,609,561,517,471,429,406,402,383,352,342,376,417,459,465,452,414,350,288,238,202,169,125,114,95,81,,37893,939,3872,13583,8807,6105,4587
884,Canning Town,Nov-17, ,0,0,0,0,0,0,0,0,0,0,0,0,35,31,33,33,38,47,58,69,91,118,119,95,71,68,80,87,83,82,94,102,101,102,109,112,109,118,131,138,141,153,166,188,204,230,243,238,226,232,242,240,244,252,259,266,277,286,291,293,298,303,307,310,298,306,306,303,282,282,275,268,255,240,236,234,234,222,212,197,192,201,223,229,239,255,250,218,200,193,169,163,172,166,118,76,,15457,344,1090,4444,3578,2937,3064
536,Cannon Street,Nov-17, ,0,0,0,0,0,0,0,0,0,0,0,0,0,0,4,4,7,10,15,17,23,31,38,34,28,25,26,26,28,31,38,43,46,45,45,42,41,41,44,45,49,56,59,61,63,66,63,60,57,55,55,56,57,54,57,58,60,60,66,67,65,67,71,77,71,70,68,74,69,65,58,52,46,43,40,39,37,35,30,31,36,40,40,37,37,35,34,27,22,15,8,3,0,0,0,0,,3398,57,371,1275,816,545,334
537,Canons Park,Nov-17, ,0,0,0,0,0,0,0,0,0,0,0,0,2,3,3,2,3,6,8,10,10,13,16,16,14,16,18,22,19,24,24,26,20,23,21,27,27,38,42,55,48,44,33,42,44,54,56,65,59,66,60,57,42,46,42,48,48,54,49,66,86,102,91,84,68,69,63,65,57,60,69,81,72,56,41,41,38,40,33,36,35,35,32,40,48,47,43,38,33,26,26,22,15,14,12,10,,3259,37,218,1059,845,624,476
539,Chalfont & Latimer,Nov-17, ,0,0,0,0,0,0,0,0,0,0,0,0,0,0,0,0,0,0,0,1,1,3,3,3,3,4,5,5,4,5,3,7,11,16,15,14,13,12,13,13,10,8,9,10,12,16,16,15,14,12,11,11,15,18,18,20,23,25,24,26,24,25,26,34,33,35,27,32,31,29,24,21,15,13,17,18,14,10,9,11,13,12,10,14,16,18,16,18,15,14,9,7,3,2,0,0,,1082,1,46,322,334,212,167
540,Chalk Farm,Nov-17, ,0,0,0,0,0,0,0,0,0,0,0,0,2,2,2,4,4,8,12,15,18,28,43,44,34,26,41,50,55,59,76,85,84,76,75,80,83,87,94,104,100,101,104,108,105,110,112,111,106,109,114,117,113,119,122,119,113,120,129,133,131,133,136,146,153,160,159,156,155,161,166,156,142,131,119,105,90,81,79,76,73,72,78,82,76,75,75,74,58,58,47,34,17,20,16,10,,7056,49,559,2453,1669,1461,865
541,Chancery Lane,Nov-17, ,0,0,0,0,0,0,0,0,0,0,0,0,6,7,13,26,31,35,53,71,90,108,133,113,85,70,98,126,152,163,184,176,150,129,143,151,138,135,148,156,149,144,149,150,153,154,166,161,145,126,131,128,127,125,131,125,113,107,118,124,116,110,116,122,115,126,138,139,119,114,109,109,101,98,88,80,72,67,61,54,51,48,48,45,41,37,37,37,36,26,25,22,26,20,17,9,,8195,242,1498,3414,1444,1072,525
718,Charing Cross,Nov-17, ,0,0,0,0,0,0,0,0,0,0,0,0,8,8,11,16,23,35,53,67,67,76,98,105,92,93,115,128,148,182,241,267,280,287,328,351,347,360,405,439,440,450,459,477,466,496,528,569,519,476,430,420,386,405,414,428,408,412,421,447,450,486,523,528,491,493,506,506,469,405,339,293,264,243,228,196,171,154,143,132,143,162,168,154,143,140,140,124,101,84,68,52,39,34,23,12,,22288,221,1612,10160,5671,3037,1587
543,Chesham,Nov-17, ,0,0,0,0,0,0,0,0,0,0,0,0,0,0,0,1,1,0,2,1,4,3,6,5,7,3,7,5,8,5,9,6,10,6,11,8,14,9,14,8,14,7,14,9,16,9,17,10,17,11,16,7,14,9,15,10,19,12,20,11,20,11,23,14,26,11,27,16,29,13,24,9,19,10,19,8,18,9,15,5,14,10,15,6,13,9,17,11,18,10,17,10,14,6,6,0,,912,5,68,275,210,178,176
544,Chigwell,Nov-17, ,0,0,0,0,0,0,0,0,0,0,0,0,0,0,0,0,1,0,2,3,2,5,8,10,4,4,6,6,3,2,4,4,3,3,4,5,5,5,5,4,3,3,4,4,4,4,5,6,6,5,4,4,6,7,6,5,5,6,6,6,6,7,6,6,6,8,7,6,4,4,7,6,4,5,5,4,3,3,3,3,2,3,4,4,3,2,3,2,2,4,0,0,0,0,0,0,,329,6,58,110,75,51,29
545,Chiswick Park,Nov-17, ,0,0,0,0,0,0,0,0,0,0,0,0,0,0,3,2,2,2,6,9,15,22,26,22,21,22,27,25,23,18,23,23,22,18,22,24,26,26,27,25,27,26,28,27,32,31,33,29,32,30,31,26,29,30,31,30,32,36,34,38,39,43,39,44,46,44,44,44,41,31,31,33,38,33,29,23,22,21,24,21,20,17,20,21,22,19,18,20,21,21,18,15,9,2,0,0,,2026,24,267,662,483,347,243
546,Chorleywood,Nov-17, ,0,0,0,0,0,0,0,0,0,0,0,0,0,0,0,0,1,2,4,5,3,1,1,1,2,1,4,4,5,4,3,2,3,3,3,1,2,3,3,3,4,4,4,4,6,5,5,4,8,7,10,10,9,5,7,4,6,4,12,10,14,2,22,30,26,22,24,22,15,17,14,10,20,14,12,5,9,6,8,6,7,4,5,2,6,5,8,5,6,2,3,2,0,0,0,0,,545,12,31,117,194,136,55
547,Clapham Common,Nov-17, ,0,0,0,0,0,0,0,0,0,0,0,0,8,8,9,9,12,18,24,27,37,54,68,64,56,57,80,94,97,95,116,128,127,121,129,134,131,124,137,151,161,161,169,176,175,176,183,191,184,171,190,203,216,199,212,207,215,219,242,257,254,266,278,279,262,270,296,305,306,297,289,278,276,263,246,220,211,198,200,185,180,179,207,216,220,208,234,223,209,172,176,140,108,84,70,43,,13870,115,946,4028,3143,2969,2669
548,Clapham North,Nov-17, ,0,0,0,0,0,0,0,0,0,0,0,0,6,6,7,8,7,9,15,19,23,30,37,34,28,28,40,48,52,47,50,55,57,53,57,68,70,68,73,88,93,94,102,109,106,103,107,111,109,116,126,136,136,132,133,135,138,143,159,174,183,191,198,201,197,195,196,207,207,198,184,186,188,175,165,156,154,144,142,141,143,151,162,168,160,161,167,164,139,124,117,96,67,56,44,25,,9097,77,472,2382,2182,2040,1944
549,Clapham South,Nov-17, ,0,0,0,0,0,0,0,0,0,0,0,0,6,6,7,5,6,11,17,23,36,53,68,58,46,41,54,57,64,65,76,77,77,75,87,90,86,85,95,100,102,104,107,115,119,121,119,119,117,114,124,133,139,130,137,143,155,155,171,187,193,193,198,213,204,205,199,206,201,198,176,170,163,150,138,130,124,123,124,119,118,126,138,152,153,145,133,123,118,107,101,72,58,47,50,43,,9193,81,695,2638,2279,1816,1684
550,Cockfosters,Nov-17, ,0,0,0,0,0,0,0,0,0,0,0,0,2,2,2,2,3,3,5,7,12,19,24,21,15,15,18,20,21,21,23,25,26,22,21,24,25,26,27,33,30,28,29,35,34,34,37,40,36,35,37,39,44,49,51,43,40,42,48,51,48,47,51,57,63,65,61,58,54,47,38,42,43,43,38,38,32,29,27,32,30,28,24,35,45,45,42,34,30,24,21,15,14,14,9,7,,2576,26,234,805,631,463,417
551,Colindale,Nov-17, ,0,0,0,0,0,0,0,0,0,0,0,0,12,10,8,6,9,15,22,33,42,49,49,46,37,42,48,46,38,41,43,42,42,47,52,52,49,49,55,63,69,72,74,81,93,103,109,106,103,98,102,103,105,102,107,107,113,121,129,132,132,137,144,152,147,146,152,155,144,130,127,122,114,113,117,112,103,101,101,97,93,91,93,95,100,95,92,91,85,76,78,70,49,36,34,29,,6829,115,523,1943,1660,1381,1207
552,Colliers Wood,Nov-17, ,0,0,0,0,0,0,0,0,0,0,0,0,8,9,9,8,9,13,19,21,24,35,47,45,34,30,40,46,42,36,43,50,52,54,59,64,65,68,76,83,85,87,97,105,112,121,119,123,120,125,123,123,119,125,132,126,122,131,134,140,146,152,145,150,155,145,134,138,145,139,128,121,110,103,99,97,93,93,93,88,85,88,99,110,108,107,108,106,97,88,82,69,58,48,42,37,,7264,96,472,2363,1692,1309,1332
553,Covent Garden,Nov-17, ,0,0,0,0,0,0,0,0,0,0,0,0,1,1,7,12,15,17,34,49,54,63,93,102,91,103,149,174,181,223,336,414,412,422,518,617,649,694,802,860,872,875,940,958,964,942,956,970,961,884,843,838,827,789,776,777,753,746,745,772,790,808,779,802,806,817,785,825,777,689,570,515,455,396,342,313,271,236,190,171,144,137,128,120,92,72,62,54,42,33,23,16,15,16,10,5,,36587,136,1983,19146,9428,4925,969
554,Croxley,Nov-17, ,0,0,0,0,0,0,0,0,0,0,0,0,0,0,0,0,1,1,3,3,4,4,5,4,3,3,4,5,5,4,4,4,4,6,4,5,5,6,6,7,8,7,7,9,10,9,10,11,11,9,9,10,10,11,12,14,14,12,14,16,19,21,24,24,23,25,23,20,18,17,15,15,17,15,14,13,12,12,12,11,8,9,10,10,11,17,21,21,17,15,12,11,0,0,0,0,,825,8,49,200,235,171,162
555,Dagenham East,Nov-17, ,0,0,0,0,0,0,0,0,0,0,0,0,0,1,1,4,4,6,6,10,13,18,20,20,18,16,15,17,18,19,19,19,20,19,19,19,23,23,28,32,37,37,38,39,43,47,49,58,65,62,58,56,55,50,52,51,47,52,55,62,61,61,58,56,60,57,56,54,58,58,50,50,49,46,38,42,37,35,30,37,31,32,26,29,25,28,33,33,27,19,19,14,11,6,4,0,,2770,32,212,980,679,530,337
556,Dagenham Heathway,Nov-17, ,0,0,0,0,0,0,0,0,0,0,0,0,0,4,2,9,11,18,17,26,32,39,41,41,43,45,53,58,61,63,64,62,61,60,61,67,73,71,70,72,76,75,77,86,103,108,110,124,137,128,113,111,115,120,119,116,113,123,123,134,137,135,124,128,133,124,120,110,110,107,107,101,98,89,83,84,85,75,64,65,62,59,52,56,54,59,67,59,47,36,35,25,18,14,0,0,,6157,87,602,2253,1504,1068,643
557,Debden,Nov-17, ,0,0,0,0,0,0,0,0,0,0,0,0,2,2,2,2,4,5,7,7,12,13,19,19,22,18,19,15,15,16,18,16,16,16,16,14,14,16,20,21,21,21,27,29,28,23,28,29,33,29,28,28,31,32,31,32,28,31,31,36,38,41,43,43,41,42,38,34,31,32,30,28,31,29,23,17,17,18,20,20,22,22,23,20,22,27,28,27,25,20,15,13,9,4,1,0,,1836,31,202,583,446,296,278
558,Dollis Hill,Nov-17, ,0,0,0,0,0,0,0,0,0,0,0,0,4,4,5,6,7,8,11,15,16,19,23,23,20,22,26,24,20,17,21,23,26,26,29,30,30,31,36,40,43,43,46,48,59,65,67,62,63,61,63,62,64,70,78,78,78,79,80,81,88,94,97,97,95,96,101,103,93,85,80,78,73,68,65,65,64,59,54,52,57,61,60,60,60,64,61,61,56,58,50,37,31,26,26,25,,4252,60,254,1220,1089,836,793
560,Ealing Broadway,Nov-17, ,0,0,0,0,0,0,0,0,0,0,0,0,27,16,15,20,26,24,37,60,82,96,111,119,120,116,123,133,145,140,145,152,155,137,145,155,169,167,178,197,203,212,227,230,258,295,327,305,302,274,267,274,294,301,308,292,291,327,369,345,363,371,395,393,410,404,381,380,343,338,319,332,296,266,242,257,224,192,186,225,207,210,202,224,208,223,209,196,177,170,165,147,137,93,78,88,,17762,225,1482,5672,4429,3220,2734
561,Ealing Common,Nov-17, ,0,0,0,0,0,0,0,0,0,0,0,0,0,2,3,3,5,7,10,11,17,28,36,32,29,28,34,38,40,33,27,27,29,29,28,30,31,34,34,34,38,44,45,45,48,51,54,56,52,50,52,53,47,49,51,51,51,57,62,63,60,65,73,78,76,71,77,74,74,64,66,62,60,50,50,54,49,43,40,40,37,45,50,47,46,46,44,38,40,39,33,23,14,7,0,0,,3413,41,369,1035,807,652,509
562,Earl's Court,Nov-17, ,0,0,0,0,0,0,0,0,0,0,0,0,18,15,16,27,49,73,104,138,168,223,273,257,193,171,198,196,177,182,227,243,242,242,272,285,296,298,311,304,286,288,318,331,326,326,346,347,354,355,367,366,364,358,374,380,397,388,427,430,463,455,497,485,488,468,476,467,468,460,449,424,404,371,353,333,329,304,306,287,311,332,385,370,330,280,272,262,224,192,163,146,121,106,70,35,,24212,440,2508,7736,5441,4488,3599
563,East Acton,Nov-17, ,0,0,0,0,0,0,0,0,0,0,0,0,5,6,7,6,6,9,16,25,33,45,45,37,27,26,26,24,24,27,30,27,25,24,26,28,29,29,32,36,37,41,48,53,54,56,58,60,57,55,55,59,57,59,68,70,65,63,66,68,69,72,77,79,76,75,79,78,81,83,77,63,62,60,62,54,52,50,52,48,50,55,58,57,54,51,53,58,54,51,51,38,28,28,32,27,,3923,80,371,1116,867,744,745
565,East Finchley,Nov-17, ,0,0,0,0,0,0,0,0,0,0,0,0,5,4,3,3,5,7,9,11,20,27,35,34,30,29,36,39,37,37,38,38,38,41,45,47,47,47,53,56,59,63,66,72,79,82,83,84,87,87,92,90,95,102,106,112,120,129,132,136,137,151,171,175,174,176,174,161,142,146,138,125,106,109,106,101,94,92,90,95,93,96,106,122,122,113,103,96,85,77,63,48,36,33,29,27,,6609,47,400,1733,1836,1344,1249
566,East Ham,Nov-17, ,0,0,0,0,0,0,0,0,0,0,0,0,2,2,8,14,20,23,33,41,50,66,85,87,75,74,89,105,109,111,114,125,123,114,115,132,146,152,166,178,188,199,222,257,271,316,355,377,319,295,284,300,293,315,331,330,328,343,369,351,335,348,367,362,336,339,335,327,306,299,296,288,263,235,227,220,190,172,174,166,142,136,147,156,159,167,167,170,150,136,102,85,46,18,0,0,,15768,143,1090,5778,4140,2836,1781
567,East Putney,Nov-17, ,0,0,0,0,0,0,0,0,0,0,0,0,0,0,1,2,2,3,6,15,28,35,40,40,37,32,38,38,37,35,38,38,42,47,54,55,55,55,65,66,73,72,84,83,91,91,100,93,90,86,101,98,107,94,109,103,120,115,129,122,128,151,166,157,139,137,134,118,115,114,131,113,100,89,90,75,75,80,81,70,71,74,83,84,89,81,77,62,68,70,64,39,29,0,0,0,,6019,29,436,1914,1616,1133,891
564,Eastcote,Nov-17, ,0,0,0,0,0,0,0,0,0,0,0,0,0,0,0,3,2,3,5,7,8,12,16,17,15,15,17,18,16,14,18,20,20,18,23,23,24,23,29,30,33,34,39,37,38,38,41,45,46,42,43,46,47,42,47,53,58,55,56,54,59,64,73,78,78,71,62,58,53,45,40,43,47,39,32,27,32,32,26,23,25,28,28,32,34,34,34,35,31,22,22,21,14,4,0,0,,2636,20,186,861,766,439,364
568,Edgware,Nov-17, ,0,0,0,0,0,0,0,0,0,0,0,0,7,6,6,6,7,10,15,21,26,29,27,26,27,31,36,38,39,38,38,40,46,45,46,47,52,52,56,60,63,67,69,72,78,88,97,99,94,86,84,82,78,82,90,99,97,97,104,111,107,108,118,118,114,109,111,110,105,99,94,85,74,73,72,71,64,61,58,63,61,63,68,75,76,70,65,64,63,56,48,46,41,30,26,29,,5309,78,395,1732,1304,919,881
774,Edgware Road (Bak),Nov-17, ,0,0,0,0,0,0,0,0,0,0,0,0,0,0,1,4,8,9,15,24,33,43,47,40,30,32,39,46,47,48,60,69,66,58,67,72,70,58,61,66,68,61,64,71,72,69,76,79,77,73,75,74,80,82,82,81,81,81,82,78,88,95,98,82,89,93,100,92,81,83,82,81,73,77,79,75,69,63,62,59,60,69,77,73,61,54,55,52,42,31,29,0,0,0,0,0,,4843,61,534,1702,1059,884,603
569,Edgware Road (Cir),Nov-17, ,0,0,0,0,0,0,0,0,0,0,0,0,0,4,5,8,10,12,18,24,32,36,44,43,40,38,55,67,70,72,89,95,92,92,105,107,99,94,101,113,114,111,115,127,129,123,120,115,113,109,112,119,123,114,117,117,111,108,115,115,111,123,130,131,119,113,117,122,112,105,102,89,78,77,83,74,68,64,65,61,60,58,60,59,59,50,52,48,39,30,35,31,18,0,0,0,,6435,81,681,2681,1415,978,599
570,Elephant & Castle,Nov-17, ,0,0,0,0,0,0,0,0,0,0,0,0,0,3,7,12,23,44,63,81,115,153,162,131,102,102,132,144,134,139,173,191,190,198,217,228,216,213,226,248,250,260,279,287,295,310,328,325,324,336,344,352,349,345,336,341,353,358,370,377,392,403,422,432,439,453,459,463,450,426,392,386,373,370,344,335,306,293,288,298,295,299,308,310,293,331,373,366,310,268,201,103,27,4,0,0,,21378,233,1678,6797,4921,4261,3488
571,Elm Park,Nov-17, ,0,0,0,0,0,0,0,0,0,0,0,0,0,0,0,3,3,3,5,7,9,14,16,17,14,14,14,15,14,17,21,23,23,23,21,20,24,28,28,30,32,31,34,36,37,37,41,45,53,48,47,46,49,58,64,61,50,56,56,62,60,62,63,67,70,74,70,63,58,55,50,54,56,54,46,45,41,37,33,37,37,32,29,29,38,44,49,41,38,32,29,19,16,11,8,0,,2896,21,188,916,753,566,452
542,Embankment,Nov-17, ,0,0,0,0,0,0,0,0,0,0,0,0,5,4,11,22,28,43,63,74,80,107,131,123,100,105,133,152,164,212,266,300,295,331,384,430,439,481,538,556,548,566,595,608,609,641,658,662,603,547,523,524,515,494,502,508,506,512,542,563,557,575,592,594,580,572,573,580,542,451,362,313,283,258,228,201,176,163,147,136,134,147,147,138,119,108,100,88,68,57,52,43,27,21,13,7,,25955,250,1873,12557,6746,3260,1269
572,Epping,Nov-17, ,0,0,0,0,0,0,0,0,0,0,0,0,1,2,4,3,3,3,9,15,16,15,19,25,22,19,18,22,23,29,30,32,29,31,28,34,35,37,29,37,38,46,43,46,39,44,46,54,55,49,43,58,73,77,76,71,67,80,91,83,77,88,98,113,123,112,101,103,104,83,77,81,80,84,78,71,59,63,53,52,51,52,49,64,65,70,69,78,65,60,50,40,27,27,0,0,,4216,40,270,1118,1136,885,767
574,Euston,Nov-17, ,0,0,0,0,0,0,0,0,0,0,0,0,26,36,59,95,123,191,291,386,416,467,525,572,621,724,817,821,811,857,928,921,885,878,895,856,817,814,832,824,814,812,810,790,778,800,795,749,677,691,722,759,753,759,776,788,802,823,840,859,924,1062,1192,1214,1139,1053,988,925,863,778,713,682,642,568,522,482,455,414,368,315,339,411,470,443,389,365,362,325,229,138,87,85,77,68,52,35,,51259,1207,8480,19074,11821,6802,3875
575,Euston Square,Nov-17, ,0,0,0,0,0,0,0,0,0,0,0,0,0,5,11,17,20,35,49,69,84,109,113,114,108,123,140,151,151,176,203,205,182,177,178,180,172,175,172,175,166,167,169,169,169,168,172,168,158,147,146,148,144,139,131,130,126,127,124,126,132,158,173,166,151,144,138,123,113,101,102,100,95,80,69,65,61,54,47,45,44,42,38,37,42,45,43,36,28,19,15,8,3,0,0,0,,8805,206,1677,3902,1688,932,400
576,Fairlop,Nov-17, ,0,0,0,0,0,0,0,0,0,0,0,0,0,0,1,0,0,2,2,2,3,4,6,7,7,7,8,12,14,13,10,15,15,13,9,12,13,15,13,15,23,27,33,35,38,33,31,27,23,21,23,22,21,20,21,23,23,22,20,23,22,24,28,30,26,23,25,25,25,20,21,25,24,18,13,15,15,14,12,12,12,11,13,12,13,13,14,13,13,10,9,5,3,4,5,4,,1298,7,106,526,291,214,154
577,Farringdon,Nov-17, ,0,0,0,0,0,0,0,0,0,0,0,0,2,4,11,15,18,21,38,60,81,96,113,102,84,77,95,100,103,115,147,151,135,125,147,152,141,140,165,174,164,155,159,160,158,156,165,167,151,139,142,141,129,123,126,125,121,115,121,130,137,138,148,156,164,167,181,191,193,180,172,169,157,135,125,119,106,89,81,73,74,73,72,70,71,72,72,66,57,55,43,23,0,0,0,0,,9088,169,1264,3539,1769,1599,748
578,Finchley Central,Nov-17, ,0,0,0,0,0,0,0,0,0,0,0,0,4,3,3,3,4,6,12,17,19,18,21,27,29,35,37,36,34,43,54,61,55,44,41,47,49,55,47,54,64,69,63,71,75,67,75,87,101,98,81,74,86,85,101,107,111,109,127,135,136,129,152,176,166,139,164,151,130,109,136,130,124,104,95,95,85,87,92,100,115,131,135,115,97,96,97,95,86,78,69,49,27,22,23,22,,6401,52,414,1696,1695,1287,1257
579,Finchley Road,Nov-17, ,0,0,0,0,0,0,0,0,0,0,0,0,6,6,10,14,15,20,32,48,60,73,80,69,59,63,87,92,85,80,97,106,102,96,104,109,101,97,111,122,127,129,135,139,145,151,159,155,148,151,155,155,154,159,167,175,176,176,195,211,224,233,241,232,218,208,199,192,184,177,173,159,143,126,116,105,96,94,91,87,83,83,86,90,93,88,87,82,76,63,55,43,34,27,25,24,,9443,151,951,3246,2505,1551,1039
580,Finsbury Park,Nov-17, ,0,0,0,0,0,0,0,0,0,0,0,0,27,28,31,35,36,45,60,78,110,141,157,139,133,150,193,200,204,212,254,262,252,243,262,273,274,283,322,354,376,377,421,445,477,483,515,518,506,514,547,541,539,518,549,522,542,515,571,577,597,608,676,683,648,627,668,675,642,580,566,547,514,447,420,405,392,370,357,350,374,391,404,401,415,412,416,387,340,300,272,232,162,160,143,118,,30510,340,2155,10111,7387,5590,4927
581,Fulham Broadway,Nov-17, ,0,0,0,0,0,0,0,0,0,0,0,0,1,2,2,4,7,11,16,29,45,71,84,86,71,80,91,106,96,123,146,150,118,135,137,140,120,140,163,171,158,157,162,159,148,167,170,177,169,172,173,185,175,176,170,180,160,174,176,200,208,236,218,213,206,221,201,203,192,201,179,189,159,156,124,132,117,109,96,99,91,95,103,107,94,90,76,72,62,47,37,26,13,0,0,0,,10125,72,1149,3822,2416,1753,913
582,Gants Hill,Nov-17, ,0,0,0,0,0,0,0,0,0,0,0,0,10,7,7,11,9,10,11,16,22,29,34,36,33,31,34,34,38,40,46,49,51,47,48,45,47,46,51,54,58,62,72,75,80,93,114,115,116,110,115,114,122,123,125,120,123,140,141,153,154,161,158,177,181,171,157,150,147,152,145,136,126,127,118,103,95,95,115,114,100,86,87,89,85,95,90,93,75,78,62,51,23,30,36,42,,6971,81,426,2003,1866,1473,1122
583,Gloucester Road,Nov-17, ,0,0,0,0,0,0,0,0,0,0,0,0,7,5,12,21,29,40,66,82,86,108,143,147,125,124,153,164,149,153,181,184,159,143,160,171,173,168,181,195,199,199,204,211,212,218,228,235,233,239,247,260,269,283,299,301,282,268,283,300,314,322,333,335,334,321,323,311,297,277,260,244,220,215,199,197,184,186,179,163,162,191,233,242,206,167,145,134,108,88,66,46,37,39,31,17,,15425,262,1717,5187,3726,2621,1912
584,Golders Green,Nov-17, ,0,0,0,0,0,0,0,0,0,0,0,0,9,8,9,11,16,22,29,35,49,71,86,77,64,62,72,70,66,67,76,78,76,74,77,76,74,77,86,90,91,93,99,106,110,118,126,121,112,116,125,122,120,120,121,125,135,142,149,153,160,165,176,183,180,170,167,172,170,157,148,137,131,123,121,112,105,100,100,98,102,112,122,127,129,132,126,119,116,102,87,75,67,53,42,35,,8432,139,838,2455,1952,1502,1546
585,Goldhawk Road,Nov-17, ,0,0,0,0,0,0,0,0,0,0,0,0,1,0,0,2,2,1,3,3,5,7,10,10,9,8,10,14,16,17,18,20,22,23,26,28,29,29,32,33,38,41,42,45,44,43,38,39,36,38,39,40,40,41,37,37,39,42,44,42,39,44,50,47,40,41,45,47,42,34,28,31,31,31,27,26,23,24,25,25,23,24,23,21,21,22,23,20,19,15,12,9,7,0,0,0,,2122,12,144,860,520,347,239
586,Goodge Street,Nov-17, ,0,0,0,0,0,0,0,0,0,0,0,0,2,1,2,4,8,11,20,31,38,47,57,57,49,52,74,90,95,106,131,132,112,100,112,111,109,105,115,117,125,124,130,131,133,127,127,125,121,118,118,114,106,102,108,107,100,99,100,98,93,100,103,113,113,106,104,112,119,110,100,92,87,80,68,56,45,39,35,32,30,29,28,29,26,23,19,19,15,14,11,10,9,8,8,8,,6194,79,928,2797,1241,863,286
587,Grange Hill,Nov-17, ,0,0,0,0,0,0,0,0,0,0,0,0,0,0,0,0,0,0,2,6,8,5,3,4,4,3,3,3,3,2,3,3,3,3,3,4,3,3,3,4,4,4,5,5,7,7,8,7,7,6,8,7,8,10,10,11,12,11,10,11,11,11,12,12,13,12,13,11,11,9,11,11,10,11,10,9,5,5,5,8,6,5,6,7,4,4,6,4,4,6,0,0,0,0,0,0,,488,8,44,140,139,105,52
588,Great Portland Street,Nov-17, ,0,0,0,0,0,0,0,0,0,0,0,0,1,2,4,7,10,14,22,36,52,71,77,70,58,63,83,92,84,80,85,82,74,77,84,81,73,70,80,80,79,77,86,86,86,83,86,80,80,75,77,73,73,72,73,67,62,61,62,65,73,79,80,82,81,80,78,78,77,75,75,76,69,61,56,54,46,42,42,42,41,40,41,40,39,39,38,31,24,17,13,8,3,0,0,0,,4835,96,897,1872,881,715,374
590,Green Park,Nov-17, ,0,0,0,0,0,0,0,0,0,0,0,0,27,50,90,106,114,158,224,270,308,409,498,478,379,381,472,520,530,610,732,773,761,806,904,927,881,882,941,977,972,973,993,1005,959,932,946,969,913,895,921,933,875,854,862,822,755,717,717,699,678,679,684,673,618,606,609,595,567,514,467,392,338,301,288,254,220,211,205,181,178,186,192,172,148,130,129,122,102,83,72,80,74,67,41,24,,42800,1039,6090,21903,8030,3938,1800
589,Greenford,Nov-17, ,0,0,0,0,0,0,0,0,0,0,0,0,0,3,6,8,12,15,18,21,31,33,34,30,29,22,25,27,27,23,31,34,32,23,24,27,35,36,40,43,45,43,43,52,59,78,83,93,87,85,75,90,92,92,94,109,101,100,99,100,98,114,118,112,103,102,103,105,91,80,84,87,72,62,67,71,63,52,48,54,57,50,53,50,60,54,58,48,50,41,36,30,29,0,0,0,,4611,83,346,1480,1255,831,616
591,Gunnersbury,Nov-17, ,0,0,0,0,0,0,0,0,0,0,0,0,0,0,0,0,2,11,18,30,42,61,56,46,41,51,50,45,35,34,31,35,33,35,33,36,35,35,36,44,45,47,46,54,50,55,58,63,57,58,54,55,49,54,49,56,52,54,49,59,64,72,74,87,77,78,72,76,65,69,67,61,52,51,48,44,38,31,30,30,35,34,40,49,48,44,43,46,38,27,17,6,5,0,0,0,,3557,61,527,1137,814,586,432
592,Hainault,Nov-17, ,0,0,0,0,0,0,0,0,0,0,0,0,6,5,4,2,3,5,8,10,12,22,25,24,17,17,14,18,18,18,17,21,23,22,22,22,23,25,24,25,27,30,28,34,41,54,64,63,55,60,69,71,67,63,64,71,74,70,73,75,78,82,80,79,78,82,81,80,80,70,66,59,59,58,58,55,53,48,50,46,44,38,42,45,49,53,52,48,42,43,36,29,24,29,22,10,,3553,43,223,1047,932,702,606
593,Hammersmith (Dis),Nov-17, ,0,0,0,0,0,0,0,0,0,0,0,0,17,17,23,38,59,84,124,181,243,348,386,328,252,262,309,299,279,289,335,341,328,325,332,331,332,341,394,408,405,405,447,469,474,485,496,517,522,502,470,435,430,437,468,471,458,460,489,545,578,612,636,637,668,692,688,654,664,661,592,511,441,392,348,315,305,293,300,286,290,307,340,333,306,316,321,293,232,196,170,145,107,96,69,45,,30229,543,3671,10224,7117,5108,3566
773,Hammersmith (H&C),Nov-17, ,0,0,0,0,0,0,0,0,0,0,0,0,0,0,8,9,12,17,25,33,43,65,74,68,67,72,81,84,93,87,102,110,119,114,111,122,127,143,144,169,178,185,176,186,195,189,199,212,197,190,193,204,196,197,195,198,201,214,217,223,239,259,243,215,223,229,224,197,193,179,158,135,123,116,103,99,85,82,77,83,76,78,74,71,66,72,70,69,58,50,40,34,18,6,0,0,,10088,104,946,4139,2684,1433,782
594,Hampstead,Nov-17, ,0,0,0,0,0,0,0,0,0,0,0,0,2,2,2,4,5,4,9,17,28,39,50,45,35,40,64,73,71,67,94,103,94,71,77,86,91,86,94,102,105,99,108,115,116,111,123,121,116,112,120,117,110,106,106,101,99,100,103,99,100,102,108,111,106,97,91,94,96,91,82,75,72,60,54,50,46,42,44,47,44,42,47,54,52,46,40,40,33,31,28,23,14,13,13,10,,5740,45,709,2487,1210,759,530
595,Hanger Lane,Nov-17, ,0,0,0,0,0,0,0,0,0,0,0,0,0,0,2,2,8,17,23,27,36,44,39,33,28,27,24,26,27,29,29,30,26,22,19,24,26,27,26,30,31,32,35,33,35,47,55,50,49,51,52,54,60,61,61,63,59,65,64,69,72,75,79,79,78,73,72,80,77,72,61,71,68,64,57,58,52,48,48,54,51,49,49,55,47,49,42,48,33,36,29,25,7,2,0,0,,3537,79,372,969,865,730,522
596,Harlesden,Nov-17, ,0,0,0,0,0,0,0,0,0,0,0,0,0,0,22,18,27,44,43,37,34,36,43,45,39,28,30,31,27,21,24,24,25,23,26,27,27,26,29,32,32,31,35,36,37,40,47,49,48,47,51,48,43,42,52,53,50,48,54,60,58,59,59,61,52,61,60,54,43,45,49,49,47,40,43,43,34,26,30,34,32,29,27,25,26,24,23,19,22,16,12,10,0,0,0,0,,2903,191,382,906,676,483,265
597,Harrow & Wealdstone,Nov-17, ,0,0,0,0,0,0,0,0,0,0,0,0,0,6,4,3,5,7,10,11,20,25,34,32,33,28,38,37,44,37,42,40,43,32,31,32,43,41,45,42,52,49,59,55,81,80,96,91,111,85,86,79,91,69,78,85,102,85,92,88,108,91,108,108,142,105,112,94,116,101,101,76,70,65,76,70,59,37,41,43,44,37,31,33,35,38,40,34,23,22,18,8,0,0,0,0,,4465,46,410,1556,1235,855,363
598,Harrow-on-the-Hill,Nov-17, ,0,0,0,0,0,0,0,0,0,0,0,0,0,3,10,15,16,20,28,40,46,55,61,63,61,80,99,106,98,106,117,126,118,122,124,140,139,157,167,182,179,185,193,207,217,234,249,258,243,221,226,237,229,214,210,215,216,230,223,231,232,247,241,234,212,205,196,190,179,184,179,167,149,151,149,132,116,111,115,114,100,106,117,119,114,125,132,122,99,87,82,68,41,0,0,0,,11531,132,1018,4666,2657,1746,1312
779,Hatton Cross,Nov-17, ,0,0,0,0,0,0,0,0,0,0,0,0,13,12,10,14,16,25,29,34,37,40,35,28,25,26,27,26,24,23,23,25,26,27,25,25,24,26,27,27,30,36,39,44,51,54,50,46,50,50,49,46,50,50,52,51,56,57,60,56,61,58,72,80,91,86,83,81,75,69,57,59,56,63,61,56,54,56,54,54,54,55,55,55,48,50,50,42,32,30,26,27,23,27,19,18,,3613,153,339,955,841,714,611
780,Heathrow Terminals 123,Nov-17, ,0,0,0,0,0,0,0,0,0,0,0,0,55,50,60,80,56,67,108,132,120,117,146,139,136,139,158,144,154,164,174,161,175,150,154,142,160,155,164,158,157,156,173,190,197,188,178,156,156,156,164,158,158,144,141,150,163,157,146,156,168,179,170,181,191,187,161,156,153,131,111,94,88,84,76,61,60,55,46,43,50,47,48,46,48,52,58,55,44,33,20,13,10,13,10,6,,9810,608,1752,3880,2015,1002,553
781,Heathrow Terminal 4,Nov-17, ,0,0,0,0,0,0,0,0,0,0,0,0,11,17,24,19,11,20,31,39,39,45,52,52,61,60,56,42,38,34,37,45,40,32,28,38,39,46,45,55,52,58,58,73,72,74,59,60,55,57,56,65,61,60,56,60,56,61,61,68,68,72,71,80,78,76,70,72,68,60,56,48,37,31,28,25,19,18,15,15,12,10,10,13,14,15,14,10,5,2,1,0,0,0,0,0,,3391,172,561,1299,833,420,106
783,Heathrow Terminal 5,Nov-17, ,0,0,0,0,0,0,0,0,0,0,0,0,50,49,64,66,53,50,69,75,66,68,76,75,68,73,85,82,81,81,82,81,80,78,75,76,86,86,85,90,95,103,112,127,118,130,123,118,99,95,93,91,97,91,88,86,94,82,65,81,88,87,71,80,75,73,64,65,55,53,53,47,40,38,34,26,24,22,17,17,19,15,11,9,12,12,10,9,7,5,4,3,2,2,2,2,,5191,476,918,2322,925,426,124
601,Hendon Central,Nov-17, ,0,0,0,0,0,0,0,0,0,0,0,0,9,9,7,6,8,15,22,28,36,43,48,41,35,39,53,53,49,47,53,54,57,53,54,53,54,50,56,56,59,61,67,74,79,90,96,101,93,91,96,94,90,91,99,104,108,111,113,119,119,119,129,136,135,132,139,143,132,122,115,118,113,113,111,104,98,92,91,89,91,93,97,108,112,111,97,99,98,92,73,61,45,35,35,39,,6560,104,551,1818,1503,1298,1286
602,High Barnet,Nov-17, ,0,0,0,0,0,0,0,0,0,0,0,0,4,4,3,2,3,5,7,8,13,18,23,23,22,20,19,19,19,18,20,22,23,21,20,22,25,26,29,32,34,31,36,36,37,39,47,49,46,43,46,49,48,50,53,56,56,63,68,69,71,75,90,92,90,82,83,83,81,71,67,66,63,59,61,56,49,43,46,46,49,47,54,56,62,61,55,48,51,52,47,40,34,24,21,24,,3525,36,236,898,922,708,725
605,High Street Kensington,Nov-17, ,0,0,0,0,0,0,0,0,0,0,0,0,0,1,4,15,25,34,48,52,50,67,108,118,103,99,129,157,155,150,193,234,243,230,244,251,267,272,298,309,313,311,306,323,332,338,325,327,321,323,317,313,307,291,282,285,274,249,251,261,239,229,225,244,225,214,201,196,182,168,152,142,133,129,113,105,89,91,89,83,76,75,88,90,74,61,57,57,48,48,42,26,12,9,0,0,,13917,179,1563,7128,2808,1476,763
603,Highbury & Islington,Nov-17, ,0,0,0,0,0,0,0,0,0,0,0,0,10,11,15,21,30,50,64,96,123,166,166,151,120,151,192,214,195,226,250,279,250,258,248,272,251,273,285,323,301,324,339,373,354,389,401,397,343,352,354,365,346,360,365,380,377,403,414,442,438,495,507,541,533,590,593,610,533,500,461,467,403,359,319,291,264,246,227,219,211,212,219,229,224,223,233,241,232,210,156,115,90,79,57,45,,23441,297,2233,7903,5943,4289,2776
604,Highgate,Nov-17, ,0,0,0,0,0,0,0,0,0,0,0,0,3,3,3,3,3,5,7,12,18,26,35,34,29,28,33,33,29,32,38,40,40,39,41,43,45,50,54,59,62,68,72,75,75,78,83,84,88,90,89,84,84,87,89,93,100,110,113,118,123,139,149,154,142,137,137,144,132,124,112,102,87,84,76,75,73,71,72,76,72,77,88,101,97,90,83,84,78,65,52,42,31,28,25,23,,5772,39,375,1672,1566,1084,1036
606,Hillingdon,Nov-17, ,0,0,0,0,0,0,0,0,0,0,0,0,0,0,0,2,1,2,3,8,11,14,15,16,12,10,11,13,11,10,12,14,13,13,13,15,14,14,16,18,18,17,17,20,20,20,19,21,20,21,20,22,24,25,25,27,30,30,30,30,31,40,47,58,56,52,44,41,35,31,27,28,30,33,29,24,20,20,21,20,16,15,17,21,19,25,32,33,25,20,16,11,7,4,2,0,,1687,16,149,452,489,318,263
607,Holborn,Nov-17, ,0,0,0,0,0,0,0,0,0,0,0,0,9,11,23,37,47,65,115,161,209,269,321,289,234,245,327,366,381,452,625,687,642,566,585,561,532,542,629,659,657,647,678,699,705,703,743,763,701,632,613,601,572,555,545,525,498,483,498,511,505,497,520,525,496,493,528,560,513,439,367,336,309,282,265,239,219,192,187,178,166,158,165,171,148,121,119,134,135,110,85,61,51,55,43,25,,31315,468,4405,15055,6114,3526,1747
608,Holland Park,Nov-17, ,0,0,0,0,0,0,0,0,0,0,0,0,2,1,4,8,10,9,12,18,33,65,85,77,49,38,42,44,41,37,56,67,64,53,61,61,53,47,58,64,64,63,68,68,66,67,69,68,66,66,72,80,78,74,76,74,66,63,62,62,66,76,75,71,64,62,58,57,54,48,47,43,38,31,30,27,25,26,27,27,26,34,38,37,34,38,31,24,23,25,18,16,15,15,11,11,,3879,64,634,1580,782,423,396
609,Holloway Road,Nov-17, ,0,0,0,0,0,0,0,0,0,0,0,0,6,5,5,6,5,5,11,16,22,29,38,37,32,36,48,55,55,62,72,74,69,72,86,97,89,79,82,90,86,82,87,93,95,95,97,95,92,94,101,106,105,101,110,116,117,117,129,137,135,133,144,142,139,139,150,147,141,125,121,126,129,111,108,109,110,102,102,96,87,85,96,98,95,78,80,82,88,76,68,49,35,28,27,25,,6944,59,560,2219,1629,1380,1097
610,Hornchurch,Nov-17, ,0,0,0,0,0,0,0,0,0,0,0,0,0,0,0,1,1,5,9,9,10,14,20,19,15,13,14,15,15,18,18,18,17,17,20,19,20,22,26,27,26,27,30,31,30,28,31,33,35,33,34,37,39,47,50,45,35,35,38,41,49,55,59,53,55,60,60,51,40,42,46,49,43,38,36,33,33,30,26,24,26,25,23,22,23,27,35,35,28,23,20,16,13,9,5,0,,2299,25,189,724,591,440,330
611,Hounslow Central,Nov-17, ,0,0,0,0,0,0,0,0,0,0,0,0,3,4,4,5,8,11,14,16,23,35,40,37,31,31,34,34,32,28,29,27,28,28,32,31,33,35,40,39,40,42,49,51,54,62,69,76,82,85,84,81,74,68,69,73,72,68,75,74,75,67,75,84,83,79,80,79,71,74,77,73,68,66,59,57,55,57,53,52,56,59,57,55,48,50,50,49,37,31,27,26,29,22,17,16,,4073,65,381,1325,911,762,629
612,Hounslow East,Nov-17, ,0,0,0,0,0,0,0,0,0,0,0,0,6,6,6,6,10,14,15,16,24,32,32,29,29,35,35,37,37,36,35,34,35,35,36,35,35,36,41,43,46,54,71,76,79,76,86,96,99,90,89,89,80,75,86,93,93,80,89,86,94,87,108,109,107,97,100,95,89,95,101,94,81,77,72,76,71,69,59,66,66,68,65,67,61,55,55,56,51,35,30,30,38,27,24,27,,4905,79,395,1581,1145,950,755
613,Hounslow West,Nov-17, ,0,0,0,0,0,0,0,0,0,0,0,0,4,6,6,7,9,15,17,18,19,23,27,24,23,28,36,42,40,32,27,29,30,29,27,25,24,29,34,35,35,40,42,46,48,54,60,60,72,78,79,64,63,61,64,64,62,60,68,70,72,68,78,84,93,91,86,81,81,87,87,86,78,73,68,68,66,67,66,64,76,78,80,68,63,59,60,53,38,36,31,30,26,24,19,20,,4160,82,350,1163,913,891,761
614,Hyde Park Corner,Nov-17, ,0,0,0,0,0,0,0,0,0,0,0,0,3,2,6,9,12,18,31,45,72,113,138,117,78,65,72,80,84,94,109,116,119,120,127,131,137,144,154,163,159,157,169,180,170,168,174,180,173,174,171,165,154,152,148,146,152,147,136,123,127,122,120,118,116,108,102,96,87,83,79,66,51,44,42,42,39,37,30,29,29,31,32,33,30,23,20,16,19,17,16,9,11,9,7,3,,7400,126,1138,3735,1467,629,305
615,Ickenham,Nov-17, ,0,0,0,0,0,0,0,0,0,0,0,0,0,0,0,4,2,1,2,3,3,4,5,5,3,4,5,6,6,6,7,9,11,10,10,12,13,12,12,13,14,16,17,17,18,18,17,15,17,17,17,17,18,17,19,21,22,19,20,23,27,28,33,42,43,36,29,27,26,22,18,18,21,20,17,15,12,12,12,12,10,10,10,12,14,15,16,15,14,12,9,6,4,2,0,0,,1146,12,63,368,349,205,149
616,Kennington,Nov-17, ,0,0,0,0,0,0,0,0,0,0,0,0,9,7,6,8,9,9,10,12,17,26,32,28,21,21,29,30,27,29,38,40,36,37,44,47,45,45,52,62,64,61,63,74,78,78,75,78,82,83,87,90,92,95,96,97,103,112,116,121,126,132,139,143,139,136,143,147,143,133,127,126,118,113,105,104,96,91,87,91,94,97,105,109,106,105,106,104,95,94,88,82,72,71,58,44,,6390,70,338,1661,1557,1334,1430
617,Kensal Green,Nov-17, ,0,0,0,0,0,0,0,0,0,0,0,0,0,0,0,1,2,2,5,7,14,17,20,16,14,14,19,20,17,15,18,19,17,19,20,25,25,28,29,31,27,29,35,39,36,36,39,43,42,40,43,44,41,34,38,46,48,47,49,50,49,50,65,70,63,56,58,62,57,55,53,56,51,46,50,49,40,34,40,41,33,33,38,46,41,39,35,40,35,29,17,13,0,0,0,0,,2664,17,203,806,667,572,399
618,Kensington (Olympia),Aut-11,A,0,0,0,0,0,0,0,0,0,0,0,0,0,0,0,0,0,1,4,8,9,9,15,20,11,8,19,37,20,25,75,77,50,86,195,205,132,147,240,313,299,0,0,413,20,158,305,411,175,162,218,359,191,134,144,262,150,104,92,145,62,48,83,133,72,49,45,58,20,23,28,30,10,17,23,25,6,11,14,12,20,27,27,16,26,24,20,14,0,0,0,0,0,0,0,0,,6391,13,325,4619,1041,219,174
619,Kentish Town,Nov-17, ,0,0,0,0,0,0,0,0,0,0,0,0,4,3,4,7,12,17,23,26,28,34,43,45,40,43,53,58,55,53,62,66,67,61,72,72,75,72,86,93,100,99,114,117,123,119,124,117,114,115,122,118,122,122,136,128,132,123,138,139,156,155,179,181,191,183,195,195,205,194,185,165,160,147,135,126,116,109,102,99,93,100,106,109,99,102,98,93,82,75,68,50,36,26,23,19,,8053,96,580,2488,1967,1743,1179
620,Kenton,Nov-17, ,0,0,0,0,0,0,0,0,0,0,0,0,0,1,1,3,4,7,9,14,16,20,23,21,21,25,26,23,20,21,19,17,18,20,17,17,21,24,19,18,23,27,24,24,35,45,43,44,48,51,37,36,38,48,38,39,43,46,35,39,48,48,36,44,54,47,35,40,48,44,32,32,35,37,28,28,28,28,18,18,18,17,15,15,16,18,20,15,11,9,6,0,0,0,0,0,,2096,39,252,754,515,376,160
621,Kew Gardens,Nov-17, ,0,0,0,0,0,0,0,0,0,0,0,0,0,0,1,1,2,6,10,14,21,30,40,45,39,33,32,35,33,38,54,68,74,76,87,100,108,104,113,141,149,144,131,146,129,120,122,133,128,114,109,95,94,86,80,68,74,72,75,74,79,83,93,97,95,96,97,89,72,63,55,44,38,39,41,34,33,27,30,26,33,32,33,34,45,42,37,34,31,23,15,10,10,0,0,0,,5058,34,468,2651,1024,502,379
622,Kilburn,Nov-17, ,0,0,0,0,0,0,0,0,0,0,0,0,13,13,13,18,22,30,41,49,52,55,54,50,41,41,48,54,51,53,65,69,69,68,75,76,77,79,86,91,94,97,109,117,123,133,142,143,138,141,144,147,150,151,157,161,160,165,181,200,200,208,218,220,209,204,206,192,190,190,194,177,169,162,162,153,136,128,128,131,128,137,148,154,152,156,159,161,147,135,107,107,84,81,53,45,,9837,199,633,2768,2363,1920,1954
623,Kilburn Park,Nov-17, ,0,0,0,0,0,0,0,0,0,0,0,0,1,1,2,4,6,8,9,12,14,18,25,27,27,24,32,35,37,30,33,34,38,37,43,46,51,51,51,49,49,51,54,56,57,60,63,60,58,58,63,65,67,64,64,67,73,73,73,74,75,88,96,93,78,81,86,89,86,84,84,80,73,65,65,65,61,58,57,55,51,54,64,65,63,57,58,52,51,41,30,17,0,0,0,0,,4116,43,336,1322,979,833,603
625,King's Cross St. Pancras,Nov-17, ,0,0,0,0,0,0,0,0,0,0,0,0,76,104,161,214,253,333,432,538,598,773,926,992,931,978,1102,1191,1239,1341,1557,1679,1664,1630,1698,1714,1652,1642,1684,1701,1666,1647,1693,1718,1668,1632,1707,1797,1729,1665,1702,1802,1783,1739,1740,1774,1794,1836,1887,1932,2047,2339,2535,2523,2360,2278,2193,2104,1972,1810,1764,1763,1715,1553,1424,1302,1223,1189,1174,1129,1156,1258,1380,1413,1268,1119,1037,944,713,545,454,337,231,186,139,69,,112360,2111,13307,40847,25828,18018,12249
624,Kingsbury,Nov-17, ,0,0,0,0,0,0,0,0,0,0,0,0,5,6,6,7,10,13,18,20,19,20,25,27,27,26,30,32,36,37,45,44,42,40,46,48,56,57,66,66,70,63,73,81,110,123,148,141,133,108,116,108,106,98,112,108,108,102,109,113,129,130,128,120,120,107,101,101,100,93,90,85,79,72,73,66,61,50,49,45,46,41,45,47,48,48,46,43,36,31,26,22,28,27,26,23,,5386,85,368,2119,1368,863,583
626,Knightsbridge,Nov-17, ,0,0,0,0,0,0,0,0,0,0,0,0,3,2,8,17,23,38,60,69,68,101,160,178,157,176,244,271,281,247,488,449,450,456,521,568,541,562,621,704,680,684,653,611,551,568,560,571,582,622,607,598,631,660,677,612,628,572,578,537,549,488,486,493,483,431,396,369,340,305,269,242,111,108,89,70,57,54,48,40,37,40,45,43,33,24,25,24,21,16,14,11,10,8,7,4,,25435,220,2820,14290,6010,1733,362
627,Ladbroke Grove,Nov-17, ,0,0,0,0,0,0,0,0,0,0,0,0,0,1,1,3,6,8,13,19,26,40,56,53,38,38,57,73,75,78,96,115,123,133,158,175,170,159,165,174,182,176,185,184,180,175,180,174,170,160,141,125,122,128,132,118,108,111,124,110,105,103,112,109,107,101,102,100,94,90,92,90,80,75,73,64,55,52,54,53,48,43,43,44,40,36,38,42,38,33,27,17,7,0,0,0,,7205,51,745,3789,1292,872,456
628,Lambeth North,Nov-17, ,0,0,0,0,0,0,0,0,0,0,0,0,0,1,1,1,3,5,8,10,11,14,22,26,24,24,35,41,43,48,70,82,83,70,79,79,80,74,83,82,80,75,79,81,85,84,86,88,86,85,84,87,83,82,82,82,79,83,79,72,67,74,76,76,72,72,71,72,68,66,64,63,61,59,57,54,53,55,58,54,56,64,68,62,52,47,40,31,31,31,22,5,0,0,0,0,,4542,29,440,1959,893,712,509
629,Lancaster Gate,Nov-17, ,0,0,0,0,0,0,0,0,0,0,0,0,6,4,6,10,16,22,36,47,43,53,71,75,56,56,66,67,59,61,72,76,70,66,71,80,82,85,91,93,93,92,95,98,104,110,107,116,112,119,123,135,131,129,134,126,121,119,130,136,137,148,156,161,159,159,151,157,153,137,118,112,103,92,89,85,88,86,88,88,97,110,125,117,100,86,87,81,72,55,47,39,38,32,29,21,,7473,147,755,2462,1734,1239,1136
630,Latimer Road,Nov-17, ,0,0,0,0,0,0,0,0,0,0,0,0,0,0,0,1,2,3,4,4,6,9,14,14,12,12,17,18,17,15,23,28,32,31,34,29,27,27,31,32,34,34,36,38,37,36,41,46,44,38,34,35,33,33,34,36,40,40,39,37,40,38,41,39,37,35,40,37,34,30,30,28,25,21,18,16,18,16,18,16,16,15,15,14,15,14,14,13,13,10,9,6,4,0,0,0,,1922,14,185,832,463,270,158
631,Leicester Square,Nov-17, ,0,0,0,0,0,0,0,0,0,0,0,0,9,12,26,33,36,47,92,129,153,156,173,160,140,146,215,263,293,364,526,631,658,696,870,952,937,999,1274,1416,1419,1455,1574,1632,1624,1621,1641,1625,1486,1345,1321,1299,1230,1204,1236,1216,1171,1191,1277,1353,1405,1519,1667,1745,1650,1583,1634,1749,1692,1536,1380,1261,1175,1062,950,848,769,698,616,593,551,535,500,465,404,355,323,291,237,187,144,138,114,104,70,40,,69316,384,3220,30730,17944,12580,4458
632,Leyton,Nov-17, ,0,0,0,0,0,0,0,0,0,0,0,0,20,18,15,20,29,35,38,44,56,72,83,80,72,83,104,109,100,95,105,113,108,105,107,122,128,132,147,162,174,189,214,225,254,296,324,318,314,311,302,275,262,270,277,271,279,299,308,316,326,328,328,327,323,312,318,315,311,300,294,265,251,250,244,212,185,187,201,203,191,176,178,186,183,198,209,220,193,182,136,124,96,98,74,76,,15780,219,1072,5287,3779,2903,2520
633,Leytonstone,Nov-17, ,0,0,0,0,0,0,0,0,0,0,0,0,11,12,13,16,19,27,30,39,42,52,56,53,46,50,61,61,61,66,83,86,83,78,87,93,95,101,112,121,124,134,148,150,169,188,206,198,197,190,196,188,200,208,225,215,225,229,246,256,261,260,265,277,268,260,255,257,251,246,235,219,218,214,214,188,161,157,162,157,142,149,157,156,162,163,175,152,134,114,109,94,83,75,66,59,,12061,167,717,3706,3059,2422,1990
634,Liverpool Street,Nov-17, ,0,0,0,0,0,0,0,0,0,0,0,0,47,53,70,98,115,161,236,293,353,413,452,389,324,308,364,395,488,531,617,652,613,612,699,757,767,745,812,869,891,866,932,969,984,960,987,978,1004,950,964,1015,1082,1051,1088,1089,1105,1117,1201,1181,1204,1222,1396,1422,1411,1318,1316,1277,1227,1186,1125,1117,1059,1003,877,793,677,681,635,578,597,618,624,601,595,594,566,467,342,256,205,187,154,144,89,52,,60262,1073,5286,21684,15170,10958,6091
635,London Bridge,Nov-17, ,0,0,0,0,0,0,0,0,0,0,0,0,17,30,47,70,103,152,230,298,331,345,384,382,364,398,524,615,661,718,845,908,923,974,1084,1163,1210,1260,1368,1477,1547,1537,1570,1584,1624,1640,1659,1609,1517,1460,1455,1449,1368,1351,1374,1375,1324,1317,1347,1324,1321,1361,1535,1549,1545,1409,1409,1361,1352,1214,1101,1039,958,869,780,724,661,637,616,620,623,673,727,767,775,763,717,629,530,410,277,188,138,109,65,36,,75800,947,6475,33578,16802,10571,7427
636,Loughton,Nov-17, ,0,0,0,0,0,0,0,0,0,0,0,0,4,3,3,2,5,7,7,9,12,13,20,23,24,21,24,25,26,24,27,29,29,29,32,32,31,37,38,42,42,45,44,46,48,55,53,49,51,52,54,58,68,62,62,61,67,64,61,62,71,81,87,92,88,86,77,75,67,63,59,63,59,52,45,48,48,44,37,42,42,40,33,45,46,58,49,54,43,50,40,32,39,34,32,32,,3635,40,268,1120,911,627,669
637,Maida Vale,Nov-17, ,0,0,0,0,0,0,0,0,0,0,0,0,0,1,1,2,3,4,4,7,10,17,32,38,30,18,23,27,31,33,37,34,30,27,31,33,34,33,37,40,42,40,42,44,44,45,51,55,51,48,46,47,48,49,49,54,57,61,61,63,64,75,80,78,75,76,70,70,71,69,64,62,60,53,52,52,48,43,43,41,41,44,47,45,45,46,47,43,40,34,24,15,0,0,0,0,,3331,22,330,1020,830,658,471
638,Manor House,Nov-17, ,0,0,0,0,0,0,0,0,0,0,0,0,9,8,7,7,10,15,25,31,38,47,48,41,31,32,38,43,43,44,50,53,57,61,67,69,71,69,76,82,90,91,104,110,118,121,128,133,131,132,131,136,138,147,156,156,150,159,177,182,186,194,213,198,207,207,221,219,222,202,185,193,191,189,175,157,147,145,153,136,139,138,159,155,157,165,173,171,155,151,130,95,65,43,46,54,,9598,112,508,2574,2313,2095,1996
639,Mansion House,Nov-17, ,0,0,0,0,0,0,0,0,0,0,0,0,0,0,1,1,1,4,9,14,16,23,28,26,21,20,23,24,25,30,37,44,44,46,49,52,50,47,53,54,53,52,55,60,61,59,56,58,56,58,57,58,57,54,53,52,49,47,50,45,35,34,39,46,48,47,44,47,43,38,32,30,25,24,25,24,20,17,16,14,11,14,16,16,12,11,10,11,8,6,4,3,0,0,0,0,,2602,30,317,1294,531,308,122
640,Marble Arch,Nov-17, ,0,0,0,0,0,0,0,0,0,0,0,0,10,11,15,29,43,58,79,94,115,152,206,192,154,144,184,192,172,171,205,229,229,249,282,294,274,278,300,324,317,324,352,371,351,322,333,346,347,319,305,297,294,289,296,299,291,284,280,284,280,290,297,285,266,251,247,230,229,213,187,162,142,133,123,117,106,107,102,96,89,97,104,100,87,74,64,54,53,46,40,35,36,31,23,14,,15796,339,2116,7392,3285,1717,947
641,Marylebone,Nov-17, ,0,0,0,0,0,0,0,0,0,0,0,0,0,0,0,11,16,26,41,45,52,72,99,109,120,136,161,174,198,218,240,234,239,234,251,245,246,234,250,240,239,222,230,231,242,242,246,230,219,212,217,220,240,241,241,244,261,277,280,266,277,309,354,327,318,297,295,252,240,231,233,222,224,218,221,187,168,163,182,183,187,208,234,218,187,159,154,114,65,24,21,0,0,0,0,0,,15163,139,1813,5655,3513,2472,1571
642,Mile End,Nov-17, ,0,0,0,0,0,0,0,0,0,0,0,0,24,23,25,25,30,31,38,51,67,85,90,80,74,92,112,118,111,112,122,125,117,122,147,160,160,155,169,182,189,192,212,221,221,225,233,231,233,239,247,252,262,258,262,267,285,294,306,313,311,314,345,366,361,351,351,342,332,319,299,288,276,280,261,243,223,234,229,216,213,223,232,245,245,238,240,233,223,186,188,164,197,165,134,81,,16737,247,1188,4956,3939,3200,3207
643,Mill Hill East,Aut-08,A,0,0,0,0,0,0,0,0,0,0,0,0,0,0,0,1,1,3,4,2,0,7,12,16,18,20,15,17,18,14,11,18,15,2,8,17,22,9,14,17,15,11,11,11,6,14,27,37,33,22,21,23,10,12,27,25,23,14,34,24,19,5,20,37,37,35,24,35,39,40,34,36,28,28,30,26,23,13,23,20,20,10,13,14,11,17,14,18,20,23,14,6,1,0,0,0,,1414,11,166,409,307,340,181
646,Moor Park,Nov-17, ,0,0,0,0,0,0,0,0,0,0,0,0,0,0,0,0,0,0,0,3,3,6,11,10,6,4,7,9,8,8,8,9,9,9,8,7,6,6,7,8,7,7,7,7,8,9,8,8,8,7,6,6,8,9,8,9,11,11,11,12,13,14,16,13,14,13,13,11,11,10,9,8,8,8,7,8,7,7,6,6,6,5,6,7,9,9,10,10,9,8,9,7,3,0,0,0,,619,3,89,182,152,95,98
645,Moorgate,Nov-13,A,0,0,0,0,0,0,0,0,0,0,0,2,2,2,4,11,21,31,50,69,86,124,161,155,116,117,153,168,158,147,154,148,133,121,117,110,106,106,108,115,121,116,112,119,124,123,127,126,118,108,109,105,95,94,96,95,86,95,98,101,107,118,112,100,103,110,120,119,113,103,90,81,70,67,59,59,58,52,47,58,74,74,64,54,53,54,50,47,43,47,34,15,1,1,0,0,,7320,192,1687,2704,1269,857,611
647,Morden,Nov-17, ,0,0,0,0,0,0,0,0,0,0,0,0,20,18,16,16,12,23,41,52,55,63,76,71,59,52,55,57,57,60,67,70,69,63,70,75,79,82,92,96,93,100,115,123,129,143,156,156,147,145,148,145,153,170,172,173,176,184,194,201,206,207,225,234,251,230,219,214,222,199,181,167,154,153,149,143,126,126,126,121,115,118,147,172,181,179,184,190,181,161,146,143,116,96,68,51,,10490,198,742,2894,2541,1867,2248
648,Mornington Crescent,Nov-17, ,0,0,0,0,0,0,0,0,0,0,0,0,2,2,3,5,6,8,14,23,33,39,38,29,26,26,31,30,29,30,44,51,47,38,39,40,40,36,35,34,40,43,47,43,42,42,44,42,41,44,49,50,47,42,41,41,45,46,50,50,55,54,59,55,59,64,71,64,68,68,65,59,61,60,57,57,54,51,46,47,51,57,55,47,43,48,52,48,40,36,32,23,19,20,16,7,,3435,63,406,1007,672,693,594
649,Neasden,Nov-17, ,0,0,0,0,0,0,0,0,0,0,0,0,4,5,6,6,9,14,18,19,22,24,25,22,20,20,22,23,23,25,27,29,30,31,32,35,37,38,43,48,51,52,56,59,72,82,86,82,80,76,76,77,78,81,87,85,79,77,81,82,84,86,87,88,87,81,75,71,68,61,59,60,60,57,52,49,46,46,42,39,39,40,43,44,46,44,45,44,44,38,35,28,26,20,19,18,,4027,81,282,1474,978,639,573
650,Newbury Park,Nov-17, ,0,0,0,0,0,0,0,0,0,0,0,0,9,9,9,8,8,12,15,13,19,22,29,28,27,21,23,26,29,31,33,32,32,30,31,31,33,34,34,39,43,42,48,64,71,77,84,99,97,83,85,94,104,92,103,100,108,114,119,119,131,146,142,137,138,142,136,131,121,126,119,118,103,99,89,82,79,79,89,85,85,73,66,73,96,105,97,85,80,64,59,37,25,29,43,40,,5762,83,320,1550,1563,1189,1057
653,North Acton,Nov-17, ,0,0,0,0,0,0,0,0,0,0,0,0,18,16,15,18,25,44,57,57,67,86,91,66,44,44,55,51,43,42,49,44,40,39,41,40,42,45,52,54,50,50,54,58,63,68,76,78,79,73,75,75,77,78,89,95,95,93,96,102,106,116,119,116,110,112,114,106,107,115,112,91,95,101,98,77,83,87,90,84,86,88,88,85,84,78,76,72,69,65,59,49,43,53,46,26,,5915,250,682,1491,1285,1140,1067
654,North Ealing,Nov-17, ,0,0,0,0,0,0,0,0,0,0,0,0,0,0,0,0,0,1,1,1,2,3,3,5,4,6,8,12,12,12,10,8,6,6,5,6,5,7,9,8,8,9,11,9,9,10,10,9,9,11,11,12,12,15,14,13,14,16,15,14,12,16,21,21,20,22,24,20,18,17,16,13,12,13,12,11,9,10,10,9,9,9,12,11,12,11,12,13,12,11,5,4,3,0,0,0,,801,3,85,224,215,150,124
789,North Greenwich,Nov-17, ,0,0,0,0,0,0,0,0,0,0,0,0,36,39,51,62,60,75,113,166,227,261,241,177,136,137,158,166,172,201,235,230,217,231,265,275,279,302,341,362,351,349,379,411,418,441,469,495,488,492,510,550,548,575,638,694,681,750,828,882,911,937,1000,1062,1103,1126,1200,1237,1203,1144,1006,801,615,481,414,391,373,344,309,292,269,292,309,314,295,311,327,300,270,240,237,205,173,158,129,82,,36024,602,2341,10080,11717,7373,3911
656,North Harrow,Nov-17, ,0,0,0,0,0,0,0,0,0,0,0,0,0,0,0,3,3,2,3,4,5,6,9,10,9,8,9,9,7,8,10,12,10,10,10,12,12,12,14,16,17,17,18,19,20,21,25,26,26,22,25,23,23,25,31,28,30,33,34,33,35,38,39,39,42,42,39,33,29,30,29,27,27,30,28,23,21,20,19,18,17,17,17,21,24,25,23,21,17,15,14,9,3,0,0,0,,1540,15,102,462,437,301,223
659,North Wembley,Nov-17, ,0,0,0,0,0,0,0,0,0,0,0,0,0,0,2,2,2,3,4,7,10,14,16,17,15,14,14,13,12,13,13,15,15,17,15,17,20,24,20,18,18,21,21,23,26,32,33,33,33,37,33,33,36,38,30,27,31,35,33,36,38,39,36,43,45,38,30,33,40,42,33,29,27,28,23,21,23,23,21,17,17,16,18,16,18,21,22,18,17,12,6,0,0,0,0,0,,1751,20,166,620,437,327,181
655,Northfields,Nov-17, ,0,0,0,0,0,0,0,0,0,0,0,0,4,4,5,5,7,9,11,11,20,30,32,26,25,24,25,24,25,22,23,20,22,21,24,24,24,24,25,30,34,36,39,41,45,44,48,50,50,51,52,53,52,58,61,63,64,66,71,75,75,82,94,104,96,95,88,86,80,81,76,67,66,63,61,54,57,56,55,52,54,57,65,64,68,66,73,70,71,59,66,59,51,32,27,21,,3990,56,296,971,996,768,903
657,Northolt,Nov-17, ,0,0,0,0,0,0,0,0,0,0,0,0,0,0,0,2,9,10,10,17,24,28,33,36,27,24,26,28,26,31,34,34,27,29,34,35,29,34,41,45,44,47,51,58,66,73,76,79,95,94,91,89,96,88,95,104,101,101,106,104,114,132,135,131,129,129,128,130,104,101,115,118,85,81,93,97,78,70,72,71,66,71,76,69,73,72,72,64,64,53,42,35,22,11,0,0,,5234,48,351,1520,1440,1085,790
660,Northwick Park,Nov-17, ,0,0,0,0,0,0,0,0,0,0,0,0,0,0,4,5,6,7,9,18,29,35,34,31,24,25,30,35,30,25,24,25,23,23,24,26,26,26,27,29,32,35,40,46,55,61,62,62,58,56,59,62,53,50,50,51,51,53,55,61,65,65,67,73,70,67,61,66,67,71,68,61,55,54,52,47,43,41,41,40,34,35,45,50,48,45,39,36,33,31,23,17,8,0,0,0,,3270,49,347,1036,754,640,444
661,Northwood,Nov-17, ,0,0,0,0,0,0,0,0,0,0,0,0,0,0,0,4,5,5,9,13,20,27,33,28,23,24,28,26,23,20,22,22,19,17,19,19,16,20,22,25,26,29,25,27,30,35,31,32,31,34,31,34,31,35,38,45,44,39,41,46,56,55,57,60,55,49,48,52,47,39,36,39,39,37,37,36,27,24,28,31,25,24,28,33,32,32,36,36,32,28,25,13,4,0,0,0,,2373,36,296,671,602,420,348
662,Northwood Hills,Nov-17, ,0,0,0,0,0,0,0,0,0,0,0,0,0,0,0,2,2,2,2,4,7,11,13,15,12,11,10,11,11,15,19,19,16,14,15,17,18,17,17,19,21,21,22,24,23,22,21,25,27,26,26,24,27,27,31,28,30,31,34,35,36,36,36,37,38,38,37,37,37,33,31,31,32,31,32,29,23,20,21,19,19,20,21,21,22,22,22,21,20,19,17,9,3,0,0,0,,1694,12,154,528,425,339,236
663,Notting Hill Gate,Nov-17, ,0,0,0,0,0,0,0,0,0,0,0,0,11,9,17,25,35,44,70,112,168,265,303,249,170,178,242,285,338,390,497,571,610,630,676,705,696,670,683,694,679,656,653,651,628,627,598,578,546,546,529,508,470,462,474,460,431,415,414,410,382,373,370,382,365,338,332,342,332,301,292,271,243,227,219,192,173,164,159,140,134,136,154,143,141,133,134,122,118,112,87,76,64,75,51,33,,27388,323,3656,14429,4554,2713,1713
664,Oakwood,Nov-17, ,0,0,0,0,0,0,0,0,0,0,0,0,5,5,4,3,3,3,7,12,14,15,18,19,17,17,22,27,28,26,25,27,27,27,27,29,31,32,30,37,38,42,41,45,44,47,47,48,52,49,52,49,50,47,51,55,62,66,67,72,72,63,68,78,89,88,83,75,69,68,64,64,58,55,55,54,51,48,41,45,47,49,49,62,67,66,55,54,53,50,39,40,33,20,12,15,,3560,42,255,997,883,672,711
665,Old Street,Nov-17, ,0,0,0,0,0,0,0,0,0,0,0,0,0,0,6,12,18,25,57,104,154,193,200,166,131,133,180,199,207,226,292,308,278,262,314,336,308,297,357,393,384,379,415,438,419,424,450,483,457,431,442,463,449,422,458,466,451,447,498,524,513,530,604,629,645,634,700,735,763,728,741,737,704,702,697,675,619,596,545,516,493,495,491,476,459,439,427,385,331,248,148,47,0,0,0,0,,31508,222,2389,9525,6910,8023,4439
667,Osterley,Nov-17, ,0,0,0,0,0,0,0,0,0,0,0,0,1,2,3,3,3,6,7,7,8,10,12,14,13,15,14,13,10,11,11,13,12,13,14,18,19,19,17,15,17,21,25,25,27,27,30,31,29,30,34,39,34,33,34,41,41,39,40,45,50,53,59,62,65,61,59,49,48,44,48,47,47,39,35,35,34,32,28,30,31,34,37,42,37,35,33,30,25,18,20,18,22,13,13,13,,2291,32,144,604,623,467,421
668,Oval,Nov-17, ,0,0,0,0,0,0,0,0,0,0,0,0,7,7,6,10,12,14,17,21,24,30,35,34,33,42,58,64,56,52,63,69,68,66,71,69,70,74,85,90,89,87,91,98,101,99,102,101,104,101,106,105,110,110,114,114,119,120,130,138,137,136,147,157,152,145,149,154,152,148,145,141,135,133,125,119,112,104,97,98,101,110,123,123,120,121,127,120,118,114,100,74,63,56,50,39,,7631,94,560,2225,1684,1509,1559
669,Oxford Circus,Nov-17, ,0,0,0,0,0,0,0,0,0,0,0,0,21,35,75,98,96,176,329,406,386,439,574,597,526,579,820,986,1057,1196,1506,1702,1725,1792,2073,2268,2318,2393,2619,2738,2726,2695,2875,3023,3012,2883,2841,2881,2873,2812,2753,2802,2771,2759,2697,2624,2433,2372,2328,2295,2134,2093,2113,2077,1910,1783,1734,1667,1548,1382,1263,1156,1035,886,788,695,611,534,487,450,421,433,427,391,323,286,255,233,183,154,122,111,77,68,56,23,,113894,1236,10368,62953,24939,10835,3563
670,Paddington,Nov-17, ,0,0,0,0,0,0,0,0,0,0,0,0,6,8,31,59,95,132,207,257,296,342,409,407,395,455,549,587,582,649,721,750,717,701,733,742,733,698,740,743,723,707,716,709,688,705,704,676,651,666,686,681,687,699,715,715,759,807,840,851,886,977,1035,1032,987,985,939,866,781,772,744,692,631,603,573,514,506,500,488,477,494,540,569,582,538,469,390,322,252,207,138,53,0,0,0,0,,46671,795,6142,16935,10964,7281,4554
671,Park Royal,Nov-17, ,0,0,0,0,0,0,0,0,0,0,0,0,0,2,3,5,7,15,18,16,12,17,18,18,17,20,24,25,24,23,27,28,26,21,21,19,18,20,26,25,22,22,23,23,25,28,32,32,34,36,40,38,38,41,39,40,43,43,42,44,42,45,52,53,48,50,52,44,38,36,39,35,31,29,32,28,21,19,20,21,18,16,16,17,19,18,19,16,15,11,7,5,3,1,0,1,,2097,66,253,689,558,349,182
672,Parsons Green,Nov-17, ,0,0,0,0,0,0,0,0,0,0,0,0,0,0,3,3,4,6,9,22,34,64,85,87,58,55,66,74,63,65,81,84,75,64,72,76,75,67,79,89,97,91,95,90,98,100,107,104,99,100,109,110,94,94,104,102,97,101,115,111,108,118,134,133,123,115,116,110,102,97,100,95,83,74,69,67,66,59,55,50,51,56,58,56,57,56,51,46,48,38,29,17,9,0,0,0,,5924,47,816,2191,1381,917,572
673,Perivale,Nov-17, ,0,0,0,0,0,0,0,0,0,0,0,0,0,0,1,1,5,10,14,12,17,24,32,28,22,14,17,19,18,14,16,19,17,14,16,19,19,18,22,23,23,24,27,30,37,45,46,46,40,37,37,42,44,46,45,45,51,52,51,49,51,54,59,57,56,55,54,50,45,39,42,46,39,33,37,35,30,25,28,30,28,21,25,30,29,25,25,26,22,21,17,13,4,2,0,0,,2401,43,240,762,639,429,288
674,Piccadilly Circus,Nov-17, ,0,0,0,0,0,0,0,0,0,0,0,0,8,7,15,24,37,53,90,114,126,147,196,204,166,166,231,275,286,361,518,627,633,650,782,876,870,927,1109,1228,1239,1282,1387,1459,1444,1442,1483,1503,1412,1333,1303,1306,1233,1227,1261,1282,1187,1178,1231,1291,1287,1348,1407,1489,1485,1513,1530,1608,1550,1417,1279,1194,1058,959,939,919,836,747,678,612,554,507,483,441,380,334,321,289,237,188,141,107,83,82,53,25,,65289,348,3303,28671,16554,12188,4225
776,Pimlico,Nov-17, ,0,0,0,0,0,0,0,0,0,0,0,0,7,6,6,7,11,19,27,29,30,44,64,67,58,61,79,91,95,98,129,151,147,129,139,152,148,145,149,154,152,145,156,168,180,176,184,192,194,192,203,206,195,191,199,192,182,177,184,182,176,170,185,185,183,174,178,171,175,178,165,144,125,123,126,130,119,111,106,105,110,131,134,128,115,113,106,100,93,71,61,48,50,35,34,30,,10280,112,967,4088,2147,1607,1359
675,Pinner,Nov-17, ,0,0,0,0,0,0,0,0,0,0,0,0,0,0,0,3,2,2,3,6,8,10,13,16,16,13,16,18,18,16,18,19,21,20,20,22,24,25,28,32,33,32,34,35,37,38,41,44,44,40,40,42,47,46,47,44,46,52,59,60,63,68,71,74,76,72,63,62,60,56,51,50,48,47,47,40,36,33,33,32,35,35,34,37,44,53,50,45,39,38,31,18,6,0,0,0,,2797,16,181,836,766,533,465
676,Plaistow,Nov-17, ,0,0,0,0,0,0,0,0,0,0,0,0,0,3,4,8,13,15,19,21,23,32,42,39,29,29,37,40,40,42,50,55,56,50,49,47,48,51,56,62,64,70,80,91,89,103,116,119,106,104,102,98,100,109,117,118,118,118,126,137,138,129,128,132,127,123,123,128,122,115,114,109,97,86,92,98,90,77,72,70,68,67,74,78,75,75,78,82,72,64,54,46,27,9,0,0,,6084,83,458,2005,1527,1142,869
677,Preston Road,Nov-17, ,0,0,0,0,0,0,0,0,0,0,0,0,0,0,4,6,7,7,9,10,11,13,16,15,12,12,16,18,18,16,20,23,22,20,23,25,24,27,30,33,33,39,46,52,61,72,80,76,63,56,61,66,64,65,65,66,69,75,76,73,75,79,85,85,81,76,73,71,67,62,62,58,50,44,42,41,41,41,37,33,33,34,37,39,39,37,35,34,31,28,24,16,7,0,0,0,,3292,43,190,1169,918,578,394
678,Putney Bridge,Nov-17, ,0,0,0,0,0,0,0,0,0,0,0,0,0,0,1,2,3,5,9,17,36,54,60,49,42,46,57,55,49,47,59,59,65,62,69,66,74,83,97,96,127,144,164,125,92,59,72,76,72,75,89,96,111,119,124,93,95,95,112,104,156,182,187,141,136,130,138,118,113,108,119,104,95,77,77,58,61,55,62,53,58,58,61,58,66,65,60,44,47,42,38,19,14,0,0,0,,6106,37,613,2250,1594,982,630
680,Queen's Park,Nov-17, ,0,0,0,0,0,0,0,0,0,0,0,0,0,1,3,7,9,10,12,14,19,30,40,37,31,28,36,37,36,34,47,51,47,36,39,41,43,43,47,52,54,57,60,63,65,69,77,78,81,77,79,72,75,74,83,88,99,94,97,98,99,104,121,132,125,123,119,123,126,122,108,104,98,90,87,89,85,81,78,74,73,73,79,86,85,83,76,80,79,79,61,50,0,0,0,0,,5362,56,426,1500,1334,1142,904
679,Queensbury,Nov-17, ,0,0,0,0,0,0,0,0,0,0,0,0,3,3,4,4,6,10,11,14,15,19,18,19,16,17,19,20,20,19,21,23,25,27,28,30,31,32,35,42,48,51,56,71,91,113,131,140,120,102,95,92,81,91,104,109,97,99,101,120,126,132,116,118,110,108,90,90,82,87,83,83,70,62,56,56,50,46,47,48,44,41,42,44,51,50,49,42,38,32,26,18,17,16,16,17,,4646,55,226,1745,1307,770,543
681,Queensway,Nov-17, ,0,0,0,0,0,0,0,0,0,0,0,0,7,6,8,14,17,31,48,63,59,76,92,88,68,65,78,83,83,88,114,135,137,141,159,172,151,143,164,188,186,176,177,177,184,192,200,205,195,192,205,223,218,205,221,223,225,222,236,234,232,236,244,252,253,244,246,247,244,224,216,199,193,176,168,162,165,155,147,146,151,161,187,179,165,140,135,109,100,87,75,63,63,61,43,24,,12466,194,1029,4434,2871,2195,1743
682,Ravenscourt Park,Nov-17, ,0,0,0,0,0,0,0,0,0,0,0,0,0,1,1,1,2,2,4,5,7,10,18,23,22,22,28,32,30,32,42,44,40,33,33,32,37,39,40,36,35,35,38,39,38,42,46,48,48,48,47,40,40,42,48,44,43,46,50,49,48,56,65,70,70,73,72,65,53,54,57,57,51,47,40,35,34,30,30,32,34,32,35,40,37,32,32,34,31,27,23,15,7,0,0,0,,2900,16,310,968,707,520,379
683,Rayners Lane,Nov-17, ,0,0,0,0,0,0,0,0,0,0,0,0,0,1,3,4,3,4,7,10,13,21,24,24,21,21,23,26,25,25,29,33,31,29,29,33,37,40,44,49,48,51,57,58,61,67,77,78,75,72,77,83,82,78,78,83,86,91,95,95,93,98,109,118,118,109,101,95,82,74,74,75,70,65,56,51,48,42,38,37,39,39,42,42,41,43,47,46,41,35,29,24,17,6,0,0,,4145,32,285,1417,1208,712,491
684,Redbridge,Nov-17, ,0,0,0,0,0,0,0,0,0,0,0,0,5,4,3,4,7,10,14,16,15,15,15,16,14,13,12,11,12,12,14,15,15,15,15,17,21,23,23,24,25,28,30,31,31,38,45,45,43,44,50,52,52,55,56,56,53,61,65,73,71,74,76,81,81,79,76,75,73,69,64,60,55,52,51,49,50,47,47,45,46,44,42,47,57,58,48,44,36,31,22,20,13,14,12,12,,3134,63,164,834,865,662,546
685,Regent's Park,Nov-17, ,0,0,0,0,0,0,0,0,0,0,0,0,0,0,2,2,2,5,10,15,23,41,52,45,37,47,66,72,66,62,70,74,72,70,78,80,81,77,81,83,86,79,78,80,86,86,86,80,74,69,71,69,65,58,57,60,58,51,43,45,50,51,49,45,44,42,46,46,43,39,38,36,31,28,25,21,20,21,21,20,21,22,27,25,21,14,14,13,12,9,5,2,0,0,0,0,,3595,36,655,1806,570,343,185
686,Richmond,Aut-14,A,0,0,0,0,0,0,0,0,0,0,0,0,0,3,3,3,6,9,30,37,54,43,54,76,117,94,67,47,88,86,117,132,215,207,275,378,407,374,330,383,416,373,265,313,428,362,232,144,138,133,150,108,161,172,144,155,176,210,227,311,243,320,339,211,192,278,344,201,213,153,166,152,131,111,136,123,68,61,120,112,101,80,76,33,33,17,60,128,170,118,65,35,31,0,0,0,,12874,91,975,6263,3052,1546,947
687,Rickmansworth,Nov-17, ,0,0,0,0,0,0,0,0,0,0,0,0,0,0,0,2,5,8,5,10,11,14,17,20,18,15,18,13,13,12,18,17,18,13,16,17,19,16,21,20,23,19,24,24,28,26,28,25,24,20,24,25,26,20,23,26,31,25,30,31,34,31,43,50,50,43,46,40,40,34,38,26,32,30,36,29,28,21,25,23,26,17,22,18,31,28,38,27,33,24,26,20,16,5,0,0,,1888,30,186,525,454,362,331
688,Roding Valley,Aut-06,A,0,0,0,0,0,0,0,0,0,0,0,0,0,0,0,0,0,0,0,0,0,1,3,3,1,0,1,2,2,0,1,2,1,0,1,3,5,3,1,0,3,3,2,1,5,9,8,3,3,3,2,3,5,4,4,6,5,0,2,6,7,5,4,6,6,3,3,5,4,3,3,2,0,0,0,0,0,0,0,1,1,2,2,2,2,2,2,2,2,1,1,0,0,0,0,0,,178,0,16,78,52,13,19
690,Royal Oak,Nov-17, ,0,0,0,0,0,0,0,0,0,0,0,0,0,0,1,2,3,6,11,11,11,17,25,23,18,16,20,21,22,23,25,25,26,25,30,31,29,24,30,33,37,37,41,39,36,35,36,39,42,41,41,40,39,40,44,45,46,48,51,51,55,56,57,55,54,56,63,66,61,52,48,45,43,37,35,30,28,27,29,26,24,26,29,28,27,25,25,24,22,18,17,12,4,0,0,0,,2540,34,246,860,658,461,281
691,Ruislip,Nov-17, ,0,0,0,0,0,0,0,0,0,0,0,0,0,0,2,2,2,2,3,4,7,11,13,13,12,13,16,19,17,15,17,20,23,24,25,24,26,26,32,36,41,36,37,37,40,37,42,46,51,45,43,40,44,39,40,39,47,47,46,43,49,51,52,52,58,55,47,45,45,39,33,29,28,24,23,22,21,19,16,16,16,15,14,17,15,16,19,20,17,13,10,7,6,4,2,0,,2159,15,173,873,592,315,191
692,Ruislip Gardens,Nov-17, ,0,0,0,0,0,0,0,0,0,0,0,0,0,0,0,0,0,1,2,2,2,2,5,5,6,4,4,4,5,3,4,4,5,4,3,4,5,6,6,7,7,7,9,12,11,9,11,14,14,16,15,15,14,16,15,17,20,21,20,22,25,33,33,30,25,27,27,23,23,21,21,16,14,14,17,16,13,12,12,12,11,13,14,17,19,17,13,11,13,14,12,9,7,0,0,0,,962,5,48,242,306,191,170
693,Ruislip Manor,Nov-17, ,0,0,0,0,0,0,0,0,0,0,0,0,0,0,0,4,4,3,3,3,5,6,8,10,11,11,11,11,10,10,12,16,18,14,15,18,20,20,21,24,27,26,26,27,30,34,35,37,37,38,37,38,38,35,37,38,40,38,37,39,43,45,47,51,50,45,39,40,36,31,28,29,28,24,24,22,23,21,19,17,18,15,16,20,28,28,27,24,23,14,11,12,9,3,0,0,,1892,17,121,690,514,302,248
694,Russell Square,Nov-17, ,0,0,0,0,0,0,0,0,0,0,0,0,3,3,5,8,12,17,28,43,69,110,137,118,82,83,109,124,139,161,198,204,196,180,195,199,184,166,187,192,187,181,209,211,210,207,220,218,211,203,214,222,209,200,199,214,208,210,207,210,204,210,222,237,233,224,207,199,195,191,187,173,169,153,146,137,140,133,137,135,140,144,164,167,140,122,115,104,74,60,49,35,23,20,15,11,,12317,119,1534,4814,2571,1896,1383
698,Seven Sisters,Nov-17, ,0,0,0,0,0,0,0,0,0,0,0,0,32,35,35,40,46,66,85,95,104,109,109,98,93,112,129,133,127,128,140,148,154,159,169,172,172,184,194,207,213,220,244,274,296,326,360,361,332,329,347,364,356,378,406,416,410,431,459,453,449,464,479,478,461,461,471,471,447,423,408,393,376,357,336,322,303,290,287,273,266,278,303,311,310,321,331,327,320,304,251,189,157,160,118,67,,22212,434,1430,6633,5487,4215,4013
700,Shepherd's Bush (Cen),Nov-17, ,0,0,0,0,0,0,0,0,0,0,0,0,22,18,18,30,51,83,138,188,218,241,246,209,162,160,197,220,220,239,301,331,306,306,361,395,399,416,490,510,496,477,525,560,581,594,645,643,614,570,573,570,569,560,559,556,542,558,565,571,559,566,551,577,577,559,504,502,484,476,438,398,355,332,311,270,249,235,225,215,213,221,236,239,225,207,201,183,178,168,141,115,104,115,86,63,,28881,548,2744,12275,6631,3988,2695
775,Shepherd's Bush (H&C),Nov-17, ,0,0,0,0,0,0,0,0,0,0,0,0,1,1,3,4,5,6,9,10,12,12,14,14,15,18,23,26,24,26,34,40,40,44,54,52,52,56,61,64,78,90,86,88,96,109,106,116,127,145,138,115,87,87,93,92,91,96,94,83,88,100,111,100,92,93,97,88,81,81,76,69,64,61,54,48,40,37,37,40,36,36,39,43,41,39,41,40,37,31,24,17,8,2,0,0,,4628,39,258,2076,1133,688,434
702,Sloane Square,Nov-17, ,0,0,0,0,0,0,0,0,0,0,0,0,1,1,8,15,26,43,70,94,134,206,265,241,175,176,242,269,248,270,360,382,342,307,343,343,344,350,397,413,399,380,409,421,413,403,434,442,445,427,417,391,365,353,346,333,321,322,327,312,277,279,289,292,260,264,268,267,243,215,197,163,134,121,124,116,98,78,63,62,66,69,75,73,71,68,64,58,49,43,25,11,0,0,0,0,,18207,258,2968,9217,3478,1614,672
703,Snaresbrook,Nov-17, ,0,0,0,0,0,0,0,0,0,0,0,0,0,2,2,2,3,3,3,3,3,6,9,9,10,14,19,20,18,18,19,20,21,21,22,21,21,24,25,26,26,29,32,37,40,37,34,37,38,39,41,44,45,46,50,49,50,47,51,54,55,59,63,69,62,54,54,57,52,51,51,53,49,46,42,38,36,29,26,26,29,30,33,37,36,33,27,28,26,29,21,17,15,17,14,8,,2562,18,165,805,675,499,400
704,South Ealing,Nov-17, ,0,0,0,0,0,0,0,0,0,0,0,0,4,4,4,3,6,8,10,10,11,15,20,23,22,24,30,31,31,29,33,30,31,29,32,34,35,34,38,40,40,41,48,54,58,57,57,63,69,70,66,62,54,50,55,65,71,71,75,75,69,71,89,98,96,92,91,87,79,69,68,64,65,57,57,51,51,50,52,53,53,53,54,57,62,60,60,59,55,48,47,40,31,28,27,23,,3988,49,299,1182,985,716,757
707,South Harrow,Nov-17, ,0,0,0,0,0,0,0,0,0,0,0,0,0,2,3,3,2,3,6,7,9,15,17,14,13,15,18,17,16,14,16,15,16,16,17,19,21,20,21,27,26,25,28,29,33,38,42,40,43,47,47,49,46,47,46,48,46,50,51,52,55,54,56,56,60,56,53,47,42,41,44,44,37,32,30,38,36,28,21,23,23,21,25,28,22,21,28,34,28,22,16,12,10,8,3,1,,2350,26,179,791,636,416,302
708,South Kensington,Nov-17, ,0,0,0,0,0,0,0,0,0,0,0,0,8,4,14,26,37,60,90,120,166,247,300,290,264,324,421,472,488,596,796,932,955,958,1032,1096,1100,1111,1135,1151,1090,1099,1159,1211,1180,1161,1196,1216,1186,1142,1094,1058,967,918,859,838,792,731,678,619,569,541,568,578,544,550,560,550,491,434,379,339,292,259,238,225,197,181,180,177,171,180,200,196,170,146,137,129,111,90,80,62,51,40,33,21,,44056,359,5296,25912,7280,3392,1817
709,South Kenton,Aut-07,A,0,0,0,0,0,0,0,0,0,0,0,0,0,0,0,0,1,2,2,1,1,3,7,7,6,3,5,6,7,5,3,2,2,7,11,9,3,1,5,7,7,8,12,15,17,19,21,16,17,19,25,24,23,25,28,25,21,18,18,29,37,26,6,16,30,41,32,20,19,21,22,18,20,14,12,20,20,15,17,28,28,17,9,9,16,18,17,14,12,8,7,3,1,0,0,0,,1086,6,55,346,294,226,159
710,South Ruislip,Nov-17, ,0,0,0,0,0,0,0,0,0,0,0,0,0,0,0,0,2,3,6,9,9,8,10,11,10,8,9,11,9,10,11,12,10,12,14,14,12,12,15,20,22,21,21,24,28,27,24,28,34,36,31,33,34,35,37,41,42,38,32,37,58,73,69,57,51,49,49,45,39,35,37,36,31,28,29,33,27,23,19,21,21,26,22,25,25,30,26,27,22,21,18,16,11,0,0,0,,1971,20,118,585,600,358,290
711,South Wimbledon,Nov-17, ,0,0,0,0,0,0,0,0,0,0,0,0,9,10,10,9,9,15,26,33,37,45,52,48,38,36,44,47,45,47,55,53,47,44,48,44,47,50,65,71,73,68,71,74,73,76,76,78,76,78,76,71,70,71,76,71,75,78,87,88,86,85,92,97,98,91,90,88,91,84,79,68,64,58,57,57,55,53,51,52,49,51,62,72,74,74,77,80,76,69,69,69,64,55,46,35,,5108,121,547,1594,1055,769,1022
712,South Woodford,Nov-17, ,0,0,0,0,0,0,0,0,0,0,0,0,1,4,3,3,5,5,7,9,15,15,26,29,35,30,38,37,40,40,47,47,46,44,47,50,53,53,68,76,81,79,85,87,95,89,84,99,105,102,111,118,103,94,101,119,126,123,129,145,152,143,141,151,162,160,144,132,128,121,110,98,99,101,88,81,80,71,62,65,76,71,85,92,89,77,79,73,69,61,52,43,42,38,26,16,,6226,37,399,1989,1708,1104,989
705,Southfields,Nov-17, ,0,0,0,0,0,0,0,0,0,0,0,0,0,1,2,2,3,5,8,14,22,32,35,34,29,26,26,30,28,28,36,46,45,42,41,47,50,54,48,55,65,73,70,74,81,86,85,83,81,89,94,103,106,102,102,104,105,112,121,132,131,160,163,173,154,150,121,124,122,136,141,135,107,86,77,71,67,73,71,69,62,72,79,88,83,90,86,77,63,64,61,43,20,4,0,0,,5880,35,372,1780,1646,1155,892
706,Southgate,Nov-17, ,0,0,0,0,0,0,0,0,0,0,0,0,6,6,5,4,5,11,18,21,22,29,36,37,34,38,46,51,47,46,52,58,54,49,50,50,45,47,49,62,64,65,68,78,78,76,86,91,92,79,86,88,99,96,105,102,104,112,119,130,135,133,129,144,149,142,136,136,124,116,109,102,101,98,91,81,75,74,77,78,66,60,66,79,87,83,80,77,76,68,66,55,37,26,21,16,,5989,76,496,1759,1569,1126,963
784,Southwark,Nov-17, ,0,0,0,0,0,0,0,0,0,0,0,0,7,10,17,25,32,42,60,77,97,123,146,134,107,104,115,105,93,107,141,151,144,139,155,167,167,162,175,193,201,201,213,217,215,213,228,240,246,228,224,218,211,208,218,224,214,212,226,239,235,233,248,264,264,253,251,260,255,225,198,189,175,160,143,136,132,126,120,113,115,126,143,149,139,134,136,129,109,90,79,65,48,39,29,20,,12921,270,1423,4807,2899,1972,1550
695,St. James's Park,Nov-17, ,0,0,0,0,0,0,0,0,0,0,0,0,1,1,7,12,17,23,44,63,90,119,136,118,99,106,126,119,104,99,120,136,145,147,158,165,156,146,150,154,144,135,142,145,143,144,152,165,155,149,151,161,151,145,141,128,119,123,126,120,113,115,117,112,109,104,91,76,80,81,70,54,50,51,48,48,46,43,39,38,43,57,64,57,44,40,38,30,24,18,11,3,0,0,0,0,,7514,168,1372,3572,1325,648,429
696,St. John's Wood,Nov-17, ,0,0,0,0,0,0,0,0,0,0,0,0,4,5,10,15,23,36,56,80,106,135,150,137,104,95,113,119,111,108,121,115,99,89,100,107,106,103,112,121,123,118,120,129,131,130,133,132,120,118,120,118,118,128,139,141,131,126,129,138,146,146,150,144,136,128,128,127,123,123,118,110,97,86,81,78,72,66,58,60,63,66,67,69,68,63,65,60,55,40,39,34,31,23,23,22,,7987,229,1414,2855,1629,1072,788
697,St. Paul's,Nov-17, ,0,0,0,0,0,0,0,0,0,0,0,0,1,3,7,14,20,39,61,71,89,129,175,161,120,102,128,144,154,173,209,225,232,231,250,251,239,229,252,272,283,276,275,276,284,291,301,296,281,270,286,297,302,291,290,268,239,224,237,237,214,200,210,223,209,196,197,210,205,185,166,145,124,107,95,84,77,71,65,59,53,61,73,69,53,43,39,35,32,23,26,24,24,15,13,6,,13116,216,1809,6523,2596,1383,589
713,Stamford Brook,Nov-17, ,0,0,0,0,0,0,0,0,0,0,0,0,0,0,1,1,2,3,4,4,7,18,29,27,18,13,18,22,25,25,27,26,23,19,22,23,24,22,26,28,33,32,31,34,35,36,37,40,39,38,38,36,35,35,39,38,37,39,41,50,51,59,60,64,64,63,60,53,54,52,49,46,40,39,32,31,31,32,31,27,29,30,31,31,31,35,33,33,31,26,19,13,9,0,0,0,,2489,15,255,763,641,464,351
714,Stanmore,Nov-17, ,0,0,0,0,0,0,0,0,0,0,0,0,8,7,6,8,8,11,17,26,31,30,30,26,22,20,26,28,30,29,28,24,22,21,23,24,25,29,32,33,33,32,36,41,43,46,55,58,55,51,53,55,56,57,63,65,65,65,73,69,86,91,107,109,124,111,108,98,97,83,75,70,74,67,62,54,55,48,53,50,50,43,49,60,95,106,87,56,49,42,40,40,36,35,32,26,,4163,91,324,1008,1106,788,846
715,Stepney Green,Nov-17, ,0,0,0,0,0,0,0,0,0,0,0,0,1,3,6,9,9,13,21,29,29,30,32,29,24,23,29,34,39,40,49,53,55,49,52,52,53,51,55,64,74,73,73,71,76,74,81,82,83,80,83,88,89,93,89,91,94,102,100,98,106,118,125,121,121,122,122,123,125,128,124,118,110,111,109,101,90,84,78,78,80,80,79,81,82,83,87,84,77,61,52,31,14,0,0,0,,5732,91,411,1731,1352,1256,891
716,Stockwell,Nov-17, ,0,0,0,0,0,0,0,0,0,0,0,0,16,15,15,16,16,21,27,33,46,59,62,54,48,53,61,65,64,67,81,91,94,91,99,101,101,110,124,130,135,141,152,159,178,179,189,186,189,185,192,194,201,210,226,231,238,246,269,275,267,270,286,304,305,307,305,309,301,281,270,272,257,227,223,224,215,191,179,175,177,195,208,215,209,218,222,203,200,188,165,136,115,114,87,66,,13621,159,751,3797,3381,2815,2718
717,Stonebridge Park,Nov-17, ,0,0,0,0,0,0,0,0,0,0,0,0,0,0,9,10,13,16,18,15,16,21,25,22,20,20,21,19,17,18,21,20,17,14,16,17,19,18,21,21,21,23,27,28,29,36,45,46,44,44,46,40,38,39,43,39,41,48,52,48,43,47,50,49,45,47,49,48,42,41,40,38,37,34,35,32,34,29,27,24,24,24,24,23,23,24,27,23,24,19,22,25,0,0,0,0,,2314,81,240,731,567,413,282
719,Stratford,Nov-17, ,0,0,0,0,0,0,0,0,0,0,0,0,81,83,99,121,128,167,224,286,326,387,420,399,354,421,554,633,625,691,825,942,951,998,1090,1182,1184,1276,1392,1550,1549,1631,1682,1830,1860,2015,2059,2102,1966,1986,1950,1990,1919,2015,2039,2064,1974,2027,2072,2100,1923,1776,1679,1705,1611,1560,1482,1500,1348,1226,1088,1035,906,830,763,714,646,624,598,565,524,542,596,628,644,641,632,597,527,482,393,386,323,366,271,198,,87548,1189,6577,40280,21409,10343,7750
720,Sudbury Hill,Nov-17, ,0,0,0,0,0,0,0,0,0,0,0,0,0,0,3,3,2,5,9,15,15,16,16,18,15,14,13,14,16,15,13,12,12,11,10,11,15,15,16,16,16,16,21,26,34,35,40,38,39,31,35,39,40,34,40,46,48,37,36,38,45,41,44,46,47,42,43,38,36,36,41,35,28,23,25,26,26,22,20,18,16,14,15,19,18,19,20,22,17,18,15,11,6,5,2,1,,1909,37,177,636,505,336,218
721,Sudbury Town,Nov-17, ,0,0,0,0,0,0,0,0,0,0,0,0,0,1,0,1,1,4,5,6,6,6,6,7,6,6,9,11,11,9,8,9,8,8,8,10,11,11,12,15,16,16,16,20,21,22,25,26,29,28,32,32,33,25,28,34,36,31,31,35,35,35,36,36,36,37,39,36,36,32,35,35,30,23,22,25,21,18,15,16,15,15,18,22,22,20,20,21,20,16,11,8,5,1,1,1,,1545,18,94,486,423,308,216
723,Swiss Cottage,Nov-17, ,0,0,0,0,0,0,0,0,0,0,0,0,4,5,8,11,18,27,35,43,51,71,83,81,66,69,81,83,78,78,94,103,96,81,91,99,94,87,96,95,95,94,107,111,114,113,121,126,137,148,151,136,120,113,120,124,123,124,133,136,141,155,163,163,165,167,161,154,152,145,134,125,121,114,109,98,90,86,85,87,91,99,105,108,100,92,89,81,74,68,64,48,39,31,28,20,,8026,151,938,2669,1785,1346,1137
724,Temple,Nov-17, ,0,0,0,0,0,0,0,0,0,0,0,0,0,1,3,4,5,12,26,44,62,72,72,57,43,40,46,50,57,74,92,94,81,74,77,80,83,95,106,106,108,112,125,130,131,135,151,152,134,116,112,104,96,89,98,100,99,94,99,93,88,89,92,89,86,89,89,94,89,82,72,61,49,45,47,48,44,39,35,37,38,36,31,29,27,27,25,22,15,12,9,6,0,0,0,0,,5475,95,759,2595,1101,648,277
725,Theydon Bois,Nov-17, ,0,0,0,0,0,0,0,0,0,0,0,0,0,0,0,1,0,1,3,4,2,5,8,8,5,5,8,12,12,11,9,10,10,10,10,12,15,16,18,17,18,16,18,19,21,18,21,20,18,13,15,15,17,16,18,18,18,19,19,18,19,21,24,27,30,29,21,19,19,17,17,20,21,17,14,12,12,11,10,9,10,8,9,11,15,15,14,11,11,9,9,6,5,4,0,0,,1073,9,95,389,264,179,137
726,Tooting Bec,Nov-17, ,0,0,0,0,0,0,0,0,0,0,0,0,8,5,4,4,6,9,19,24,30,38,48,43,38,43,58,60,54,52,59,63,65,59,62,65,70,72,79,80,86,93,98,100,102,106,107,104,101,109,118,121,119,118,122,123,129,137,148,152,154,165,183,190,184,182,183,179,173,163,155,150,143,125,119,115,116,109,101,101,111,119,125,133,135,130,132,128,120,119,113,92,71,64,52,40,,8184,79,586,2279,1986,1570,1684
727,Tooting Broadway,Nov-17, ,0,0,0,0,0,0,0,0,0,0,0,0,20,20,19,17,24,34,48,61,89,109,117,104,100,101,115,127,134,135,151,162,156,149,166,174,180,197,211,209,227,245,251,245,258,281,301,292,294,296,296,282,301,309,311,300,303,321,345,350,348,350,368,377,382,368,365,368,359,338,325,323,305,274,249,223,217,220,221,201,193,203,226,231,239,229,238,236,243,222,204,164,136,120,91,52,,18145,243,1444,5931,4245,3255,3027
728,Tottenham Court Road,Nov-17, ,0,0,0,0,0,0,0,0,0,0,0,0,10,11,20,34,48,89,143,186,220,288,351,313,231,211,294,344,377,446,610,694,693,684,781,818,814,844,977,1043,1065,1079,1154,1219,1263,1269,1306,1304,1244,1167,1149,1127,1085,1061,1087,1068,982,924,954,978,965,979,1033,1026,987,951,1006,1065,1048,921,822,756,686,605,571,512,452,396,377,352,335,320,312,308,284,256,234,224,183,154,121,107,77,71,41,23,,52619,541,4379,25301,11850,7498,3050
729,Tottenham Hale,Nov-17, ,0,0,0,0,0,0,0,0,0,0,0,0,9,11,14,14,19,20,28,32,35,35,39,41,37,38,42,46,45,48,53,60,62,67,73,82,84,86,92,102,104,111,127,138,135,149,166,176,162,165,171,178,168,172,181,176,170,173,182,182,180,178,178,182,177,172,171,160,148,142,140,131,123,123,121,115,107,100,99,91,93,100,103,103,98,102,105,93,77,78,76,60,48,42,34,37,,8587,147,519,3127,2105,1440,1249
730,Totteridge & Whetstone,Nov-17, ,0,0,0,0,0,0,0,0,0,0,0,0,2,2,1,1,2,4,4,8,13,16,14,12,12,12,13,14,13,13,14,13,11,11,13,14,16,17,17,17,19,20,21,22,23,25,25,27,29,30,29,29,29,33,36,36,37,37,42,46,46,45,51,58,59,56,53,54,51,46,43,42,37,34,33,30,29,28,30,28,32,27,31,35,40,37,35,33,31,30,23,21,16,16,12,13,,2179,24,159,549,584,431,432
731,Tower Hill,Nov-17, ,0,0,0,0,0,0,0,0,0,0,0,0,0,5,8,11,12,24,43,55,61,80,96,99,95,113,154,203,238,323,390,475,469,515,533,585,560,578,564,567,509,524,506,540,504,517,508,512,486,487,518,543,532,507,513,540,519,514,510,529,492,509,558,597,549,512,513,508,450,407,385,382,339,293,288,309,244,204,186,194,200,262,328,331,256,201,170,147,112,78,45,22,7,0,0,0,,27252,158,2327,12617,6310,3681,2159
733,Tufnell Park,Nov-17, ,0,0,0,0,0,0,0,0,0,0,0,0,2,2,2,2,3,4,6,7,8,8,13,16,16,12,17,22,21,18,21,25,27,27,27,30,32,29,33,38,40,38,45,50,49,50,58,60,59,57,60,61,63,61,62,63,66,70,81,87,89,92,101,107,110,106,110,110,116,112,108,97,94,87,75,73,69,68,62,64,62,69,73,74,68,66,68,64,62,61,50,35,29,30,23,17,,4349,28,197,1119,1129,1025,851
734,Turnham Green,Nov-17, ,0,0,0,0,0,0,0,0,0,0,0,0,3,4,4,4,9,14,16,16,25,38,48,45,43,44,55,53,51,49,72,80,73,57,63,66,62,61,70,78,84,86,90,94,93,95,101,108,95,89,89,98,96,105,110,111,96,108,119,134,121,138,144,158,143,132,131,139,135,116,107,100,95,88,87,80,78,68,66,65,69,83,99,113,106,101,88,84,78,76,60,52,36,40,35,38,,6553,70,603,2074,1563,1085,1158
735,Turnpike Lane,Nov-17, ,0,0,0,0,0,0,0,0,0,0,0,0,12,12,13,12,13,18,24,30,33,40,42,45,41,45,52,61,63,67,75,82,84,80,82,87,92,102,123,128,129,127,148,168,182,183,210,226,215,196,201,210,211,232,239,242,226,246,264,272,257,259,280,277,282,275,287,255,252,242,228,221,216,224,198,189,175,162,152,153,164,166,162,163,173,179,194,205,193,162,154,131,88,55,48,41,,12547,134,646,3897,3180,2412,2278
736,Upminster,Aut-05,A,0,0,0,0,0,0,0,0,0,0,0,0,0,1,2,8,10,13,14,18,25,28,23,20,29,38,47,40,29,26,52,70,63,46,63,81,71,66,73,70,40,47,69,97,101,95,99,96,90,108,123,121,78,78,62,94,92,122,105,95,77,141,179,181,120,76,61,106,114,117,93,96,85,109,75,39,27,73,70,52,53,70,41,29,29,31,24,26,24,19,17,9,4,0,0,0,,5105,66,427,1931,1355,950,376
737,Upminster Bridge,Nov-17, ,0,0,0,0,0,0,0,0,0,0,0,0,0,0,1,0,0,3,3,2,2,4,4,4,4,4,5,5,4,3,4,5,4,4,5,6,7,7,8,8,8,7,8,8,9,8,7,9,8,7,8,9,11,11,16,15,13,9,12,11,14,16,18,13,15,16,17,14,15,13,11,10,11,9,7,7,8,7,6,6,6,6,5,4,5,8,10,7,7,6,6,5,4,2,1,0,,615,9,48,198,168,110,82
738,Upney,Nov-17, ,0,0,0,0,0,0,0,0,0,0,0,0,0,0,0,0,5,6,8,8,10,10,12,15,16,15,17,18,17,14,15,19,20,19,18,22,24,22,22,25,26,25,29,30,34,35,47,49,50,43,43,44,46,52,48,47,46,53,50,55,54,58,55,54,51,56,52,48,43,44,38,43,42,40,34,32,30,29,28,24,24,24,22,20,25,30,29,26,23,20,18,13,9,5,0,0,,2372,27,178,820,632,427,288
739,Upton Park,Nov-17, ,0,0,0,0,0,0,0,0,0,0,0,0,0,2,5,9,15,16,24,28,36,44,55,52,47,49,60,66,67,65,70,81,92,100,106,119,126,134,136,146,143,140,153,183,198,215,241,247,224,209,220,223,222,213,222,220,219,216,228,226,224,228,232,217,196,202,213,213,194,182,172,171,158,148,139,132,111,111,118,114,96,93,101,104,105,113,117,110,94,80,68,57,49,0,0,0,,10574,99,692,4232,2614,1750,1187
740,Uxbridge,Nov-17, ,0,0,0,0,0,0,0,0,0,0,0,0,0,0,0,0,19,17,31,46,57,52,55,51,55,61,81,92,88,91,98,101,90,91,104,111,110,114,128,131,126,128,130,143,139,138,138,148,136,130,136,137,131,122,117,117,124,123,121,121,127,136,146,154,164,163,140,131,132,138,124,118,115,121,113,100,87,80,73,69,76,74,73,65,75,76,83,77,74,62,64,54,40,16,5,1,,7825,113,882,2995,1650,1270,915
777,Vauxhall,Nov-17, ,0,0,0,0,0,0,0,0,0,0,0,0,26,27,41,65,116,186,289,366,402,412,370,289,213,212,219,213,208,217,236,255,264,300,348,383,379,416,443,456,459,462,461,459,472,466,444,417,397,394,390,408,408,415,422,421,438,467,494,500,512,551,576,584,583,597,601,561,517,478,473,447,415,393,382,361,345,339,340,342,344,374,395,422,420,414,400,407,361,259,212,185,165,115,89,46,,30150,1116,3246,9884,6464,4832,4608
741,Victoria,Nov-17, ,0,0,0,0,0,0,0,0,0,0,0,0,62,69,118,177,228,294,422,560,688,855,959,897,780,750,825,859,902,938,1062,1125,1164,1135,1181,1208,1213,1225,1281,1326,1300,1278,1313,1388,1444,1428,1433,1463,1477,1398,1389,1397,1426,1437,1483,1460,1508,1633,1757,1758,1852,2107,2295,2224,2076,2023,1962,1821,1619,1448,1304,1230,1180,1165,1127,1042,968,939,903,888,938,1108,1152,1115,990,913,795,659,533,377,251,150,126,90,104,54,,91001,1930,10640,32247,23016,13813,9355
742,Walthamstow Central,Nov-17, ,0,0,0,0,0,0,0,0,0,0,0,0,20,17,14,19,23,29,35,43,54,64,70,63,60,65,75,79,78,88,100,107,101,109,124,132,129,136,150,157,155,167,183,203,227,267,292,284,256,245,254,258,250,252,266,275,272,277,291,289,281,278,292,288,284,276,291,282,265,245,237,229,204,203,190,184,162,161,155,152,143,147,156,169,157,151,163,164,139,109,110,110,94,97,83,56,,13811,200,903,4872,3401,2387,2048
743,Wanstead,Nov-17, ,0,0,0,0,0,0,0,0,0,0,0,0,1,1,1,1,3,3,6,7,6,8,15,17,12,12,21,26,24,19,22,28,30,27,27,29,29,30,36,40,39,40,45,46,43,48,50,48,47,45,50,57,62,58,57,56,55,62,67,70,70,74,78,80,82,80,72,65,64,65,58,55,51,47,44,42,39,35,36,33,33,34,34,35,43,46,44,41,35,26,21,20,16,11,9,12,,3156,23,210,1039,855,569,460
745,Warren Street,Nov-17, ,0,0,0,0,0,0,0,0,0,0,0,0,10,12,15,19,24,41,70,95,120,167,211,202,159,153,193,211,214,225,272,272,244,223,238,230,211,210,228,233,225,218,233,245,239,238,246,250,232,230,232,227,212,210,208,201,183,183,189,197,196,198,203,200,201,222,239,236,223,224,222,189,160,135,131,116,107,97,96,98,99,99,98,93,80,73,70,71,59,47,35,38,34,35,23,15,,13362,286,2399,5463,2447,1798,969
746,Warwick Avenue,Nov-17, ,0,0,0,0,0,0,0,0,0,0,0,0,0,0,1,2,3,10,14,23,38,49,44,35,30,27,31,33,33,36,52,59,51,42,42,50,52,55,56,59,61,62,65,66,63,66,74,77,71,69,76,83,77,74,77,83,84,87,84,79,82,93,100,98,97,98,101,98,92,88,87,79,68,61,58,57,53,52,47,48,48,55,56,61,56,59,56,56,47,41,26,14,0,0,0,0,,4537,53,467,1551,1101,790,575
747,Waterloo,Nov-17,T,0,0,0,0,0,0,0,0,0,0,0,0,33,50,73,108,164,235,320,398,451,469,477,506,524,578,674,749,779,813,953,1056,1095,1117,1271,1392,1434,1517,1607,1668,1626,1643,1637,1642,1620,1554,1512,1461,1402,1336,1333,1353,1346,1408,1477,1525,1534,1631,1751,1849,1930,2068,2220,2206,2096,2000,1820,1760,1598,1404,1277,1229,1165,1096,1006,935,899,862,822,834,927,1113,1187,1217,1188,1201,1044,797,516,321,240,193,148,108,81,44,,90703,1381,8029,34976,22865,13127,10325
748,Watford,Nov-17, ,0,0,0,0,0,0,0,0,0,0,0,0,0,0,0,0,3,4,5,5,6,12,14,12,11,16,17,14,12,12,13,11,13,15,15,14,13,17,19,21,21,24,25,28,28,28,31,37,38,33,27,23,23,25,26,26,24,27,32,32,27,28,33,37,36,37,37,35,30,30,30,28,26,26,26,24,22,21,23,21,18,14,16,19,23,28,27,24,21,21,17,14,0,0,0,0,,1671,17,150,570,385,307,242
751,Wembley Central,Nov-17, ,0,0,0,0,0,0,0,0,0,0,0,0,0,8,6,6,9,18,23,32,41,50,43,44,40,43,44,56,54,58,55,70,71,75,59,86,97,100,81,106,116,129,112,145,138,161,149,177,164,174,142,144,146,157,137,153,154,152,143,176,164,153,140,180,164,141,117,151,155,149,121,116,99,94,81,77,70,66,56,54,48,51,56,54,54,61,62,53,56,49,25,3,0,0,0,0,,7264,102,598,3019,1835,1138,572
752,Wembley Park,Nov-17, ,0,0,0,0,0,0,0,0,0,0,0,0,21,25,30,33,32,44,71,99,133,165,164,134,109,114,122,122,117,133,157,167,165,174,198,205,208,229,255,257,260,268,304,336,375,407,450,483,487,459,402,353,328,333,341,343,343,375,424,427,424,429,454,480,524,552,563,568,562,542,497,450,387,336,262,237,199,202,183,171,163,173,188,179,185,173,166,149,138,127,102,90,72,72,55,39,,21274,355,1637,7620,5563,4028,2071
753,West Acton,Nov-17, ,0,0,0,0,0,0,0,0,0,0,0,0,4,2,1,1,2,2,3,4,6,6,9,12,12,10,11,20,26,24,16,14,14,13,12,14,17,19,19,22,23,26,25,30,28,31,34,38,33,29,28,31,32,37,38,37,31,37,41,44,42,42,39,39,42,42,35,32,32,32,29,30,27,26,22,24,23,23,22,25,22,20,20,24,25,24,24,17,21,20,21,14,17,18,14,6,,1903,19,166,630,466,315,307
755,West Brompton,Nov-17, ,0,0,0,0,0,0,0,0,0,0,0,0,1,1,1,3,7,16,28,37,38,55,74,78,71,71,71,61,47,46,51,53,44,52,56,58,49,58,66,67,53,54,62,66,59,60,59,58,58,63,61,56,50,55,61,60,52,53,64,65,67,74,82,81,74,88,89,85,69,77,70,72,59,61,50,48,44,50,48,38,41,52,53,46,39,37,32,26,17,16,16,9,2,0,0,0,,4141,94,716,1385,874,686,386
756,West Finchley,Nov-17, ,0,0,0,0,0,0,0,0,0,0,0,0,2,2,1,1,1,1,1,2,2,3,4,4,5,6,7,7,8,9,9,8,8,8,8,9,9,10,10,10,10,11,11,13,14,17,19,20,18,15,18,19,21,21,22,23,23,25,25,29,29,33,33,38,36,35,34,35,31,28,29,26,23,24,23,19,17,20,21,20,20,21,23,26,25,22,21,23,21,17,14,14,11,8,8,10,,1367,11,72,344,375,281,284
757,West Ham,Nov-17, ,0,0,0,0,0,0,0,0,0,0,0,0,8,10,11,13,17,21,21,24,23,26,25,27,24,25,26,29,30,32,37,43,46,48,51,59,64,73,77,78,75,80,87,97,97,107,110,102,92,92,99,99,98,95,96,100,101,105,106,105,102,103,107,112,104,98,94,97,89,88,80,78,73,73,68,69,69,62,56,55,57,56,59,65,71,69,67,63,56,46,43,36,34,29,28,25,,5392,125,347,2022,1234,860,804
758,West Hampstead,Nov-17, ,0,0,0,0,0,0,0,0,0,0,0,0,8,10,12,17,37,64,91,107,108,94,74,61,58,60,68,68,69,74,84,87,85,87,93,100,97,101,113,119,120,126,132,134,141,151,159,156,142,129,127,132,135,138,142,153,159,169,182,202,233,265,282,268,248,233,223,211,196,195,201,199,182,166,156,147,131,123,113,109,113,128,135,130,149,152,148,127,117,96,73,65,50,51,37,34,,10461,346,905,3012,2675,1918,1605
759,West Harrow,Nov-17, ,0,0,0,0,0,0,0,0,0,0,0,0,0,0,1,1,3,2,2,2,7,12,14,8,5,6,8,10,6,8,6,7,6,7,11,16,17,17,14,19,16,16,14,22,22,17,28,34,32,19,27,36,30,23,30,33,30,26,40,39,39,31,41,60,67,62,43,39,28,26,34,32,46,39,32,11,13,21,29,33,21,22,25,21,15,24,27,33,27,26,14,10,2,0,0,0,,1742,11,97,506,517,344,267
760,West Kensington,Nov-17, ,0,0,0,0,0,0,0,0,0,0,0,0,0,0,1,2,4,5,7,8,7,11,18,20,16,18,24,30,33,37,46,50,52,54,63,71,69,62,62,63,61,57,61,66,69,74,81,83,77,74,78,81,77,78,84,89,83,91,102,108,104,113,128,128,123,121,117,117,112,112,101,97,89,90,86,81,71,71,66,67,65,64,60,57,59,62,63,65,58,48,35,24,8,0,0,0,,5069,27,310,1686,1335,1043,668
762,West Ruislip,Nov-17, ,0,0,0,0,0,0,0,0,0,0,0,0,0,0,0,0,1,3,7,6,4,9,9,12,8,9,13,11,13,14,18,14,11,16,10,13,13,17,14,15,14,14,17,23,25,22,20,20,23,18,15,15,20,31,36,34,34,27,38,38,44,60,77,66,49,58,56,44,40,38,36,34,35,29,28,30,28,21,15,16,19,15,15,20,32,31,23,21,27,21,23,21,17,6,0,0,,1839,17,134,456,591,350,291
754,Westbourne Park,Nov-17, ,0,0,0,0,0,0,0,0,0,0,0,0,0,1,1,3,5,6,9,11,14,21,31,27,21,18,27,27,30,33,40,44,44,45,45,52,50,50,56,62,60,62,68,75,70,77,85,83,65,61,66,70,68,70,74,72,69,73,74,70,76,83,80,83,85,79,82,90,88,76,75,75,67,59,59,56,48,43,44,46,46,40,39,46,47,44,44,44,36,30,28,19,6,0,0,0,,4048,36,333,1530,944,736,469
761,Westminster,Nov-17, ,0,0,0,0,0,0,0,0,0,0,0,0,6,9,16,24,36,53,73,103,121,142,152,151,144,197,266,314,353,453,572,684,758,833,870,886,867,885,888,879,843,835,804,789,769,756,740,745,724,697,710,713,682,669,687,650,594,570,555,514,468,450,440,416,404,390,373,350,328,316,285,249,199,189,185,171,147,132,119,113,105,108,106,100,84,71,65,58,47,36,32,29,21,18,12,8,,31405,320,3549,18679,5524,2433,900
764,White City,Nov-17, ,0,0,0,0,0,0,0,0,0,0,0,0,6,8,11,14,18,31,60,113,154,192,185,138,80,64,70,71,70,74,74,71,67,71,69,72,77,89,97,99,90,94,103,116,118,118,122,144,164,168,157,127,99,95,107,105,101,100,103,99,95,96,106,113,107,106,103,102,97,91,84,79,75,67,64,64,56,51,49,52,49,52,53,50,47,47,52,46,44,41,37,31,43,44,40,37,,6845,261,1243,2568,1231,829,713
763,Whitechapel,Nov-17, ,0,0,0,0,0,0,0,0,0,0,0,0,2,10,18,21,35,63,97,125,156,179,195,174,136,114,131,138,132,129,156,164,150,132,148,162,164,163,179,190,198,192,214,214,222,218,238,221,207,203,220,216,208,201,203,207,212,206,200,199,206,217,240,242,232,226,240,243,243,253,256,232,195,169,154,146,144,136,122,110,107,107,112,110,105,104,113,108,99,80,62,32,13,0,0,0,,12820,371,1804,4670,2663,2160,1152
765,Willesden Green,Nov-17, ,0,0,0,0,0,0,0,0,0,0,0,0,9,10,10,12,12,13,17,21,27,40,51,45,33,35,43,46,43,51,63,69,61,57,61,66,64,63,72,79,88,93,103,105,118,126,130,128,127,130,132,133,137,139,147,149,156,164,181,191,194,205,212,211,210,213,216,215,212,206,199,188,173,165,166,156,144,138,145,137,134,137,150,162,159,155,144,151,143,134,107,100,83,74,56,50,,9494,104,546,2508,2368,2029,1939
766,Willesden Junction,Aut-07,A,0,0,0,0,0,0,0,0,0,0,0,0,0,1,3,4,4,5,2,43,93,101,77,57,57,43,61,56,59,46,57,58,51,46,54,50,37,37,53,48,50,50,62,56,77,90,96,64,71,81,106,85,76,72,105,98,83,85,120,109,85,97,120,111,84,71,82,79,72,71,82,74,64,67,56,45,39,47,56,57,47,39,42,53,64,66,63,48,21,2,0,0,0,0,0,0,,4743,62,765,1615,1126,730,445
767,Wimbledon,Aut-13,A,0,0,0,0,0,0,0,0,0,0,0,0,0,4,13,20,20,19,32,47,65,81,88,102,96,123,117,108,104,159,142,151,150,153,131,208,224,231,178,211,238,303,243,273,329,242,73,215,370,399,142,273,319,437,253,366,372,441,344,416,432,513,370,474,492,435,366,333,291,210,322,245,181,150,165,173,142,145,116,166,168,180,142,170,186,192,185,177,170,160,143,107,69,0,0,0,,16795,155,1336,5961,4988,2306,2049
768,Wimbledon Park,Nov-17, ,0,0,0,0,0,0,0,0,0,0,0,0,0,0,0,1,2,3,4,4,6,10,17,20,19,14,18,20,19,16,19,22,24,22,24,27,27,24,25,29,31,32,32,33,35,37,38,40,37,35,35,39,42,40,39,40,38,38,40,48,54,70,73,66,52,49,48,49,43,35,35,37,34,28,28,24,20,20,23,24,21,21,22,26,23,22,21,22,18,18,20,16,7,1,0,0,,2235,14,200,787,625,351,258
770,Wood Green,Nov-17, ,0,0,0,0,0,0,0,0,0,0,0,0,15,13,13,16,17,22,26,38,46,55,57,62,62,65,78,95,102,108,129,148,150,149,154,157,156,162,184,198,200,204,223,241,240,264,303,307,271,260,277,280,272,272,288,289,292,305,340,341,325,316,352,381,391,350,354,343,354,327,306,290,285,266,218,204,189,175,167,171,159,157,161,187,197,196,185,192,180,158,140,124,89,69,59,57,,16020,160,1007,5501,4090,2952,2310
599,Wood Lane,Nov-17, ,0,0,0,0,0,0,0,0,0,0,0,0,0,0,1,2,2,5,11,20,29,34,31,24,18,17,18,22,22,24,34,40,41,46,57,60,67,78,81,81,89,101,97,104,109,125,125,132,134,147,138,116,93,95,90,91,89,94,91,85,83,87,97,86,82,75,75,65,63,56,51,46,39,34,29,26,26,23,23,18,19,18,22,23,22,21,20,17,12,11,9,5,1,0,0,0,,4294,41,313,2297,1009,434,200
769,Woodford,Nov-17, ,0,0,0,0,0,0,0,0,0,0,0,0,6,6,1,2,5,8,11,12,13,20,29,30,25,25,34,36,34,30,34,35,38,37,43,45,48,48,54,60,69,70,75,83,90,88,100,110,104,92,99,112,120,114,107,107,126,140,139,139,145,157,160,163,153,150,146,143,133,116,111,111,120,109,103,88,75,69,72,74,75,75,81,80,84,85,93,83,83,69,57,45,47,49,32,12,,6301,51,345,1913,1761,1181,1050
771,Woodside Park,Nov-17, ,0,0,0,0,0,0,0,0,0,0,0,0,0,1,1,0,1,2,5,7,10,14,12,9,8,11,15,16,18,19,18,10,12,16,22,23,18,17,15,29,34,33,38,48,48,43,46,50,52,55,40,43,58,60,60,64,64,59,72,80,65,87,95,105,79,102,93,98,69,83,93,85,63,65,80,71,63,57,51,57,64,62,55,62,63,71,71,76,78,80,67,40,20,7,5,2,,3760,17,160,924,999,837,823
,Total,,,0,0,0,0,0,0,0,0,0,0,0,2,1717,1961,2754,3742,4831,6942,10291,13420,16240,20132,23194,22039,19125,19701,24033,26171,26652,28747,34717,37589,37168,36982,40669,43110,42997,43858,47725,50540,50755,50868,53324,56008,56571,57579,59353,59889,57691,55947,56029,56673,55694,55485,56482,56784,55837,56554,58744,60033,60233,62661,65937,66890,65057,63381,62905,61832,58753,54596,51311,48299,44363,40983,38292,35675,32833,31037,29904,28927,28627,29922,31631,32058,30901,29895,29046,27004,23707,20182,16824,13293,10095,8163,6284,4597,,3159447,,,,,,